     shots,    errors,  discards, seconds,decoder,strong_id,json_metadata,custom_counts
      3345,        11,         0,   0.016,pymatching,13b5c0955ded0ab3297d3cc2d7549bbcf8b6e02f58713fea5ccca1e6d77bdef2,"{""basis"":""x"",""d"":3,""p"":0.002,""rounds"":3}",
      7441,       100,         0,   0.015,pymatching,5a2f33b45e5423d18e5b06eded47f7fbad09387b1b0193ba5cdc51f70909e378,"{""basis"":""x"",""d"":3,""p"":0.004,""rounds"":3}",
     19456,        66,         0,   0.011,pymatching,13b5c0955ded0ab3297d3cc2d7549bbcf8b6e02f58713fea5ccca1e6d77bdef2,"{""basis"":""x"",""d"":3,""p"":0.002,""rounds"":3}",
         1,         0,         0,   0.012,pymatching-correlated,6609c392761a4477a0db6a3fda9200d15dea1f64d4476d68f83f3fc9978090b0,"{""basis"":""x"",""d"":3,""p"":0.004,""rounds"":3}",
      4096,        52,         0,   0.019,pymatching,5a2f33b45e5423d18e5b06eded47f7fbad09387b1b0193ba5cdc51f70909e378,"{""basis"":""x"",""d"":3,""p"":0.004,""rounds"":3}",
     24576,        83,         0,   0.017,pymatching,13b5c0955ded0ab3297d3cc2d7549bbcf8b6e02f58713fea5ccca1e6d77bdef2,"{""basis"":""x"",""d"":3,""p"":0.002,""rounds"":3}",
      5392,        73,         0,   0.020,pymatching-correlated,6609c392761a4477a0db6a3fda9200d15dea1f64d4476d68f83f3fc9978090b0,"{""basis"":""x"",""d"":3,""p"":0.004,""rounds"":3}",
      4096,        75,         0,   0.023,pymatching,5a2f33b45e5423d18e5b06eded47f7fbad09387b1b0193ba5cdc51f70909e378,"{""basis"":""x"",""d"":3,""p"":0.004,""rounds"":3}",
     33792,       119,         0,   0.023,pymatching,13b5c0955ded0ab3297d3cc2d7549bbcf8b6e02f58713fea5ccca1e6d77bdef2,"{""basis"":""x"",""d"":3,""p"":0.002,""rounds"":3}",
      3072,        38,         0,   0.025,pymatching-correlated,6609c392761a4477a0db6a3fda9200d15dea1f64d4476d68f83f3fc9978090b0,"{""basis"":""x"",""d"":3,""p"":0.004,""rounds"":3}",
      6144,        83,         0,   0.027,pymatching,5a2f33b45e5423d18e5b06eded47f7fbad09387b1b0193ba5cdc51f70909e378,"{""basis"":""x"",""d"":3,""p"":0.004,""rounds"":3}",
         1,         0,         0,   0.048,pymatching-correlated,9e2452d0bfb0083c31a35e02e12605ac6a3e51da246f594e1a1ea20e68852a5c,"{""basis"":""x"",""d"":5,""p"":0.002,""rounds"":5}",
      2048,        28,         0,   0.036,pymatching-correlated,6609c392761a4477a0db6a3fda9200d15dea1f64d4476d68f83f3fc9978090b0,"{""basis"":""x"",""d"":3,""p"":0.004,""rounds"":3}",
     29696,        99,         0,   0.041,pymatching,13b5c0955ded0ab3297d3cc2d7549bbcf8b6e02f58713fea5ccca1e6d77bdef2,"{""basis"":""x"",""d"":3,""p"":0.002,""rounds"":3}",
      8192,       111,         0,   0.019,pymatching,5a2f33b45e5423d18e5b06eded47f7fbad09387b1b0193ba5cdc51f70909e378,"{""basis"":""x"",""d"":3,""p"":0.004,""rounds"":3}",
      1160,         4,         0,   0.041,pymatching-correlated,9e2452d0bfb0083c31a35e02e12605ac6a3e51da246f594e1a1ea20e68852a5c,"{""basis"":""x"",""d"":5,""p"":0.002,""rounds"":5}",
         1,         0,         0,   0.087,pymatching,3a63d55b16ea8cbfe239c49b90eacb08e8e1d02aad018adaf0ca944f6dfb1357,"{""basis"":""x"",""d"":5,""p"":0.004,""rounds"":5}",
         1,         0,         0,   0.141,bp_osd,90398baf398ad97eea4123916adefc62b5d77cf2ad7d080c13d43cd709fc2415,"{""basis"":""x"",""d"":3,""p"":0.004,""rounds"":3}",
      4096,        49,         0,   0.051,pymatching-correlated,6609c392761a4477a0db6a3fda9200d15dea1f64d4476d68f83f3fc9978090b0,"{""basis"":""x"",""d"":3,""p"":0.004,""rounds"":3}",
      1024,         1,         0,   0.033,pymatching-correlated,9e2452d0bfb0083c31a35e02e12605ac6a3e51da246f594e1a1ea20e68852a5c,"{""basis"":""x"",""d"":5,""p"":0.002,""rounds"":5}",
     18432,        70,         0,   0.057,pymatching,13b5c0955ded0ab3297d3cc2d7549bbcf8b6e02f58713fea5ccca1e6d77bdef2,"{""basis"":""x"",""d"":3,""p"":0.002,""rounds"":3}",
      1092,        15,         0,   0.027,pymatching,3a63d55b16ea8cbfe239c49b90eacb08e8e1d02aad018adaf0ca944f6dfb1357,"{""basis"":""x"",""d"":5,""p"":0.004,""rounds"":5}",
      8192,        89,         0,   0.043,pymatching,5a2f33b45e5423d18e5b06eded47f7fbad09387b1b0193ba5cdc51f70909e378,"{""basis"":""x"",""d"":3,""p"":0.004,""rounds"":3}",
         1,         0,         0,   0.172,belief_find,68b106f4784274ace44e0db862ccd504ac407090e64b5336e359c480e5b3a524,"{""basis"":""x"",""d"":3,""p"":0.004,""rounds"":3}",
         1,         0,         0,   0.024,pymatching,15fb85d7d630249586613929c4169152d0e88255df56ce92e0dfa3a5be984165,"{""basis"":""x"",""d"":5,""p"":0.002,""rounds"":5}",
      1024,        10,         0,   0.020,pymatching,3a63d55b16ea8cbfe239c49b90eacb08e8e1d02aad018adaf0ca944f6dfb1357,"{""basis"":""x"",""d"":5,""p"":0.004,""rounds"":5}",
     18432,        56,         0,   0.019,pymatching,13b5c0955ded0ab3297d3cc2d7549bbcf8b6e02f58713fea5ccca1e6d77bdef2,"{""basis"":""x"",""d"":3,""p"":0.002,""rounds"":3}",
      1296,         1,         0,   0.017,pymatching,15fb85d7d630249586613929c4169152d0e88255df56ce92e0dfa3a5be984165,"{""basis"":""x"",""d"":5,""p"":0.002,""rounds"":5}",
      5120,        59,         0,   0.048,pymatching-correlated,6609c392761a4477a0db6a3fda9200d15dea1f64d4476d68f83f3fc9978090b0,"{""basis"":""x"",""d"":3,""p"":0.004,""rounds"":3}",
         1,         0,         0,   0.118,bp_osd,ed968c388b1c4e1b1aa25213fc01cb94dd7f8cfb1bc5a7bbfe65dc3f985d549c,"{""basis"":""x"",""d"":3,""p"":0.002,""rounds"":3}",
      2048,         0,         0,   0.047,pymatching-correlated,9e2452d0bfb0083c31a35e02e12605ac6a3e51da246f594e1a1ea20e68852a5c,"{""basis"":""x"",""d"":5,""p"":0.002,""rounds"":5}",
         1,         0,         0,   0.187,belief_find,b0ba6ff4e7d908c841df926c53593f09702fba5264c2230f8355fb9e8a320248,"{""basis"":""x"",""d"":3,""p"":0.002,""rounds"":3}",
         1,         0,         0,   0.039,pymatching,211037a20246bab0b185c4313d215d4231816cf7c92981f811223783cbc23684,"{""basis"":""x"",""d"":7,""p"":0.002,""rounds"":7}",
      6144,         3,         0,   0.021,pymatching,15fb85d7d630249586613929c4169152d0e88255df56ce92e0dfa3a5be984165,"{""basis"":""x"",""d"":5,""p"":0.002,""rounds"":5}",
      2048,        19,         0,   0.037,pymatching,3a63d55b16ea8cbfe239c49b90eacb08e8e1d02aad018adaf0ca944f6dfb1357,"{""basis"":""x"",""d"":5,""p"":0.004,""rounds"":5}",
         4,         0,         0,   0.098,bp_osd,90398baf398ad97eea4123916adefc62b5d77cf2ad7d080c13d43cd709fc2415,"{""basis"":""x"",""d"":3,""p"":0.004,""rounds"":3}",
      2048,         1,         0,   0.038,pymatching-correlated,9e2452d0bfb0083c31a35e02e12605ac6a3e51da246f594e1a1ea20e68852a5c,"{""basis"":""x"",""d"":5,""p"":0.002,""rounds"":5}",
      5120,         4,         0,   0.028,pymatching,15fb85d7d630249586613929c4169152d0e88255df56ce92e0dfa3a5be984165,"{""basis"":""x"",""d"":5,""p"":0.002,""rounds"":5}",
      1160,         1,         0,   0.041,pymatching,211037a20246bab0b185c4313d215d4231816cf7c92981f811223783cbc23684,"{""basis"":""x"",""d"":7,""p"":0.002,""rounds"":7}",
         2,         0,         0,   0.088,belief_find,68b106f4784274ace44e0db862ccd504ac407090e64b5336e359c480e5b3a524,"{""basis"":""x"",""d"":3,""p"":0.004,""rounds"":3}",
     11264,       142,         0,   0.073,pymatching-correlated,6609c392761a4477a0db6a3fda9200d15dea1f64d4476d68f83f3fc9978090b0,"{""basis"":""x"",""d"":3,""p"":0.004,""rounds"":3}",
      3072,        31,         0,   0.059,pymatching,3a63d55b16ea8cbfe239c49b90eacb08e8e1d02aad018adaf0ca944f6dfb1357,"{""basis"":""x"",""d"":5,""p"":0.004,""rounds"":5}",
         4,         0,         0,   0.079,bp_osd,ed968c388b1c4e1b1aa25213fc01cb94dd7f8cfb1bc5a7bbfe65dc3f985d549c,"{""basis"":""x"",""d"":3,""p"":0.002,""rounds"":3}",
      1024,         1,         0,   0.038,pymatching,211037a20246bab0b185c4313d215d4231816cf7c92981f811223783cbc23684,"{""basis"":""x"",""d"":7,""p"":0.002,""rounds"":7}",
         2,         0,         0,   0.085,belief_find,b0ba6ff4e7d908c841df926c53593f09702fba5264c2230f8355fb9e8a320248,"{""basis"":""x"",""d"":3,""p"":0.002,""rounds"":3}",
      5120,         2,         0,   0.045,pymatching,15fb85d7d630249586613929c4169152d0e88255df56ce92e0dfa3a5be984165,"{""basis"":""x"",""d"":5,""p"":0.002,""rounds"":5}",
         1,         0,         0,   0.248,pymatching-correlated,5e38dcde9d97b9dd87046538f788995e2358af4ce171d2d665b25ea66b233635,"{""basis"":""x"",""d"":3,""p"":0.002,""rounds"":3}",
      2048,         1,         0,   0.054,pymatching-correlated,9e2452d0bfb0083c31a35e02e12605ac6a3e51da246f594e1a1ea20e68852a5c,"{""basis"":""x"",""d"":5,""p"":0.002,""rounds"":5}",
         1,         0,         0,   0.272,pymatching-correlated,62a0582564d898be2e5efe1d5dc3d0322fc75b0e9a5b9534566a2fbe2b93499c,"{""basis"":""x"",""d"":5,""p"":0.004,""rounds"":5}",
      9216,       119,         0,   0.047,pymatching-correlated,6609c392761a4477a0db6a3fda9200d15dea1f64d4476d68f83f3fc9978090b0,"{""basis"":""x"",""d"":3,""p"":0.004,""rounds"":3}",
      3618,        13,         0,   0.023,pymatching-correlated,5e38dcde9d97b9dd87046538f788995e2358af4ce171d2d665b25ea66b233635,"{""basis"":""x"",""d"":3,""p"":0.002,""rounds"":3}",
      1024,         0,         0,   0.036,pymatching,211037a20246bab0b185c4313d215d4231816cf7c92981f811223783cbc23684,"{""basis"":""x"",""d"":7,""p"":0.002,""rounds"":7}",
         1,         0,         0,   0.259,bp_osd,1da0e12676298acb068722f0806e2392354cf9f83bb925f4e526b6dbabd44b9f,"{""basis"":""x"",""d"":5,""p"":0.002,""rounds"":5}",
      1297,        30,         0,   0.020,pymatching,39e851e1bfc2a047bf4bcfc867945ca801621605062613c95bc93c8f1c222300,"{""basis"":""x"",""d"":3,""p"":0.006,""rounds"":3}",
        16,         0,         0,   0.096,bp_osd,90398baf398ad97eea4123916adefc62b5d77cf2ad7d080c13d43cd709fc2415,"{""basis"":""x"",""d"":3,""p"":0.004,""rounds"":3}",
      2048,        13,         0,   0.046,pymatching,3a63d55b16ea8cbfe239c49b90eacb08e8e1d02aad018adaf0ca944f6dfb1357,"{""basis"":""x"",""d"":5,""p"":0.004,""rounds"":5}",
      5120,        14,         0,   0.026,pymatching-correlated,5e38dcde9d97b9dd87046538f788995e2358af4ce171d2d665b25ea66b233635,"{""basis"":""x"",""d"":3,""p"":0.002,""rounds"":3}",
      4096,       108,         0,   0.024,pymatching,39e851e1bfc2a047bf4bcfc867945ca801621605062613c95bc93c8f1c222300,"{""basis"":""x"",""d"":3,""p"":0.006,""rounds"":3}",
       546,         7,         0,   0.029,pymatching-correlated,62a0582564d898be2e5efe1d5dc3d0322fc75b0e9a5b9534566a2fbe2b93499c,"{""basis"":""x"",""d"":5,""p"":0.004,""rounds"":5}",
         1,         0,         0,   0.123,pymatching-correlated,8d31a5af7e47a29552746161a7872447a9c481206e8d6cc8a2df594c77d0c0d3,"{""basis"":""x"",""d"":7,""p"":0.002,""rounds"":7}",
      5120,         7,         0,   0.060,pymatching,15fb85d7d630249586613929c4169152d0e88255df56ce92e0dfa3a5be984165,"{""basis"":""x"",""d"":5,""p"":0.002,""rounds"":5}",
      3072,        71,         0,   0.020,pymatching,39e851e1bfc2a047bf4bcfc867945ca801621605062613c95bc93c8f1c222300,"{""basis"":""x"",""d"":3,""p"":0.006,""rounds"":3}",
         1,         0,         0,   0.053,pymatching,609a63ff458140a138689d5fa6837d83a6ff73dc00ada72aa725c57c1a64b6f5,"{""basis"":""x"",""d"":7,""p"":0.004,""rounds"":7}",
      6144,        15,         0,   0.032,pymatching-correlated,5e38dcde9d97b9dd87046538f788995e2358af4ce171d2d665b25ea66b233635,"{""basis"":""x"",""d"":3,""p"":0.002,""rounds"":3}",
      2048,         0,         0,   0.069,pymatching,211037a20246bab0b185c4313d215d4231816cf7c92981f811223783cbc23684,"{""basis"":""x"",""d"":7,""p"":0.002,""rounds"":7}",
         8,         0,         0,   0.128,belief_find,68b106f4784274ace44e0db862ccd504ac407090e64b5336e359c480e5b3a524,"{""basis"":""x"",""d"":3,""p"":0.004,""rounds"":3}",
      3072,         3,         0,   0.086,pymatching-correlated,9e2452d0bfb0083c31a35e02e12605ac6a3e51da246f594e1a1ea20e68852a5c,"{""basis"":""x"",""d"":5,""p"":0.002,""rounds"":5}",
      3072,        78,         0,   0.032,pymatching,39e851e1bfc2a047bf4bcfc867945ca801621605062613c95bc93c8f1c222300,"{""basis"":""x"",""d"":3,""p"":0.006,""rounds"":3}",
      8192,        86,         0,   0.074,pymatching,3a63d55b16ea8cbfe239c49b90eacb08e8e1d02aad018adaf0ca944f6dfb1357,"{""basis"":""x"",""d"":5,""p"":0.004,""rounds"":5}",
      1024,         5,         0,   0.061,pymatching-correlated,62a0582564d898be2e5efe1d5dc3d0322fc75b0e9a5b9534566a2fbe2b93499c,"{""basis"":""x"",""d"":5,""p"":0.004,""rounds"":5}",
      8192,        31,         0,   0.037,pymatching-correlated,5e38dcde9d97b9dd87046538f788995e2358af4ce171d2d665b25ea66b233635,"{""basis"":""x"",""d"":3,""p"":0.002,""rounds"":3}",
         8,         0,         0,   0.142,belief_find,b0ba6ff4e7d908c841df926c53593f09702fba5264c2230f8355fb9e8a320248,"{""basis"":""x"",""d"":3,""p"":0.002,""rounds"":3}",
         1,         0,         0,   0.282,pymatching-correlated,1539299af7a66d73d3ade7580cc0ccde40d86fd949af58973753d32dbb8103d2,"{""basis"":""x"",""d"":7,""p"":0.004,""rounds"":7}",
     10240,         9,         0,   0.076,pymatching,15fb85d7d630249586613929c4169152d0e88255df56ce92e0dfa3a5be984165,"{""basis"":""x"",""d"":5,""p"":0.002,""rounds"":5}",
      1092,         0,         0,   0.084,pymatching-correlated,8d31a5af7e47a29552746161a7872447a9c481206e8d6cc8a2df594c77d0c0d3,"{""basis"":""x"",""d"":7,""p"":0.002,""rounds"":7}",
        16,         0,         0,   0.166,bp_osd,ed968c388b1c4e1b1aa25213fc01cb94dd7f8cfb1bc5a7bbfe65dc3f985d549c,"{""basis"":""x"",""d"":3,""p"":0.002,""rounds"":3}",
      7168,       206,         0,   0.044,pymatching,39e851e1bfc2a047bf4bcfc867945ca801621605062613c95bc93c8f1c222300,"{""basis"":""x"",""d"":3,""p"":0.006,""rounds"":3}",
      1024,        23,         0,   0.001,pymatching,39e851e1bfc2a047bf4bcfc867945ca801621605062613c95bc93c8f1c222300,"{""basis"":""x"",""d"":3,""p"":0.006,""rounds"":3}",
      1160,         7,         0,   0.090,pymatching,609a63ff458140a138689d5fa6837d83a6ff73dc00ada72aa725c57c1a64b6f5,"{""basis"":""x"",""d"":7,""p"":0.004,""rounds"":7}",
         1,         0,         0,   0.352,belief_find,0fb7771dbd9887db4b6fc218263bbd2e3969225adaa47ea7567eb9e8ad439bb6,"{""basis"":""x"",""d"":5,""p"":0.004,""rounds"":5}",
      2048,         0,         0,   0.082,pymatching,211037a20246bab0b185c4313d215d4231816cf7c92981f811223783cbc23684,"{""basis"":""x"",""d"":7,""p"":0.002,""rounds"":7}",
      1024,         9,         0,   0.069,pymatching-correlated,62a0582564d898be2e5efe1d5dc3d0322fc75b0e9a5b9534566a2fbe2b93499c,"{""basis"":""x"",""d"":5,""p"":0.004,""rounds"":5}",
      8192,        29,         0,   0.048,pymatching-correlated,5e38dcde9d97b9dd87046538f788995e2358af4ce171d2d665b25ea66b233635,"{""basis"":""x"",""d"":3,""p"":0.002,""rounds"":3}",
      2321,        54,         0,   0.013,pymatching-correlated,5bf7c2454e60d3197547ba8e56bff188f5a5bf48ef01482b144fb0f8d6475f23,"{""basis"":""x"",""d"":3,""p"":0.006,""rounds"":3}",
      5120,         7,         0,   0.105,pymatching-correlated,9e2452d0bfb0083c31a35e02e12605ac6a3e51da246f594e1a1ea20e68852a5c,"{""basis"":""x"",""d"":5,""p"":0.002,""rounds"":5}",
        32,         0,         0,   0.114,belief_find,68b106f4784274ace44e0db862ccd504ac407090e64b5336e359c480e5b3a524,"{""basis"":""x"",""d"":3,""p"":0.004,""rounds"":3}",
        64,         0,         0,   0.180,bp_osd,90398baf398ad97eea4123916adefc62b5d77cf2ad7d080c13d43cd709fc2415,"{""basis"":""x"",""d"":3,""p"":0.004,""rounds"":3}",
     15360,       123,         0,   0.107,pymatching,3a63d55b16ea8cbfe239c49b90eacb08e8e1d02aad018adaf0ca944f6dfb1357,"{""basis"":""x"",""d"":5,""p"":0.004,""rounds"":5}",
      3072,        78,         0,   0.023,pymatching-correlated,5bf7c2454e60d3197547ba8e56bff188f5a5bf48ef01482b144fb0f8d6475f23,"{""basis"":""x"",""d"":3,""p"":0.006,""rounds"":3}",
      1024,         7,         0,   0.044,pymatching-correlated,62a0582564d898be2e5efe1d5dc3d0322fc75b0e9a5b9534566a2fbe2b93499c,"{""basis"":""x"",""d"":5,""p"":0.004,""rounds"":5}",
      1024,         1,         0,   0.062,pymatching,609a63ff458140a138689d5fa6837d83a6ff73dc00ada72aa725c57c1a64b6f5,"{""basis"":""x"",""d"":7,""p"":0.004,""rounds"":7}",
     12288,        16,         0,   0.082,pymatching,15fb85d7d630249586613929c4169152d0e88255df56ce92e0dfa3a5be984165,"{""basis"":""x"",""d"":5,""p"":0.002,""rounds"":5}",
         1,         0,         0,   0.062,pymatching,4411aa2b75799e06e98b76225c85f1c6356ae13a44e920c8fd1f1399c8b75f6e,"{""basis"":""x"",""d"":9,""p"":0.002,""rounds"":9}",
       546,         0,         0,   0.109,pymatching-correlated,1539299af7a66d73d3ade7580cc0ccde40d86fd949af58973753d32dbb8103d2,"{""basis"":""x"",""d"":7,""p"":0.004,""rounds"":7}",
      1024,        25,         0,   0.036,pymatching-correlated,5bf7c2454e60d3197547ba8e56bff188f5a5bf48ef01482b144fb0f8d6475f23,"{""basis"":""x"",""d"":3,""p"":0.006,""rounds"":3}",
      1024,         0,         0,   0.118,pymatching-correlated,8d31a5af7e47a29552746161a7872447a9c481206e8d6cc8a2df594c77d0c0d3,"{""basis"":""x"",""d"":7,""p"":0.002,""rounds"":7}",
      2048,         1,         0,   0.078,pymatching,211037a20246bab0b185c4313d215d4231816cf7c92981f811223783cbc23684,"{""basis"":""x"",""d"":7,""p"":0.002,""rounds"":7}",
     51200,       160,         0,   0.070,pymatching-correlated,5e38dcde9d97b9dd87046538f788995e2358af4ce171d2d665b25ea66b233635,"{""basis"":""x"",""d"":3,""p"":0.002,""rounds"":3}",
      3072,        20,         0,   0.060,pymatching-correlated,62a0582564d898be2e5efe1d5dc3d0322fc75b0e9a5b9534566a2fbe2b93499c,"{""basis"":""x"",""d"":5,""p"":0.004,""rounds"":5}",
      1024,         0,         0,   0.033,pymatching-correlated,8d31a5af7e47a29552746161a7872447a9c481206e8d6cc8a2df594c77d0c0d3,"{""basis"":""x"",""d"":7,""p"":0.002,""rounds"":7}",
        32,         0,         0,   0.160,belief_find,b0ba6ff4e7d908c841df926c53593f09702fba5264c2230f8355fb9e8a320248,"{""basis"":""x"",""d"":3,""p"":0.002,""rounds"":3}",
      3072,        68,         0,   0.036,pymatching-correlated,5bf7c2454e60d3197547ba8e56bff188f5a5bf48ef01482b144fb0f8d6475f23,"{""basis"":""x"",""d"":3,""p"":0.006,""rounds"":3}",
         1,         0,         0,   0.131,pymatching,4e405887ea3578b2eae7f24690a14f5dd9ef3411df5a426ca7be3a2cb0a94dd0,"{""basis"":""x"",""d"":9,""p"":0.004,""rounds"":9}",
        32,         0,         0,   0.173,bp_osd,ed968c388b1c4e1b1aa25213fc01cb94dd7f8cfb1bc5a7bbfe65dc3f985d549c,"{""basis"":""x"",""d"":3,""p"":0.002,""rounds"":3}",
      1024,         7,         0,   0.091,pymatching,609a63ff458140a138689d5fa6837d83a6ff73dc00ada72aa725c57c1a64b6f5,"{""basis"":""x"",""d"":7,""p"":0.004,""rounds"":7}",
      1024,         4,         0,   0.075,pymatching-correlated,1539299af7a66d73d3ade7580cc0ccde40d86fd949af58973753d32dbb8103d2,"{""basis"":""x"",""d"":7,""p"":0.004,""rounds"":7}",
        68,         0,         0,   0.024,pymatching,4e405887ea3578b2eae7f24690a14f5dd9ef3411df5a426ca7be3a2cb0a94dd0,"{""basis"":""x"",""d"":9,""p"":0.004,""rounds"":9}",
         2,         0,         0,   0.307,bp_osd,1da0e12676298acb068722f0806e2392354cf9f83bb925f4e526b6dbabd44b9f,"{""basis"":""x"",""d"":5,""p"":0.002,""rounds"":5}",
      1160,         0,         0,   0.095,pymatching,4411aa2b75799e06e98b76225c85f1c6356ae13a44e920c8fd1f1399c8b75f6e,"{""basis"":""x"",""d"":9,""p"":0.002,""rounds"":9}",
      2048,         0,         0,   0.056,pymatching-correlated,8d31a5af7e47a29552746161a7872447a9c481206e8d6cc8a2df594c77d0c0d3,"{""basis"":""x"",""d"":7,""p"":0.002,""rounds"":7}",
      8192,         8,         0,   0.146,pymatching-correlated,9e2452d0bfb0083c31a35e02e12605ac6a3e51da246f594e1a1ea20e68852a5c,"{""basis"":""x"",""d"":5,""p"":0.002,""rounds"":5}",
      1024,         0,         0,   0.023,pymatching,4411aa2b75799e06e98b76225c85f1c6356ae13a44e920c8fd1f1399c8b75f6e,"{""basis"":""x"",""d"":9,""p"":0.002,""rounds"":9}",
      4096,       112,         0,   0.051,pymatching-correlated,5bf7c2454e60d3197547ba8e56bff188f5a5bf48ef01482b144fb0f8d6475f23,"{""basis"":""x"",""d"":3,""p"":0.006,""rounds"":3}",
     18432,        70,         0,   0.106,pymatching-correlated,5e38dcde9d97b9dd87046538f788995e2358af4ce171d2d665b25ea66b233635,"{""basis"":""x"",""d"":3,""p"":0.002,""rounds"":3}",
      3072,        12,         0,   0.098,pymatching-correlated,62a0582564d898be2e5efe1d5dc3d0322fc75b0e9a5b9534566a2fbe2b93499c,"{""basis"":""x"",""d"":5,""p"":0.004,""rounds"":5}",
     18432,       151,         0,   0.164,pymatching,3a63d55b16ea8cbfe239c49b90eacb08e8e1d02aad018adaf0ca944f6dfb1357,"{""basis"":""x"",""d"":5,""p"":0.004,""rounds"":5}",
       128,         3,         0,   0.181,belief_find,68b106f4784274ace44e0db862ccd504ac407090e64b5336e359c480e5b3a524,"{""basis"":""x"",""d"":3,""p"":0.004,""rounds"":3}",
       128,         0,         0,   0.179,bp_osd,90398baf398ad97eea4123916adefc62b5d77cf2ad7d080c13d43cd709fc2415,"{""basis"":""x"",""d"":3,""p"":0.004,""rounds"":3}",
      1024,         0,         0,   0.038,pymatching,4411aa2b75799e06e98b76225c85f1c6356ae13a44e920c8fd1f1399c8b75f6e,"{""basis"":""x"",""d"":9,""p"":0.002,""rounds"":9}",
      4096,         1,         0,   0.137,pymatching,211037a20246bab0b185c4313d215d4231816cf7c92981f811223783cbc23684,"{""basis"":""x"",""d"":7,""p"":0.002,""rounds"":7}",
     11264,        16,         0,   0.170,pymatching,15fb85d7d630249586613929c4169152d0e88255df56ce92e0dfa3a5be984165,"{""basis"":""x"",""d"":5,""p"":0.002,""rounds"":5}",
      4096,        97,         0,   0.031,pymatching-correlated,5bf7c2454e60d3197547ba8e56bff188f5a5bf48ef01482b144fb0f8d6475f23,"{""basis"":""x"",""d"":3,""p"":0.006,""rounds"":3}",
      1024,         4,         0,   0.113,pymatching,609a63ff458140a138689d5fa6837d83a6ff73dc00ada72aa725c57c1a64b6f5,"{""basis"":""x"",""d"":7,""p"":0.004,""rounds"":7}",
      3072,        76,         0,   0.049,pymatching-correlated,5bf7c2454e60d3197547ba8e56bff188f5a5bf48ef01482b144fb0f8d6475f23,"{""basis"":""x"",""d"":3,""p"":0.006,""rounds"":3}",
      6144,        55,         0,   0.087,pymatching,3a63d55b16ea8cbfe239c49b90eacb08e8e1d02aad018adaf0ca944f6dfb1357,"{""basis"":""x"",""d"":5,""p"":0.004,""rounds"":5}",
      3072,         1,         0,   0.129,pymatching-correlated,8d31a5af7e47a29552746161a7872447a9c481206e8d6cc8a2df594c77d0c0d3,"{""basis"":""x"",""d"":7,""p"":0.002,""rounds"":7}",
      1024,         0,         0,   0.053,pymatching,4411aa2b75799e06e98b76225c85f1c6356ae13a44e920c8fd1f1399c8b75f6e,"{""basis"":""x"",""d"":9,""p"":0.002,""rounds"":9}",
        64,         1,         0,   0.154,bp_osd,ed968c388b1c4e1b1aa25213fc01cb94dd7f8cfb1bc5a7bbfe65dc3f985d549c,"{""basis"":""x"",""d"":3,""p"":0.002,""rounds"":3}",
         1,         0,         0,   0.600,pymatching-correlated,bb744af68fda44142af07cbe5a2c9da6ee75743e8c1493b26d37336f89af963d,"{""basis"":""x"",""d"":9,""p"":0.004,""rounds"":9}",
         1,         0,         0,   0.711,belief_find,fb346a467f737aabcb9aba63dd7faf2005530c4b22c77f1d00dacd3a7873437a,"{""basis"":""x"",""d"":5,""p"":0.002,""rounds"":5}",
      2048,        15,         0,   0.093,pymatching-correlated,62a0582564d898be2e5efe1d5dc3d0322fc75b0e9a5b9534566a2fbe2b93499c,"{""basis"":""x"",""d"":5,""p"":0.004,""rounds"":5}",
      1024,         5,         0,   0.184,pymatching-correlated,1539299af7a66d73d3ade7580cc0ccde40d86fd949af58973753d32dbb8103d2,"{""basis"":""x"",""d"":7,""p"":0.004,""rounds"":7}",
        64,         0,         0,   0.219,belief_find,b0ba6ff4e7d908c841df926c53593f09702fba5264c2230f8355fb9e8a320248,"{""basis"":""x"",""d"":3,""p"":0.002,""rounds"":3}",
         1,         0,         0,   0.703,bp_osd,eadd520de7a8aab6cc9278546305b2159b96f6aa8193b0f38bcac88a86353a49,"{""basis"":""x"",""d"":5,""p"":0.004,""rounds"":5}",
      1024,         7,         0,   0.086,pymatching,609a63ff458140a138689d5fa6837d83a6ff73dc00ada72aa725c57c1a64b6f5,"{""basis"":""x"",""d"":7,""p"":0.004,""rounds"":7}",
         1,         0,         0,   0.000,pymatching-correlated,bb744af68fda44142af07cbe5a2c9da6ee75743e8c1493b26d37336f89af963d,"{""basis"":""x"",""d"":9,""p"":0.004,""rounds"":9}",
         1,         0,         0,   0.607,pymatching-correlated,8cb7d484f825de4c869aa5721e37ea761242e75cdf343284f92f182763d73a30,"{""basis"":""x"",""d"":9,""p"":0.002,""rounds"":9}",
     22528,        81,         0,   0.112,pymatching-correlated,5e38dcde9d97b9dd87046538f788995e2358af4ce171d2d665b25ea66b233635,"{""basis"":""x"",""d"":3,""p"":0.002,""rounds"":3}",
      1024,         0,         0,   0.061,pymatching,4411aa2b75799e06e98b76225c85f1c6356ae13a44e920c8fd1f1399c8b75f6e,"{""basis"":""x"",""d"":9,""p"":0.002,""rounds"":9}",
         1,         0,         0,   0.000,pymatching-correlated,8cb7d484f825de4c869aa5721e37ea761242e75cdf343284f92f182763d73a30,"{""basis"":""x"",""d"":9,""p"":0.002,""rounds"":9}",
        16,         0,         0,   0.003,pymatching-correlated,bb744af68fda44142af07cbe5a2c9da6ee75743e8c1493b26d37336f89af963d,"{""basis"":""x"",""d"":9,""p"":0.004,""rounds"":9}",
      1024,         5,         0,   0.221,pymatching,4e405887ea3578b2eae7f24690a14f5dd9ef3411df5a426ca7be3a2cb0a94dd0,"{""basis"":""x"",""d"":9,""p"":0.004,""rounds"":9}",
     21504,        19,         0,   0.207,pymatching-correlated,9e2452d0bfb0083c31a35e02e12605ac6a3e51da246f594e1a1ea20e68852a5c,"{""basis"":""x"",""d"":5,""p"":0.002,""rounds"":5}",
      1024,         0,         0,   0.088,pymatching-correlated,8d31a5af7e47a29552746161a7872447a9c481206e8d6cc8a2df594c77d0c0d3,"{""basis"":""x"",""d"":7,""p"":0.002,""rounds"":7}",
      1024,         1,         0,   0.056,pymatching,609a63ff458140a138689d5fa6837d83a6ff73dc00ada72aa725c57c1a64b6f5,"{""basis"":""x"",""d"":7,""p"":0.004,""rounds"":7}",
      8192,         2,         0,   0.179,pymatching,211037a20246bab0b185c4313d215d4231816cf7c92981f811223783cbc23684,"{""basis"":""x"",""d"":7,""p"":0.002,""rounds"":7}",
       272,         0,         0,   0.064,pymatching-correlated,8cb7d484f825de4c869aa5721e37ea761242e75cdf343284f92f182763d73a30,"{""basis"":""x"",""d"":9,""p"":0.002,""rounds"":9}",
      2048,         1,         0,   0.066,pymatching,4411aa2b75799e06e98b76225c85f1c6356ae13a44e920c8fd1f1399c8b75f6e,"{""basis"":""x"",""d"":9,""p"":0.002,""rounds"":9}",
     24576,        27,         0,   0.204,pymatching,15fb85d7d630249586613929c4169152d0e88255df56ce92e0dfa3a5be984165,"{""basis"":""x"",""d"":5,""p"":0.002,""rounds"":5}",
         2,         0,         0,   0.299,bp_osd,1da0e12676298acb068722f0806e2392354cf9f83bb925f4e526b6dbabd44b9f,"{""basis"":""x"",""d"":5,""p"":0.002,""rounds"":5}",
         1,         0,         0,   0.466,belief_find,0fb7771dbd9887db4b6fc218263bbd2e3969225adaa47ea7567eb9e8ad439bb6,"{""basis"":""x"",""d"":5,""p"":0.004,""rounds"":5}",
       256,         7,         0,   0.258,belief_find,68b106f4784274ace44e0db862ccd504ac407090e64b5336e359c480e5b3a524,"{""basis"":""x"",""d"":3,""p"":0.004,""rounds"":3}",
      3072,        13,         0,   0.129,pymatching-correlated,62a0582564d898be2e5efe1d5dc3d0322fc75b0e9a5b9534566a2fbe2b93499c,"{""basis"":""x"",""d"":5,""p"":0.004,""rounds"":5}",
     22528,        88,         0,   0.106,pymatching-correlated,5e38dcde9d97b9dd87046538f788995e2358af4ce171d2d665b25ea66b233635,"{""basis"":""x"",""d"":3,""p"":0.002,""rounds"":3}",
      2048,         0,         0,   0.092,pymatching-correlated,8d31a5af7e47a29552746161a7872447a9c481206e8d6cc8a2df594c77d0c0d3,"{""basis"":""x"",""d"":7,""p"":0.002,""rounds"":7}",
       256,         2,         0,   0.281,bp_osd,90398baf398ad97eea4123916adefc62b5d77cf2ad7d080c13d43cd709fc2415,"{""basis"":""x"",""d"":3,""p"":0.004,""rounds"":3}",
       256,         0,         0,   0.123,pymatching-correlated,bb744af68fda44142af07cbe5a2c9da6ee75743e8c1493b26d37336f89af963d,"{""basis"":""x"",""d"":9,""p"":0.004,""rounds"":9}",
       128,         1,         0,   0.221,bp_osd,ed968c388b1c4e1b1aa25213fc01cb94dd7f8cfb1bc5a7bbfe65dc3f985d549c,"{""basis"":""x"",""d"":3,""p"":0.002,""rounds"":3}",
         1,         0,         0,   0.125,bp_osd,d8b7d14d2cfc9a6d87edd95334d53709b848a6170ecc5955fb9828e3db89a9f3,"{""basis"":""x"",""d"":3,""p"":0.006,""rounds"":3}",
         1,         0,         0,   0.906,belief_find,08c351f14149e77f75508015fc09a988b4c3c6d7829ffc9c3b4f3f80f7e42ed9,"{""basis"":""x"",""d"":7,""p"":0.004,""rounds"":7}",
      1024,         1,         0,   0.216,pymatching-correlated,1539299af7a66d73d3ade7580cc0ccde40d86fd949af58973753d32dbb8103d2,"{""basis"":""x"",""d"":7,""p"":0.004,""rounds"":7}",
       128,         2,         0,   0.238,belief_find,b0ba6ff4e7d908c841df926c53593f09702fba5264c2230f8355fb9e8a320248,"{""basis"":""x"",""d"":3,""p"":0.002,""rounds"":3}",
      1024,         3,         0,   0.196,pymatching,4e405887ea3578b2eae7f24690a14f5dd9ef3411df5a426ca7be3a2cb0a94dd0,"{""basis"":""x"",""d"":9,""p"":0.004,""rounds"":9}",
      3072,        19,         0,   0.179,pymatching,609a63ff458140a138689d5fa6837d83a6ff73dc00ada72aa725c57c1a64b6f5,"{""basis"":""x"",""d"":7,""p"":0.004,""rounds"":7}",
      2048,         1,         0,   0.171,pymatching,4411aa2b75799e06e98b76225c85f1c6356ae13a44e920c8fd1f1399c8b75f6e,"{""basis"":""x"",""d"":9,""p"":0.002,""rounds"":9}",
         1,         0,         0,   0.280,belief_find,fb346a467f737aabcb9aba63dd7faf2005530c4b22c77f1d00dacd3a7873437a,"{""basis"":""x"",""d"":5,""p"":0.002,""rounds"":5}",
      5120,         1,         0,   0.214,pymatching,211037a20246bab0b185c4313d215d4231816cf7c92981f811223783cbc23684,"{""basis"":""x"",""d"":7,""p"":0.002,""rounds"":7}",
         1,         0,         0,   0.926,bp_osd,0e39c1138d6c1114c36527bb081603ff7322700376901eea078c7a4c266aacb7,"{""basis"":""x"",""d"":7,""p"":0.002,""rounds"":7}",
         1,         1,         0,   0.294,bp_osd,eadd520de7a8aab6cc9278546305b2159b96f6aa8193b0f38bcac88a86353a49,"{""basis"":""x"",""d"":5,""p"":0.004,""rounds"":5}",
         4,         0,         0,   0.188,bp_osd,1da0e12676298acb068722f0806e2392354cf9f83bb925f4e526b6dbabd44b9f,"{""basis"":""x"",""d"":5,""p"":0.002,""rounds"":5}",
      4096,        25,         0,   0.189,pymatching-correlated,62a0582564d898be2e5efe1d5dc3d0322fc75b0e9a5b9534566a2fbe2b93499c,"{""basis"":""x"",""d"":5,""p"":0.004,""rounds"":5}",
     11264,        17,         0,   0.287,pymatching-correlated,9e2452d0bfb0083c31a35e02e12605ac6a3e51da246f594e1a1ea20e68852a5c,"{""basis"":""x"",""d"":5,""p"":0.002,""rounds"":5}",
         4,         0,         0,   0.147,bp_osd,d8b7d14d2cfc9a6d87edd95334d53709b848a6170ecc5955fb9828e3db89a9f3,"{""basis"":""x"",""d"":3,""p"":0.006,""rounds"":3}",
      2048,         0,         0,   0.206,pymatching-correlated,8d31a5af7e47a29552746161a7872447a9c481206e8d6cc8a2df594c77d0c0d3,"{""basis"":""x"",""d"":7,""p"":0.002,""rounds"":7}",
      1024,         0,         0,   0.262,pymatching-correlated,8cb7d484f825de4c869aa5721e37ea761242e75cdf343284f92f182763d73a30,"{""basis"":""x"",""d"":9,""p"":0.002,""rounds"":9}",
       256,         0,         0,   0.190,bp_osd,ed968c388b1c4e1b1aa25213fc01cb94dd7f8cfb1bc5a7bbfe65dc3f985d549c,"{""basis"":""x"",""d"":3,""p"":0.002,""rounds"":3}",
     31744,        33,         0,   0.253,pymatching,15fb85d7d630249586613929c4169152d0e88255df56ce92e0dfa3a5be984165,"{""basis"":""x"",""d"":5,""p"":0.002,""rounds"":5}",
      1024,         1,         0,   0.234,pymatching-correlated,bb744af68fda44142af07cbe5a2c9da6ee75743e8c1493b26d37336f89af963d,"{""basis"":""x"",""d"":9,""p"":0.004,""rounds"":9}",
         1,         0,         0,   0.272,belief_find,0fb7771dbd9887db4b6fc218263bbd2e3969225adaa47ea7567eb9e8ad439bb6,"{""basis"":""x"",""d"":5,""p"":0.004,""rounds"":5}",
      1024,         0,         0,   0.201,pymatching-correlated,1539299af7a66d73d3ade7580cc0ccde40d86fd949af58973753d32dbb8103d2,"{""basis"":""x"",""d"":7,""p"":0.004,""rounds"":7}",
      3072,        22,         0,   0.178,pymatching,609a63ff458140a138689d5fa6837d83a6ff73dc00ada72aa725c57c1a64b6f5,"{""basis"":""x"",""d"":7,""p"":0.004,""rounds"":7}",
      1024,         3,         0,   0.185,pymatching,4e405887ea3578b2eae7f24690a14f5dd9ef3411df5a426ca7be3a2cb0a94dd0,"{""basis"":""x"",""d"":9,""p"":0.004,""rounds"":9}",
       512,         5,         0,   0.292,belief_find,68b106f4784274ace44e0db862ccd504ac407090e64b5336e359c480e5b3a524,"{""basis"":""x"",""d"":3,""p"":0.004,""rounds"":3}",
      2048,         0,         0,   0.182,pymatching,4411aa2b75799e06e98b76225c85f1c6356ae13a44e920c8fd1f1399c8b75f6e,"{""basis"":""x"",""d"":9,""p"":0.002,""rounds"":9}",
       256,         2,         0,   0.221,belief_find,b0ba6ff4e7d908c841df926c53593f09702fba5264c2230f8355fb9e8a320248,"{""basis"":""x"",""d"":3,""p"":0.002,""rounds"":3}",
       512,         6,         0,   0.294,bp_osd,90398baf398ad97eea4123916adefc62b5d77cf2ad7d080c13d43cd709fc2415,"{""basis"":""x"",""d"":3,""p"":0.004,""rounds"":3}",
        16,         0,         0,   0.134,bp_osd,d8b7d14d2cfc9a6d87edd95334d53709b848a6170ecc5955fb9828e3db89a9f3,"{""basis"":""x"",""d"":3,""p"":0.006,""rounds"":3}",
      1024,         2,         0,   0.077,pymatching-correlated,1539299af7a66d73d3ade7580cc0ccde40d86fd949af58973753d32dbb8103d2,"{""basis"":""x"",""d"":7,""p"":0.004,""rounds"":7}",
         1,         0,         0,   0.118,belief_find,78819ae3963f810a3418031936d3935349ec02afd13e0b9cdb465507492c7288,"{""basis"":""x"",""d"":3,""p"":0.006,""rounds"":3}",
      1024,         0,         0,   0.212,pymatching-correlated,8cb7d484f825de4c869aa5721e37ea761242e75cdf343284f92f182763d73a30,"{""basis"":""x"",""d"":9,""p"":0.002,""rounds"":9}",
         1,         0,         0,   0.010,pymatching,a0ca7d414f60af0e565bbd2048dd8f6c8613428ff7c9ebaed9c0166e2d8d4d05,"{""basis"":""x"",""d"":5,""p"":0.006,""rounds"":5}",
     10240,         1,         0,   0.294,pymatching,211037a20246bab0b185c4313d215d4231816cf7c92981f811223783cbc23684,"{""basis"":""x"",""d"":7,""p"":0.002,""rounds"":7}",
         1,         0,         0,    1.23,belief_find,d51b11287f46a3bcc136577b149fb14f59784df0ca4f66e423e8124e96cab3be,"{""basis"":""x"",""d"":7,""p"":0.002,""rounds"":7}",
         2,         0,         0,   0.315,belief_find,fb346a467f737aabcb9aba63dd7faf2005530c4b22c77f1d00dacd3a7873437a,"{""basis"":""x"",""d"":5,""p"":0.002,""rounds"":5}",
      3072,         1,         0,   0.261,pymatching-correlated,8d31a5af7e47a29552746161a7872447a9c481206e8d6cc8a2df594c77d0c0d3,"{""basis"":""x"",""d"":7,""p"":0.002,""rounds"":7}",
        64,         1,         0,   0.148,bp_osd,d8b7d14d2cfc9a6d87edd95334d53709b848a6170ecc5955fb9828e3db89a9f3,"{""basis"":""x"",""d"":3,""p"":0.006,""rounds"":3}",
      1296,        27,         0,   0.047,pymatching,a0ca7d414f60af0e565bbd2048dd8f6c8613428ff7c9ebaed9c0166e2d8d4d05,"{""basis"":""x"",""d"":5,""p"":0.006,""rounds"":5}",
      7168,        52,         0,   0.299,pymatching-correlated,62a0582564d898be2e5efe1d5dc3d0322fc75b0e9a5b9534566a2fbe2b93499c,"{""basis"":""x"",""d"":5,""p"":0.004,""rounds"":5}",
         8,         0,         0,   0.316,bp_osd,1da0e12676298acb068722f0806e2392354cf9f83bb925f4e526b6dbabd44b9f,"{""basis"":""x"",""d"":5,""p"":0.002,""rounds"":5}",
      1024,         0,         0,   0.067,pymatching-correlated,8cb7d484f825de4c869aa5721e37ea761242e75cdf343284f92f182763d73a30,"{""basis"":""x"",""d"":9,""p"":0.002,""rounds"":9}",
      3072,        19,         0,   0.234,pymatching,609a63ff458140a138689d5fa6837d83a6ff73dc00ada72aa725c57c1a64b6f5,"{""basis"":""x"",""d"":7,""p"":0.004,""rounds"":7}",
       512,         0,         0,   0.272,bp_osd,ed968c388b1c4e1b1aa25213fc01cb94dd7f8cfb1bc5a7bbfe65dc3f985d549c,"{""basis"":""x"",""d"":3,""p"":0.002,""rounds"":3}",
         4,         0,         0,   0.106,belief_find,78819ae3963f810a3418031936d3935349ec02afd13e0b9cdb465507492c7288,"{""basis"":""x"",""d"":3,""p"":0.006,""rounds"":3}",
      1024,         2,         0,   0.228,pymatching,4e405887ea3578b2eae7f24690a14f5dd9ef3411df5a426ca7be3a2cb0a94dd0,"{""basis"":""x"",""d"":9,""p"":0.004,""rounds"":9}",
      1024,        22,         0,   0.050,pymatching,a0ca7d414f60af0e565bbd2048dd8f6c8613428ff7c9ebaed9c0166e2d8d4d05,"{""basis"":""x"",""d"":5,""p"":0.006,""rounds"":5}",
      1024,         4,         0,   0.280,pymatching-correlated,bb744af68fda44142af07cbe5a2c9da6ee75743e8c1493b26d37336f89af963d,"{""basis"":""x"",""d"":9,""p"":0.004,""rounds"":9}",
         2,         0,         0,   0.290,belief_find,0fb7771dbd9887db4b6fc218263bbd2e3969225adaa47ea7567eb9e8ad439bb6,"{""basis"":""x"",""d"":5,""p"":0.004,""rounds"":5}",
      1024,        25,         0,   0.041,pymatching,a0ca7d414f60af0e565bbd2048dd8f6c8613428ff7c9ebaed9c0166e2d8d4d05,"{""basis"":""x"",""d"":5,""p"":0.006,""rounds"":5}",
      3072,         0,         0,   0.259,pymatching,4411aa2b75799e06e98b76225c85f1c6356ae13a44e920c8fd1f1399c8b75f6e,"{""basis"":""x"",""d"":9,""p"":0.002,""rounds"":9}",
     17408,        18,         0,   0.415,pymatching-correlated,9e2452d0bfb0083c31a35e02e12605ac6a3e51da246f594e1a1ea20e68852a5c,"{""basis"":""x"",""d"":5,""p"":0.002,""rounds"":5}",
      2048,         3,         0,   0.263,pymatching-correlated,1539299af7a66d73d3ade7580cc0ccde40d86fd949af58973753d32dbb8103d2,"{""basis"":""x"",""d"":7,""p"":0.004,""rounds"":7}",
      1024,         0,         0,   0.117,pymatching-correlated,8cb7d484f825de4c869aa5721e37ea761242e75cdf343284f92f182763d73a30,"{""basis"":""x"",""d"":9,""p"":0.002,""rounds"":9}",
      3072,        79,         0,   0.043,pymatching,a0ca7d414f60af0e565bbd2048dd8f6c8613428ff7c9ebaed9c0166e2d8d4d05,"{""basis"":""x"",""d"":5,""p"":0.006,""rounds"":5}",
         2,         0,         0,   0.470,bp_osd,eadd520de7a8aab6cc9278546305b2159b96f6aa8193b0f38bcac88a86353a49,"{""basis"":""x"",""d"":5,""p"":0.004,""rounds"":5}",
         1,         0,         0,   0.013,pymatching-correlated,889874f1853d82b2ceb05f873fd9c00a05d067858623e05621af0f2bda1b8a13,"{""basis"":""x"",""d"":5,""p"":0.006,""rounds"":5}",
       272,         7,         0,   0.031,pymatching-correlated,889874f1853d82b2ceb05f873fd9c00a05d067858623e05621af0f2bda1b8a13,"{""basis"":""x"",""d"":5,""p"":0.006,""rounds"":5}",
     57344,        50,         0,   0.403,pymatching,15fb85d7d630249586613929c4169152d0e88255df56ce92e0dfa3a5be984165,"{""basis"":""x"",""d"":5,""p"":0.002,""rounds"":5}",
        16,         0,         0,   0.188,belief_find,78819ae3963f810a3418031936d3935349ec02afd13e0b9cdb465507492c7288,"{""basis"":""x"",""d"":3,""p"":0.006,""rounds"":3}",
      4096,       111,         0,   0.092,pymatching,a0ca7d414f60af0e565bbd2048dd8f6c8613428ff7c9ebaed9c0166e2d8d4d05,"{""basis"":""x"",""d"":5,""p"":0.006,""rounds"":5}",
       512,         1,         0,   0.407,belief_find,b0ba6ff4e7d908c841df926c53593f09702fba5264c2230f8355fb9e8a320248,"{""basis"":""x"",""d"":3,""p"":0.002,""rounds"":3}",
      1024,         0,         0,   0.232,pymatching,4e405887ea3578b2eae7f24690a14f5dd9ef3411df5a426ca7be3a2cb0a94dd0,"{""basis"":""x"",""d"":9,""p"":0.004,""rounds"":9}",
      1024,         0,         0,   0.149,pymatching-correlated,8cb7d484f825de4c869aa5721e37ea761242e75cdf343284f92f182763d73a30,"{""basis"":""x"",""d"":9,""p"":0.002,""rounds"":9}",
      1024,         1,         0,   0.224,pymatching-correlated,bb744af68fda44142af07cbe5a2c9da6ee75743e8c1493b26d37336f89af963d,"{""basis"":""x"",""d"":9,""p"":0.004,""rounds"":9}",
      1024,        24,         0,   0.110,pymatching-correlated,889874f1853d82b2ceb05f873fd9c00a05d067858623e05621af0f2bda1b8a13,"{""basis"":""x"",""d"":5,""p"":0.006,""rounds"":5}",
     10240,         2,         0,   0.313,pymatching-correlated,8d31a5af7e47a29552746161a7872447a9c481206e8d6cc8a2df594c77d0c0d3,"{""basis"":""x"",""d"":7,""p"":0.002,""rounds"":7}",
      1024,         4,         0,   0.284,bp_osd,ed968c388b1c4e1b1aa25213fc01cb94dd7f8cfb1bc5a7bbfe65dc3f985d549c,"{""basis"":""x"",""d"":3,""p"":0.002,""rounds"":3}",
      2048,        51,         0,   0.093,pymatching,a0ca7d414f60af0e565bbd2048dd8f6c8613428ff7c9ebaed9c0166e2d8d4d05,"{""basis"":""x"",""d"":5,""p"":0.006,""rounds"":5}",
      1024,        14,         0,   0.036,pymatching-correlated,889874f1853d82b2ceb05f873fd9c00a05d067858623e05621af0f2bda1b8a13,"{""basis"":""x"",""d"":5,""p"":0.006,""rounds"":5}",
      4096,        23,         0,   0.311,pymatching,609a63ff458140a138689d5fa6837d83a6ff73dc00ada72aa725c57c1a64b6f5,"{""basis"":""x"",""d"":7,""p"":0.004,""rounds"":7}",
       256,         9,         0,   0.356,bp_osd,d8b7d14d2cfc9a6d87edd95334d53709b848a6170ecc5955fb9828e3db89a9f3,"{""basis"":""x"",""d"":3,""p"":0.006,""rounds"":3}",
     14336,         7,         0,   0.405,pymatching,211037a20246bab0b185c4313d215d4231816cf7c92981f811223783cbc23684,"{""basis"":""x"",""d"":7,""p"":0.002,""rounds"":7}",
      1024,        26,         0,   0.039,pymatching-correlated,889874f1853d82b2ceb05f873fd9c00a05d067858623e05621af0f2bda1b8a13,"{""basis"":""x"",""d"":5,""p"":0.006,""rounds"":5}",
      1024,         7,         0,   0.549,bp_osd,90398baf398ad97eea4123916adefc62b5d77cf2ad7d080c13d43cd709fc2415,"{""basis"":""x"",""d"":3,""p"":0.004,""rounds"":3}",
      1024,        14,         0,   0.585,belief_find,68b106f4784274ace44e0db862ccd504ac407090e64b5336e359c480e5b3a524,"{""basis"":""x"",""d"":3,""p"":0.004,""rounds"":3}",
        32,         1,         0,   0.183,belief_find,78819ae3963f810a3418031936d3935349ec02afd13e0b9cdb465507492c7288,"{""basis"":""x"",""d"":3,""p"":0.006,""rounds"":3}",
      1024,         2,         0,   0.282,pymatching-correlated,1539299af7a66d73d3ade7580cc0ccde40d86fd949af58973753d32dbb8103d2,"{""basis"":""x"",""d"":7,""p"":0.004,""rounds"":7}",
      8192,        58,         0,   0.431,pymatching-correlated,62a0582564d898be2e5efe1d5dc3d0322fc75b0e9a5b9534566a2fbe2b93499c,"{""basis"":""x"",""d"":5,""p"":0.004,""rounds"":5}",
      3072,        80,         0,   0.107,pymatching,a0ca7d414f60af0e565bbd2048dd8f6c8613428ff7c9ebaed9c0166e2d8d4d05,"{""basis"":""x"",""d"":5,""p"":0.006,""rounds"":5}",
         8,         0,         0,   0.432,bp_osd,1da0e12676298acb068722f0806e2392354cf9f83bb925f4e526b6dbabd44b9f,"{""basis"":""x"",""d"":5,""p"":0.002,""rounds"":5}",
      5120,         2,         0,   0.339,pymatching,4411aa2b75799e06e98b76225c85f1c6356ae13a44e920c8fd1f1399c8b75f6e,"{""basis"":""x"",""d"":9,""p"":0.002,""rounds"":9}",
      2048,         1,         0,   0.167,pymatching-correlated,8cb7d484f825de4c869aa5721e37ea761242e75cdf343284f92f182763d73a30,"{""basis"":""x"",""d"":9,""p"":0.002,""rounds"":9}",
      1024,         6,         0,   0.191,pymatching,4e405887ea3578b2eae7f24690a14f5dd9ef3411df5a426ca7be3a2cb0a94dd0,"{""basis"":""x"",""d"":9,""p"":0.004,""rounds"":9}",
         2,         0,         0,   0.512,belief_find,fb346a467f737aabcb9aba63dd7faf2005530c4b22c77f1d00dacd3a7873437a,"{""basis"":""x"",""d"":5,""p"":0.002,""rounds"":5}",
         4,         0,         0,   0.431,belief_find,0fb7771dbd9887db4b6fc218263bbd2e3969225adaa47ea7567eb9e8ad439bb6,"{""basis"":""x"",""d"":5,""p"":0.004,""rounds"":5}",
      3072,        64,         0,   0.158,pymatching-correlated,889874f1853d82b2ceb05f873fd9c00a05d067858623e05621af0f2bda1b8a13,"{""basis"":""x"",""d"":5,""p"":0.006,""rounds"":5}",
         2,         0,         0,   0.418,bp_osd,eadd520de7a8aab6cc9278546305b2159b96f6aa8193b0f38bcac88a86353a49,"{""basis"":""x"",""d"":5,""p"":0.004,""rounds"":5}",
      5120,       133,         0,   0.129,pymatching,a0ca7d414f60af0e565bbd2048dd8f6c8613428ff7c9ebaed9c0166e2d8d4d05,"{""basis"":""x"",""d"":5,""p"":0.006,""rounds"":5}",
        64,         0,         0,   0.193,belief_find,78819ae3963f810a3418031936d3935349ec02afd13e0b9cdb465507492c7288,"{""basis"":""x"",""d"":3,""p"":0.006,""rounds"":3}",
         1,         0,         0,    1.03,belief_find,08c351f14149e77f75508015fc09a988b4c3c6d7829ffc9c3b4f3f80f7e42ed9,"{""basis"":""x"",""d"":7,""p"":0.004,""rounds"":7}",
      1024,         2,         0,   0.161,pymatching,4e405887ea3578b2eae7f24690a14f5dd9ef3411df5a426ca7be3a2cb0a94dd0,"{""basis"":""x"",""d"":9,""p"":0.004,""rounds"":9}",
       256,         9,         0,   0.287,bp_osd,d8b7d14d2cfc9a6d87edd95334d53709b848a6170ecc5955fb9828e3db89a9f3,"{""basis"":""x"",""d"":3,""p"":0.006,""rounds"":3}",
      1024,        26,         0,   0.104,pymatching-correlated,889874f1853d82b2ceb05f873fd9c00a05d067858623e05621af0f2bda1b8a13,"{""basis"":""x"",""d"":5,""p"":0.006,""rounds"":5}",
      1024,         2,         0,   0.231,pymatching-correlated,1539299af7a66d73d3ade7580cc0ccde40d86fd949af58973753d32dbb8103d2,"{""basis"":""x"",""d"":7,""p"":0.004,""rounds"":7}",
      1024,         1,         0,   0.359,pymatching-correlated,bb744af68fda44142af07cbe5a2c9da6ee75743e8c1493b26d37336f89af963d,"{""basis"":""x"",""d"":9,""p"":0.004,""rounds"":9}",
         2,         0,         0,   0.207,belief_find,fb346a467f737aabcb9aba63dd7faf2005530c4b22c77f1d00dacd3a7873437a,"{""basis"":""x"",""d"":5,""p"":0.002,""rounds"":5}",
     23552,        17,         0,   0.540,pymatching-correlated,9e2452d0bfb0083c31a35e02e12605ac6a3e51da246f594e1a1ea20e68852a5c,"{""basis"":""x"",""d"":5,""p"":0.002,""rounds"":5}",
       512,         0,         0,   0.455,belief_find,b0ba6ff4e7d908c841df926c53593f09702fba5264c2230f8355fb9e8a320248,"{""basis"":""x"",""d"":3,""p"":0.002,""rounds"":3}",
         1,         0,         0,    1.05,bp_osd,0e39c1138d6c1114c36527bb081603ff7322700376901eea078c7a4c266aacb7,"{""basis"":""x"",""d"":7,""p"":0.002,""rounds"":7}",
         1,         0,         0,    1.98,bp_osd,bea659dce592d9e7dac18f52c515962b5cbd335311a89f928680c06a69db9fa0,"{""basis"":""x"",""d"":7,""p"":0.004,""rounds"":7}",
      2048,        35,         0,   0.109,pymatching-correlated,889874f1853d82b2ceb05f873fd9c00a05d067858623e05621af0f2bda1b8a13,"{""basis"":""x"",""d"":5,""p"":0.006,""rounds"":5}",
      8192,        32,         0,   0.415,pymatching,609a63ff458140a138689d5fa6837d83a6ff73dc00ada72aa725c57c1a64b6f5,"{""basis"":""x"",""d"":7,""p"":0.004,""rounds"":7}",
     61440,        70,         0,   0.556,pymatching,15fb85d7d630249586613929c4169152d0e88255df56ce92e0dfa3a5be984165,"{""basis"":""x"",""d"":5,""p"":0.002,""rounds"":5}",
      6144,         0,         0,   0.443,pymatching-correlated,8d31a5af7e47a29552746161a7872447a9c481206e8d6cc8a2df594c77d0c0d3,"{""basis"":""x"",""d"":7,""p"":0.002,""rounds"":7}",
      1024,        12,         0,   0.421,bp_osd,90398baf398ad97eea4123916adefc62b5d77cf2ad7d080c13d43cd709fc2415,"{""basis"":""x"",""d"":3,""p"":0.004,""rounds"":3}",
      1024,         3,         0,   0.502,bp_osd,ed968c388b1c4e1b1aa25213fc01cb94dd7f8cfb1bc5a7bbfe65dc3f985d549c,"{""basis"":""x"",""d"":3,""p"":0.002,""rounds"":3}",
       128,         2,         0,   0.217,belief_find,78819ae3963f810a3418031936d3935349ec02afd13e0b9cdb465507492c7288,"{""basis"":""x"",""d"":3,""p"":0.006,""rounds"":3}",
      2048,         0,         0,   0.399,pymatching-correlated,8cb7d484f825de4c869aa5721e37ea761242e75cdf343284f92f182763d73a30,"{""basis"":""x"",""d"":9,""p"":0.002,""rounds"":9}",
     10240,         2,         0,   0.399,pymatching,4411aa2b75799e06e98b76225c85f1c6356ae13a44e920c8fd1f1399c8b75f6e,"{""basis"":""x"",""d"":9,""p"":0.002,""rounds"":9}",
      1024,        10,         0,   0.469,belief_find,68b106f4784274ace44e0db862ccd504ac407090e64b5336e359c480e5b3a524,"{""basis"":""x"",""d"":3,""p"":0.004,""rounds"":3}",
         4,         0,         0,   0.409,belief_find,0fb7771dbd9887db4b6fc218263bbd2e3969225adaa47ea7567eb9e8ad439bb6,"{""basis"":""x"",""d"":5,""p"":0.004,""rounds"":5}",
     23552,         6,         0,   0.557,pymatching,211037a20246bab0b185c4313d215d4231816cf7c92981f811223783cbc23684,"{""basis"":""x"",""d"":7,""p"":0.002,""rounds"":7}",
         2,         0,         0,   0.386,bp_osd,eadd520de7a8aab6cc9278546305b2159b96f6aa8193b0f38bcac88a86353a49,"{""basis"":""x"",""d"":5,""p"":0.004,""rounds"":5}",
         8,         0,         0,   0.513,bp_osd,1da0e12676298acb068722f0806e2392354cf9f83bb925f4e526b6dbabd44b9f,"{""basis"":""x"",""d"":5,""p"":0.002,""rounds"":5}",
      2048,         4,         0,   0.306,pymatching-correlated,1539299af7a66d73d3ade7580cc0ccde40d86fd949af58973753d32dbb8103d2,"{""basis"":""x"",""d"":7,""p"":0.004,""rounds"":7}",
      1024,         1,         0,   0.312,pymatching-correlated,bb744af68fda44142af07cbe5a2c9da6ee75743e8c1493b26d37336f89af963d,"{""basis"":""x"",""d"":9,""p"":0.004,""rounds"":9}",
      3072,        56,         0,   0.211,pymatching-correlated,889874f1853d82b2ceb05f873fd9c00a05d067858623e05621af0f2bda1b8a13,"{""basis"":""x"",""d"":5,""p"":0.006,""rounds"":5}",
      2048,         7,         0,   0.353,pymatching,4e405887ea3578b2eae7f24690a14f5dd9ef3411df5a426ca7be3a2cb0a94dd0,"{""basis"":""x"",""d"":9,""p"":0.004,""rounds"":9}",
       512,         6,         0,   0.371,bp_osd,d8b7d14d2cfc9a6d87edd95334d53709b848a6170ecc5955fb9828e3db89a9f3,"{""basis"":""x"",""d"":3,""p"":0.006,""rounds"":3}",
         4,         0,         0,   0.346,belief_find,fb346a467f737aabcb9aba63dd7faf2005530c4b22c77f1d00dacd3a7873437a,"{""basis"":""x"",""d"":5,""p"":0.002,""rounds"":5}",
      1024,        12,         0,   0.239,bp_osd,90398baf398ad97eea4123916adefc62b5d77cf2ad7d080c13d43cd709fc2415,"{""basis"":""x"",""d"":3,""p"":0.004,""rounds"":3}",
     12288,        77,         0,   0.613,pymatching-correlated,62a0582564d898be2e5efe1d5dc3d0322fc75b0e9a5b9534566a2fbe2b93499c,"{""basis"":""x"",""d"":5,""p"":0.004,""rounds"":5}",
       512,         3,         0,   0.413,belief_find,b0ba6ff4e7d908c841df926c53593f09702fba5264c2230f8355fb9e8a320248,"{""basis"":""x"",""d"":3,""p"":0.002,""rounds"":3}",
       256,         4,         0,   0.322,belief_find,78819ae3963f810a3418031936d3935349ec02afd13e0b9cdb465507492c7288,"{""basis"":""x"",""d"":3,""p"":0.006,""rounds"":3}",
         1,         0,         0,   0.356,bp_osd,0f5fedb62b0fbb8bb5c9aa8da74b33824185b181e70d16c2f975dbf66876e279,"{""basis"":""x"",""d"":5,""p"":0.006,""rounds"":5}",
         2,         0,         0,   0.213,bp_osd,eadd520de7a8aab6cc9278546305b2159b96f6aa8193b0f38bcac88a86353a49,"{""basis"":""x"",""d"":5,""p"":0.004,""rounds"":5}",
      3072,         0,         0,   0.358,pymatching-correlated,8cb7d484f825de4c869aa5721e37ea761242e75cdf343284f92f182763d73a30,"{""basis"":""x"",""d"":9,""p"":0.002,""rounds"":9}",
      6144,       123,         0,   0.264,pymatching-correlated,889874f1853d82b2ceb05f873fd9c00a05d067858623e05621af0f2bda1b8a13,"{""basis"":""x"",""d"":5,""p"":0.006,""rounds"":5}",
         8,         0,         0,   0.296,bp_osd,1da0e12676298acb068722f0806e2392354cf9f83bb925f4e526b6dbabd44b9f,"{""basis"":""x"",""d"":5,""p"":0.002,""rounds"":5}",
         1,         0,         0,    2.43,bp_osd,2d73ea91da0935aeafe2d7ca60ec6f0e9077dde8f43e8ace1585847c2d1cd948,"{""basis"":""x"",""d"":9,""p"":0.002,""rounds"":9}",
      1024,         1,         0,   0.310,pymatching-correlated,bb744af68fda44142af07cbe5a2c9da6ee75743e8c1493b26d37336f89af963d,"{""basis"":""x"",""d"":9,""p"":0.004,""rounds"":9}",
         1,         0,         0,    1.33,belief_find,d51b11287f46a3bcc136577b149fb14f59784df0ca4f66e423e8124e96cab3be,"{""basis"":""x"",""d"":7,""p"":0.002,""rounds"":7}",
     17408,        82,         0,   0.582,pymatching,609a63ff458140a138689d5fa6837d83a6ff73dc00ada72aa725c57c1a64b6f5,"{""basis"":""x"",""d"":7,""p"":0.004,""rounds"":7}",
      6144,         1,         0,   0.558,pymatching-correlated,8d31a5af7e47a29552746161a7872447a9c481206e8d6cc8a2df594c77d0c0d3,"{""basis"":""x"",""d"":7,""p"":0.002,""rounds"":7}",
      1024,         2,         0,   0.531,bp_osd,ed968c388b1c4e1b1aa25213fc01cb94dd7f8cfb1bc5a7bbfe65dc3f985d549c,"{""basis"":""x"",""d"":3,""p"":0.002,""rounds"":3}",
         4,         0,         0,   0.440,belief_find,0fb7771dbd9887db4b6fc218263bbd2e3969225adaa47ea7567eb9e8ad439bb6,"{""basis"":""x"",""d"":5,""p"":0.004,""rounds"":5}",
      2048,         3,         0,   0.364,pymatching,4e405887ea3578b2eae7f24690a14f5dd9ef3411df5a426ca7be3a2cb0a94dd0,"{""basis"":""x"",""d"":9,""p"":0.004,""rounds"":9}",
       512,        21,         0,   0.367,bp_osd,d8b7d14d2cfc9a6d87edd95334d53709b848a6170ecc5955fb9828e3db89a9f3,"{""basis"":""x"",""d"":3,""p"":0.006,""rounds"":3}",
         1,         0,         0,    2.44,belief_find,50286a7a2e3fbed7ea5bbc9c7df22764c3c206917c449a465f94fc1372fb5214,"{""basis"":""x"",""d"":9,""p"":0.002,""rounds"":9}",
      1024,        16,         0,   0.352,bp_osd,90398baf398ad97eea4123916adefc62b5d77cf2ad7d080c13d43cd709fc2415,"{""basis"":""x"",""d"":3,""p"":0.004,""rounds"":3}",
      4096,        10,         0,   0.463,pymatching-correlated,1539299af7a66d73d3ade7580cc0ccde40d86fd949af58973753d32dbb8103d2,"{""basis"":""x"",""d"":7,""p"":0.004,""rounds"":7}",
      1024,        16,         0,   0.554,belief_find,68b106f4784274ace44e0db862ccd504ac407090e64b5336e359c480e5b3a524,"{""basis"":""x"",""d"":3,""p"":0.004,""rounds"":3}",
      8192,         0,         0,   0.574,pymatching,4411aa2b75799e06e98b76225c85f1c6356ae13a44e920c8fd1f1399c8b75f6e,"{""basis"":""x"",""d"":9,""p"":0.002,""rounds"":9}",
       256,         8,         0,   0.309,belief_find,78819ae3963f810a3418031936d3935349ec02afd13e0b9cdb465507492c7288,"{""basis"":""x"",""d"":3,""p"":0.006,""rounds"":3}",
         4,         0,         0,   0.436,belief_find,fb346a467f737aabcb9aba63dd7faf2005530c4b22c77f1d00dacd3a7873437a,"{""basis"":""x"",""d"":5,""p"":0.002,""rounds"":5}",
      6144,       129,         0,   0.274,pymatching-correlated,889874f1853d82b2ceb05f873fd9c00a05d067858623e05621af0f2bda1b8a13,"{""basis"":""x"",""d"":5,""p"":0.006,""rounds"":5}",
     28672,        30,         0,   0.809,pymatching-correlated,9e2452d0bfb0083c31a35e02e12605ac6a3e51da246f594e1a1ea20e68852a5c,"{""basis"":""x"",""d"":5,""p"":0.002,""rounds"":5}",
     69632,        82,         0,   0.752,pymatching,15fb85d7d630249586613929c4169152d0e88255df56ce92e0dfa3a5be984165,"{""basis"":""x"",""d"":5,""p"":0.002,""rounds"":5}",
         4,         0,         0,   0.445,bp_osd,eadd520de7a8aab6cc9278546305b2159b96f6aa8193b0f38bcac88a86353a49,"{""basis"":""x"",""d"":5,""p"":0.004,""rounds"":5}",
      3072,         0,         0,   0.404,pymatching-correlated,8cb7d484f825de4c869aa5721e37ea761242e75cdf343284f92f182763d73a30,"{""basis"":""x"",""d"":9,""p"":0.002,""rounds"":9}",
         1,         0,         0,   0.492,bp_osd,0f5fedb62b0fbb8bb5c9aa8da74b33824185b181e70d16c2f975dbf66876e279,"{""basis"":""x"",""d"":5,""p"":0.006,""rounds"":5}",
        16,         1,         0,   0.451,bp_osd,1da0e12676298acb068722f0806e2392354cf9f83bb925f4e526b6dbabd44b9f,"{""basis"":""x"",""d"":5,""p"":0.002,""rounds"":5}",
         1,         0,         0,    1.10,belief_find,08c351f14149e77f75508015fc09a988b4c3c6d7829ffc9c3b4f3f80f7e42ed9,"{""basis"":""x"",""d"":7,""p"":0.004,""rounds"":7}",
      1536,         4,         0,   0.622,belief_find,b0ba6ff4e7d908c841df926c53593f09702fba5264c2230f8355fb9e8a320248,"{""basis"":""x"",""d"":3,""p"":0.002,""rounds"":3}",
     24576,         6,         0,   0.781,pymatching,211037a20246bab0b185c4313d215d4231816cf7c92981f811223783cbc23684,"{""basis"":""x"",""d"":7,""p"":0.002,""rounds"":7}",
         4,         0,         0,   0.388,belief_find,0fb7771dbd9887db4b6fc218263bbd2e3969225adaa47ea7567eb9e8ad439bb6,"{""basis"":""x"",""d"":5,""p"":0.004,""rounds"":5}",
       512,        10,         0,   0.377,bp_osd,d8b7d14d2cfc9a6d87edd95334d53709b848a6170ecc5955fb9828e3db89a9f3,"{""basis"":""x"",""d"":3,""p"":0.006,""rounds"":3}",
       256,         7,         0,   0.307,belief_find,78819ae3963f810a3418031936d3935349ec02afd13e0b9cdb465507492c7288,"{""basis"":""x"",""d"":3,""p"":0.006,""rounds"":3}",
      4096,        11,         0,   0.423,pymatching,4e405887ea3578b2eae7f24690a14f5dd9ef3411df5a426ca7be3a2cb0a94dd0,"{""basis"":""x"",""d"":9,""p"":0.004,""rounds"":9}",
         4,         0,         0,   0.317,belief_find,fb346a467f737aabcb9aba63dd7faf2005530c4b22c77f1d00dacd3a7873437a,"{""basis"":""x"",""d"":5,""p"":0.002,""rounds"":5}",
         1,         0,         0,    1.06,bp_osd,bea659dce592d9e7dac18f52c515962b5cbd335311a89f928680c06a69db9fa0,"{""basis"":""x"",""d"":7,""p"":0.004,""rounds"":7}",
         1,         1,         0,   0.192,bp_osd,0f5fedb62b0fbb8bb5c9aa8da74b33824185b181e70d16c2f975dbf66876e279,"{""basis"":""x"",""d"":5,""p"":0.006,""rounds"":5}",
         1,         0,         0,    1.12,bp_osd,0e39c1138d6c1114c36527bb081603ff7322700376901eea078c7a4c266aacb7,"{""basis"":""x"",""d"":7,""p"":0.002,""rounds"":7}",
     19456,       104,         0,   0.791,pymatching-correlated,62a0582564d898be2e5efe1d5dc3d0322fc75b0e9a5b9534566a2fbe2b93499c,"{""basis"":""x"",""d"":5,""p"":0.004,""rounds"":5}",
      2048,         1,         0,   0.682,pymatching-correlated,bb744af68fda44142af07cbe5a2c9da6ee75743e8c1493b26d37336f89af963d,"{""basis"":""x"",""d"":9,""p"":0.004,""rounds"":9}",
        16,         0,         0,   0.263,bp_osd,1da0e12676298acb068722f0806e2392354cf9f83bb925f4e526b6dbabd44b9f,"{""basis"":""x"",""d"":5,""p"":0.002,""rounds"":5}",
      1024,        10,         0,   0.559,belief_find,68b106f4784274ace44e0db862ccd504ac407090e64b5336e359c480e5b3a524,"{""basis"":""x"",""d"":3,""p"":0.004,""rounds"":3}",
         2,         0,         0,   0.177,bp_osd,0f5fedb62b0fbb8bb5c9aa8da74b33824185b181e70d16c2f975dbf66876e279,"{""basis"":""x"",""d"":5,""p"":0.006,""rounds"":5}",
      1024,        11,         0,   0.608,bp_osd,90398baf398ad97eea4123916adefc62b5d77cf2ad7d080c13d43cd709fc2415,"{""basis"":""x"",""d"":3,""p"":0.004,""rounds"":3}",
         1,         0,         0,    3.00,belief_find,61b66453647c0a31f60a3d02c40fbc31e29d23b7241dcb9c131c924dd2125464,"{""basis"":""x"",""d"":9,""p"":0.004,""rounds"":9}",
      4096,        16,         0,   0.607,pymatching-correlated,1539299af7a66d73d3ade7580cc0ccde40d86fd949af58973753d32dbb8103d2,"{""basis"":""x"",""d"":7,""p"":0.004,""rounds"":7}",
       256,         6,         0,   0.312,belief_find,78819ae3963f810a3418031936d3935349ec02afd13e0b9cdb465507492c7288,"{""basis"":""x"",""d"":3,""p"":0.006,""rounds"":3}",
         4,         0,         0,   0.299,belief_find,fb346a467f737aabcb9aba63dd7faf2005530c4b22c77f1d00dacd3a7873437a,"{""basis"":""x"",""d"":5,""p"":0.002,""rounds"":5}",
         4,         0,         0,   0.485,bp_osd,eadd520de7a8aab6cc9278546305b2159b96f6aa8193b0f38bcac88a86353a49,"{""basis"":""x"",""d"":5,""p"":0.004,""rounds"":5}",
     15360,         3,         0,   0.791,pymatching-correlated,8d31a5af7e47a29552746161a7872447a9c481206e8d6cc8a2df594c77d0c0d3,"{""basis"":""x"",""d"":7,""p"":0.002,""rounds"":7}",
      2048,         7,         0,   0.791,bp_osd,ed968c388b1c4e1b1aa25213fc01cb94dd7f8cfb1bc5a7bbfe65dc3f985d549c,"{""basis"":""x"",""d"":3,""p"":0.002,""rounds"":3}",
     17408,        76,         0,   0.810,pymatching,609a63ff458140a138689d5fa6837d83a6ff73dc00ada72aa725c57c1a64b6f5,"{""basis"":""x"",""d"":7,""p"":0.004,""rounds"":7}",
       512,        14,         0,   0.410,bp_osd,d8b7d14d2cfc9a6d87edd95334d53709b848a6170ecc5955fb9828e3db89a9f3,"{""basis"":""x"",""d"":3,""p"":0.006,""rounds"":3}",
         1,         0,         0,    3.08,bp_osd,b6dad9c90c8f2c730e10c773f02ee37f8b522e8eacb860a5f6088f55ef19c415,"{""basis"":""x"",""d"":9,""p"":0.004,""rounds"":9}",
     14336,         1,         0,   0.774,pymatching,4411aa2b75799e06e98b76225c85f1c6356ae13a44e920c8fd1f1399c8b75f6e,"{""basis"":""x"",""d"":9,""p"":0.002,""rounds"":9}",
      1024,         2,         0,   0.505,belief_find,b0ba6ff4e7d908c841df926c53593f09702fba5264c2230f8355fb9e8a320248,"{""basis"":""x"",""d"":3,""p"":0.002,""rounds"":3}",
         4,         0,         0,   0.543,belief_find,0fb7771dbd9887db4b6fc218263bbd2e3969225adaa47ea7567eb9e8ad439bb6,"{""basis"":""x"",""d"":5,""p"":0.004,""rounds"":5}",
         1,         0,         0,   0.611,belief_find,432e4d770c6e9af5107117e1ccb8684ea1a2983791287285e3b636426f1207bb,"{""basis"":""x"",""d"":5,""p"":0.006,""rounds"":5}",
        32,         0,         0,   0.387,bp_osd,1da0e12676298acb068722f0806e2392354cf9f83bb925f4e526b6dbabd44b9f,"{""basis"":""x"",""d"":5,""p"":0.002,""rounds"":5}",
      7168,        14,         0,   0.611,pymatching,4e405887ea3578b2eae7f24690a14f5dd9ef3411df5a426ca7be3a2cb0a94dd0,"{""basis"":""x"",""d"":9,""p"":0.004,""rounds"":9}",
       256,         8,         0,   0.333,belief_find,78819ae3963f810a3418031936d3935349ec02afd13e0b9cdb465507492c7288,"{""basis"":""x"",""d"":3,""p"":0.006,""rounds"":3}",
      3072,         0,         0,   0.778,pymatching-correlated,8cb7d484f825de4c869aa5721e37ea761242e75cdf343284f92f182763d73a30,"{""basis"":""x"",""d"":9,""p"":0.002,""rounds"":9}",
      1024,        12,         0,   0.499,belief_find,68b106f4784274ace44e0db862ccd504ac407090e64b5336e359c480e5b3a524,"{""basis"":""x"",""d"":3,""p"":0.004,""rounds"":3}",
         1,         0,         0,    1.20,belief_find,d51b11287f46a3bcc136577b149fb14f59784df0ca4f66e423e8124e96cab3be,"{""basis"":""x"",""d"":7,""p"":0.002,""rounds"":7}",
         4,         0,         0,   0.534,bp_osd,0f5fedb62b0fbb8bb5c9aa8da74b33824185b181e70d16c2f975dbf66876e279,"{""basis"":""x"",""d"":5,""p"":0.006,""rounds"":5}",
         1,         0,         0,   0.837,belief_find,08c351f14149e77f75508015fc09a988b4c3c6d7829ffc9c3b4f3f80f7e42ed9,"{""basis"":""x"",""d"":7,""p"":0.004,""rounds"":7}",
         8,         0,         0,   0.486,belief_find,fb346a467f737aabcb9aba63dd7faf2005530c4b22c77f1d00dacd3a7873437a,"{""basis"":""x"",""d"":5,""p"":0.002,""rounds"":5}",
      2048,         2,         0,   0.636,pymatching-correlated,bb744af68fda44142af07cbe5a2c9da6ee75743e8c1493b26d37336f89af963d,"{""basis"":""x"",""d"":9,""p"":0.004,""rounds"":9}",
       512,        12,         0,   0.437,bp_osd,d8b7d14d2cfc9a6d87edd95334d53709b848a6170ecc5955fb9828e3db89a9f3,"{""basis"":""x"",""d"":3,""p"":0.006,""rounds"":3}",
     53248,        43,         0,    1.08,pymatching-correlated,9e2452d0bfb0083c31a35e02e12605ac6a3e51da246f594e1a1ea20e68852a5c,"{""basis"":""x"",""d"":5,""p"":0.002,""rounds"":5}",
     15360,       104,         0,   0.768,pymatching-correlated,62a0582564d898be2e5efe1d5dc3d0322fc75b0e9a5b9534566a2fbe2b93499c,"{""basis"":""x"",""d"":5,""p"":0.004,""rounds"":5}",
         4,         0,         0,   0.387,belief_find,0fb7771dbd9887db4b6fc218263bbd2e3969225adaa47ea7567eb9e8ad439bb6,"{""basis"":""x"",""d"":5,""p"":0.004,""rounds"":5}",
    125952,       132,         0,    1.06,pymatching,15fb85d7d630249586613929c4169152d0e88255df56ce92e0dfa3a5be984165,"{""basis"":""x"",""d"":5,""p"":0.002,""rounds"":5}",
         4,         0,         0,   0.608,bp_osd,eadd520de7a8aab6cc9278546305b2159b96f6aa8193b0f38bcac88a86353a49,"{""basis"":""x"",""d"":5,""p"":0.004,""rounds"":5}",
         1,         0,         0,   0.936,bp_osd,0e39c1138d6c1114c36527bb081603ff7322700376901eea078c7a4c266aacb7,"{""basis"":""x"",""d"":7,""p"":0.002,""rounds"":7}",
         1,         0,         0,   0.492,belief_find,432e4d770c6e9af5107117e1ccb8684ea1a2983791287285e3b636426f1207bb,"{""basis"":""x"",""d"":5,""p"":0.006,""rounds"":5}",
      6144,        15,         0,   0.816,pymatching-correlated,1539299af7a66d73d3ade7580cc0ccde40d86fd949af58973753d32dbb8103d2,"{""basis"":""x"",""d"":7,""p"":0.004,""rounds"":7}",
      2048,        27,         0,   0.855,bp_osd,90398baf398ad97eea4123916adefc62b5d77cf2ad7d080c13d43cd709fc2415,"{""basis"":""x"",""d"":3,""p"":0.004,""rounds"":3}",
      2048,         5,         0,   0.744,bp_osd,ed968c388b1c4e1b1aa25213fc01cb94dd7f8cfb1bc5a7bbfe65dc3f985d549c,"{""basis"":""x"",""d"":3,""p"":0.002,""rounds"":3}",
     52224,        14,         0,    1.10,pymatching,211037a20246bab0b185c4313d215d4231816cf7c92981f811223783cbc23684,"{""basis"":""x"",""d"":7,""p"":0.002,""rounds"":7}",
        32,         0,         0,   0.588,bp_osd,1da0e12676298acb068722f0806e2392354cf9f83bb925f4e526b6dbabd44b9f,"{""basis"":""x"",""d"":5,""p"":0.002,""rounds"":5}",
         8,         0,         0,   0.398,belief_find,fb346a467f737aabcb9aba63dd7faf2005530c4b22c77f1d00dacd3a7873437a,"{""basis"":""x"",""d"":5,""p"":0.002,""rounds"":5}",
       273,         6,         0,   0.019,pymatching,bc3cab582442cffaf570068465f622d1212788c5d9db1e65561475ff5d8e59ff,"{""basis"":""x"",""d"":7,""p"":0.006,""rounds"":7}",
       512,        13,         0,   0.598,belief_find,78819ae3963f810a3418031936d3935349ec02afd13e0b9cdb465507492c7288,"{""basis"":""x"",""d"":3,""p"":0.006,""rounds"":3}",
       512,        16,         0,   0.422,bp_osd,d8b7d14d2cfc9a6d87edd95334d53709b848a6170ecc5955fb9828e3db89a9f3,"{""basis"":""x"",""d"":3,""p"":0.006,""rounds"":3}",
         4,         1,         0,   0.528,bp_osd,0f5fedb62b0fbb8bb5c9aa8da74b33824185b181e70d16c2f975dbf66876e279,"{""basis"":""x"",""d"":5,""p"":0.006,""rounds"":5}",
      1024,        26,         0,   0.074,pymatching,bc3cab582442cffaf570068465f622d1212788c5d9db1e65561475ff5d8e59ff,"{""basis"":""x"",""d"":7,""p"":0.006,""rounds"":7}",
      2048,         6,         0,   0.842,belief_find,b0ba6ff4e7d908c841df926c53593f09702fba5264c2230f8355fb9e8a320248,"{""basis"":""x"",""d"":3,""p"":0.002,""rounds"":3}",
         4,         0,         0,   0.386,bp_osd,eadd520de7a8aab6cc9278546305b2159b96f6aa8193b0f38bcac88a86353a49,"{""basis"":""x"",""d"":5,""p"":0.004,""rounds"":5}",
         1,         0,         0,    1.34,bp_osd,bea659dce592d9e7dac18f52c515962b5cbd335311a89f928680c06a69db9fa0,"{""basis"":""x"",""d"":7,""p"":0.004,""rounds"":7}",
      1024,        19,         0,   0.124,pymatching,bc3cab582442cffaf570068465f622d1212788c5d9db1e65561475ff5d8e59ff,"{""basis"":""x"",""d"":7,""p"":0.006,""rounds"":7}",
     35840,        48,         0,   0.465,pymatching,15fb85d7d630249586613929c4169152d0e88255df56ce92e0dfa3a5be984165,"{""basis"":""x"",""d"":5,""p"":0.002,""rounds"":5}",
      7168,        16,         0,   0.845,pymatching,4e405887ea3578b2eae7f24690a14f5dd9ef3411df5a426ca7be3a2cb0a94dd0,"{""basis"":""x"",""d"":9,""p"":0.004,""rounds"":9}",
     13312,         3,         0,    1.14,pymatching-correlated,8d31a5af7e47a29552746161a7872447a9c481206e8d6cc8a2df594c77d0c0d3,"{""basis"":""x"",""d"":7,""p"":0.002,""rounds"":7}",
     15360,        94,         0,    1.14,pymatching,609a63ff458140a138689d5fa6837d83a6ff73dc00ada72aa725c57c1a64b6f5,"{""basis"":""x"",""d"":7,""p"":0.004,""rounds"":7}",
         4,         0,         0,   0.237,bp_osd,0f5fedb62b0fbb8bb5c9aa8da74b33824185b181e70d16c2f975dbf66876e279,"{""basis"":""x"",""d"":5,""p"":0.006,""rounds"":5}",
      4096,         0,         0,   0.903,pymatching-correlated,8cb7d484f825de4c869aa5721e37ea761242e75cdf343284f92f182763d73a30,"{""basis"":""x"",""d"":9,""p"":0.002,""rounds"":9}",
     17408,         0,         0,    1.09,pymatching,4411aa2b75799e06e98b76225c85f1c6356ae13a44e920c8fd1f1399c8b75f6e,"{""basis"":""x"",""d"":9,""p"":0.002,""rounds"":9}",
      1024,        25,         0,   0.132,pymatching,bc3cab582442cffaf570068465f622d1212788c5d9db1e65561475ff5d8e59ff,"{""basis"":""x"",""d"":7,""p"":0.006,""rounds"":7}",
        12,         0,         0,   0.681,belief_find,0fb7771dbd9887db4b6fc218263bbd2e3969225adaa47ea7567eb9e8ad439bb6,"{""basis"":""x"",""d"":5,""p"":0.004,""rounds"":5}",
         1,         0,         0,   0.575,belief_find,432e4d770c6e9af5107117e1ccb8684ea1a2983791287285e3b636426f1207bb,"{""basis"":""x"",""d"":5,""p"":0.006,""rounds"":5}",
      2048,         1,         0,   0.811,pymatching-correlated,bb744af68fda44142af07cbe5a2c9da6ee75743e8c1493b26d37336f89af963d,"{""basis"":""x"",""d"":9,""p"":0.004,""rounds"":9}",
      2048,        30,         0,   0.939,belief_find,68b106f4784274ace44e0db862ccd504ac407090e64b5336e359c480e5b3a524,"{""basis"":""x"",""d"":3,""p"":0.004,""rounds"":3}",
         1,         0,         0,   0.010,pymatching-correlated,db00916d803f8f9f723e8553f13c92a1343ab109599a512bba7b47f8e115763e,"{""basis"":""x"",""d"":7,""p"":0.006,""rounds"":7}",
      1024,        34,         0,   0.128,pymatching,bc3cab582442cffaf570068465f622d1212788c5d9db1e65561475ff5d8e59ff,"{""basis"":""x"",""d"":7,""p"":0.006,""rounds"":7}",
       272,         2,         0,   0.083,pymatching-correlated,db00916d803f8f9f723e8553f13c92a1343ab109599a512bba7b47f8e115763e,"{""basis"":""x"",""d"":7,""p"":0.006,""rounds"":7}",
      1024,        30,         0,   0.573,belief_find,78819ae3963f810a3418031936d3935349ec02afd13e0b9cdb465507492c7288,"{""basis"":""x"",""d"":3,""p"":0.006,""rounds"":3}",
        32,         0,         0,   0.642,bp_osd,1da0e12676298acb068722f0806e2392354cf9f83bb925f4e526b6dbabd44b9f,"{""basis"":""x"",""d"":5,""p"":0.002,""rounds"":5}",
         1,         0,         0,    1.05,belief_find,08c351f14149e77f75508015fc09a988b4c3c6d7829ffc9c3b4f3f80f7e42ed9,"{""basis"":""x"",""d"":7,""p"":0.004,""rounds"":7}",
      1024,        26,         0,   0.131,pymatching,bc3cab582442cffaf570068465f622d1212788c5d9db1e65561475ff5d8e59ff,"{""basis"":""x"",""d"":7,""p"":0.006,""rounds"":7}",
         8,         0,         0,   0.354,bp_osd,0f5fedb62b0fbb8bb5c9aa8da74b33824185b181e70d16c2f975dbf66876e279,"{""basis"":""x"",""d"":5,""p"":0.006,""rounds"":5}",
         4,         0,         0,   0.588,bp_osd,eadd520de7a8aab6cc9278546305b2159b96f6aa8193b0f38bcac88a86353a49,"{""basis"":""x"",""d"":5,""p"":0.004,""rounds"":5}",
      2048,        46,         0,   0.083,pymatching,bc3cab582442cffaf570068465f622d1212788c5d9db1e65561475ff5d8e59ff,"{""basis"":""x"",""d"":7,""p"":0.006,""rounds"":7}",
         1,         0,         0,    2.29,belief_find,50286a7a2e3fbed7ea5bbc9c7df22764c3c206917c449a465f94fc1372fb5214,"{""basis"":""x"",""d"":9,""p"":0.002,""rounds"":9}",
      1024,        35,         0,   0.665,bp_osd,d8b7d14d2cfc9a6d87edd95334d53709b848a6170ecc5955fb9828e3db89a9f3,"{""basis"":""x"",""d"":3,""p"":0.006,""rounds"":3}",
         1,         0,         0,    1.02,bp_osd,0e39c1138d6c1114c36527bb081603ff7322700376901eea078c7a4c266aacb7,"{""basis"":""x"",""d"":7,""p"":0.002,""rounds"":7}",
      3072,        79,         0,   0.107,pymatching,bc3cab582442cffaf570068465f622d1212788c5d9db1e65561475ff5d8e59ff,"{""basis"":""x"",""d"":7,""p"":0.006,""rounds"":7}",
        16,         0,         0,   0.877,belief_find,fb346a467f737aabcb9aba63dd7faf2005530c4b22c77f1d00dacd3a7873437a,"{""basis"":""x"",""d"":5,""p"":0.002,""rounds"":5}",
         1,         0,         0,    1.36,belief_find,d51b11287f46a3bcc136577b149fb14f59784df0ca4f66e423e8124e96cab3be,"{""basis"":""x"",""d"":7,""p"":0.002,""rounds"":7}",
         1,         0,         0,   0.487,belief_find,432e4d770c6e9af5107117e1ccb8684ea1a2983791287285e3b636426f1207bb,"{""basis"":""x"",""d"":5,""p"":0.006,""rounds"":5}",
         8,         0,         0,   0.511,belief_find,0fb7771dbd9887db4b6fc218263bbd2e3969225adaa47ea7567eb9e8ad439bb6,"{""basis"":""x"",""d"":5,""p"":0.004,""rounds"":5}",
      1024,        17,         0,   0.316,pymatching-correlated,db00916d803f8f9f723e8553f13c92a1343ab109599a512bba7b47f8e115763e,"{""basis"":""x"",""d"":7,""p"":0.006,""rounds"":7}",
         1,         0,         0,   0.793,bp_osd,bea659dce592d9e7dac18f52c515962b5cbd335311a89f928680c06a69db9fa0,"{""basis"":""x"",""d"":7,""p"":0.004,""rounds"":7}",
      4096,       103,         0,   0.178,pymatching,bc3cab582442cffaf570068465f622d1212788c5d9db1e65561475ff5d8e59ff,"{""basis"":""x"",""d"":7,""p"":0.006,""rounds"":7}",
      6144,        13,         0,    1.19,pymatching-correlated,1539299af7a66d73d3ade7580cc0ccde40d86fd949af58973753d32dbb8103d2,"{""basis"":""x"",""d"":7,""p"":0.004,""rounds"":7}",
      3072,        12,         0,    1.19,bp_osd,ed968c388b1c4e1b1aa25213fc01cb94dd7f8cfb1bc5a7bbfe65dc3f985d549c,"{""basis"":""x"",""d"":3,""p"":0.002,""rounds"":3}",
      2048,        20,         0,    1.22,bp_osd,90398baf398ad97eea4123916adefc62b5d77cf2ad7d080c13d43cd709fc2415,"{""basis"":""x"",""d"":3,""p"":0.004,""rounds"":3}",
     84992,        74,         0,    1.54,pymatching-correlated,9e2452d0bfb0083c31a35e02e12605ac6a3e51da246f594e1a1ea20e68852a5c,"{""basis"":""x"",""d"":5,""p"":0.002,""rounds"":5}",
      1024,        13,         0,   0.341,pymatching-correlated,db00916d803f8f9f723e8553f13c92a1343ab109599a512bba7b47f8e115763e,"{""basis"":""x"",""d"":7,""p"":0.006,""rounds"":7}",
      3072,        66,         0,   0.236,pymatching,bc3cab582442cffaf570068465f622d1212788c5d9db1e65561475ff5d8e59ff,"{""basis"":""x"",""d"":7,""p"":0.006,""rounds"":7}",
         1,         0,         0,   0.360,belief_find,432e4d770c6e9af5107117e1ccb8684ea1a2983791287285e3b636426f1207bb,"{""basis"":""x"",""d"":5,""p"":0.006,""rounds"":5}",
      2048,         9,         0,    1.14,belief_find,b0ba6ff4e7d908c841df926c53593f09702fba5264c2230f8355fb9e8a320248,"{""basis"":""x"",""d"":3,""p"":0.002,""rounds"":3}",
     22528,       106,         0,   0.923,pymatching,609a63ff458140a138689d5fa6837d83a6ff73dc00ada72aa725c57c1a64b6f5,"{""basis"":""x"",""d"":7,""p"":0.004,""rounds"":7}",
         8,         0,         0,   0.579,bp_osd,0f5fedb62b0fbb8bb5c9aa8da74b33824185b181e70d16c2f975dbf66876e279,"{""basis"":""x"",""d"":5,""p"":0.006,""rounds"":5}",
      3072,         3,         0,   0.878,pymatching-correlated,bb744af68fda44142af07cbe5a2c9da6ee75743e8c1493b26d37336f89af963d,"{""basis"":""x"",""d"":9,""p"":0.004,""rounds"":9}",
      6144,        21,         0,    1.12,pymatching,4e405887ea3578b2eae7f24690a14f5dd9ef3411df5a426ca7be3a2cb0a94dd0,"{""basis"":""x"",""d"":9,""p"":0.004,""rounds"":9}",
         1,         0,         0,    3.14,bp_osd,2d73ea91da0935aeafe2d7ca60ec6f0e9077dde8f43e8ace1585847c2d1cd948,"{""basis"":""x"",""d"":9,""p"":0.002,""rounds"":9}",
     48128,        16,         0,    1.50,pymatching,211037a20246bab0b185c4313d215d4231816cf7c92981f811223783cbc23684,"{""basis"":""x"",""d"":7,""p"":0.002,""rounds"":7}",
         8,         0,         0,   0.819,bp_osd,eadd520de7a8aab6cc9278546305b2159b96f6aa8193b0f38bcac88a86353a49,"{""basis"":""x"",""d"":5,""p"":0.004,""rounds"":5}",
         1,         0,         0,   0.662,belief_find,d51b11287f46a3bcc136577b149fb14f59784df0ca4f66e423e8124e96cab3be,"{""basis"":""x"",""d"":7,""p"":0.002,""rounds"":7}",
      2048,        26,         0,    1.13,belief_find,68b106f4784274ace44e0db862ccd504ac407090e64b5336e359c480e5b3a524,"{""basis"":""x"",""d"":3,""p"":0.004,""rounds"":3}",
        64,         1,         0,   0.950,bp_osd,1da0e12676298acb068722f0806e2392354cf9f83bb925f4e526b6dbabd44b9f,"{""basis"":""x"",""d"":5,""p"":0.002,""rounds"":5}",
         1,         0,         0,   0.363,belief_find,432e4d770c6e9af5107117e1ccb8684ea1a2983791287285e3b636426f1207bb,"{""basis"":""x"",""d"":5,""p"":0.006,""rounds"":5}",
      1024,         9,         0,   0.383,pymatching-correlated,db00916d803f8f9f723e8553f13c92a1343ab109599a512bba7b47f8e115763e,"{""basis"":""x"",""d"":7,""p"":0.006,""rounds"":7}",
         8,         0,         0,   0.335,bp_osd,0f5fedb62b0fbb8bb5c9aa8da74b33824185b181e70d16c2f975dbf66876e279,"{""basis"":""x"",""d"":5,""p"":0.006,""rounds"":5}",
        16,         0,         0,   0.752,belief_find,fb346a467f737aabcb9aba63dd7faf2005530c4b22c77f1d00dacd3a7873437a,"{""basis"":""x"",""d"":5,""p"":0.002,""rounds"":5}",
        16,         0,         0,   0.733,belief_find,0fb7771dbd9887db4b6fc218263bbd2e3969225adaa47ea7567eb9e8ad439bb6,"{""basis"":""x"",""d"":5,""p"":0.004,""rounds"":5}",
      9216,         0,         0,    1.29,pymatching-correlated,8cb7d484f825de4c869aa5721e37ea761242e75cdf343284f92f182763d73a30,"{""basis"":""x"",""d"":9,""p"":0.002,""rounds"":9}",
      3072,        68,         0,   0.421,pymatching,bc3cab582442cffaf570068465f622d1212788c5d9db1e65561475ff5d8e59ff,"{""basis"":""x"",""d"":7,""p"":0.006,""rounds"":7}",
      1024,        16,         0,   0.082,pymatching-correlated,db00916d803f8f9f723e8553f13c92a1343ab109599a512bba7b47f8e115763e,"{""basis"":""x"",""d"":7,""p"":0.006,""rounds"":7}",
      2048,        70,         0,    1.11,bp_osd,d8b7d14d2cfc9a6d87edd95334d53709b848a6170ecc5955fb9828e3db89a9f3,"{""basis"":""x"",""d"":3,""p"":0.006,""rounds"":3}",
      1024,        30,         0,   0.170,pymatching,bc3cab582442cffaf570068465f622d1212788c5d9db1e65561475ff5d8e59ff,"{""basis"":""x"",""d"":7,""p"":0.006,""rounds"":7}",
      1024,        14,         0,   0.211,pymatching-correlated,db00916d803f8f9f723e8553f13c92a1343ab109599a512bba7b47f8e115763e,"{""basis"":""x"",""d"":7,""p"":0.006,""rounds"":7}",
     25600,         2,         0,    1.61,pymatching-correlated,8d31a5af7e47a29552746161a7872447a9c481206e8d6cc8a2df594c77d0c0d3,"{""basis"":""x"",""d"":7,""p"":0.002,""rounds"":7}",
         1,         0,         0,    2.73,bp_osd,b6dad9c90c8f2c730e10c773f02ee37f8b522e8eacb860a5f6088f55ef19c415,"{""basis"":""x"",""d"":9,""p"":0.004,""rounds"":9}",
         1,         0,         0,    2.89,belief_find,61b66453647c0a31f60a3d02c40fbc31e29d23b7241dcb9c131c924dd2125464,"{""basis"":""x"",""d"":9,""p"":0.004,""rounds"":9}",
     30720,         1,         0,    1.59,pymatching,4411aa2b75799e06e98b76225c85f1c6356ae13a44e920c8fd1f1399c8b75f6e,"{""basis"":""x"",""d"":9,""p"":0.002,""rounds"":9}",
      2048,        54,         0,    1.42,belief_find,78819ae3963f810a3418031936d3935349ec02afd13e0b9cdb465507492c7288,"{""basis"":""x"",""d"":3,""p"":0.006,""rounds"":3}",
      1024,        11,         0,   0.146,pymatching-correlated,db00916d803f8f9f723e8553f13c92a1343ab109599a512bba7b47f8e115763e,"{""basis"":""x"",""d"":7,""p"":0.006,""rounds"":7}",
         8,         0,         0,   0.440,bp_osd,0f5fedb62b0fbb8bb5c9aa8da74b33824185b181e70d16c2f975dbf66876e279,"{""basis"":""x"",""d"":5,""p"":0.006,""rounds"":5}",
         1,         0,         0,    1.25,bp_osd,0e39c1138d6c1114c36527bb081603ff7322700376901eea078c7a4c266aacb7,"{""basis"":""x"",""d"":7,""p"":0.002,""rounds"":7}",
         1,         0,         0,    1.46,belief_find,08c351f14149e77f75508015fc09a988b4c3c6d7829ffc9c3b4f3f80f7e42ed9,"{""basis"":""x"",""d"":7,""p"":0.004,""rounds"":7}",
         4,         0,         0,   0.610,bp_osd,eadd520de7a8aab6cc9278546305b2159b96f6aa8193b0f38bcac88a86353a49,"{""basis"":""x"",""d"":5,""p"":0.004,""rounds"":5}",
         1,         0,         0,   0.582,belief_find,432e4d770c6e9af5107117e1ccb8684ea1a2983791287285e3b636426f1207bb,"{""basis"":""x"",""d"":5,""p"":0.006,""rounds"":5}",
      1024,        15,         0,   0.177,pymatching-correlated,db00916d803f8f9f723e8553f13c92a1343ab109599a512bba7b47f8e115763e,"{""basis"":""x"",""d"":7,""p"":0.006,""rounds"":7}",
         1,         0,         0,    1.30,bp_osd,bea659dce592d9e7dac18f52c515962b5cbd335311a89f928680c06a69db9fa0,"{""basis"":""x"",""d"":7,""p"":0.004,""rounds"":7}",
        16,         0,         0,   0.833,belief_find,0fb7771dbd9887db4b6fc218263bbd2e3969225adaa47ea7567eb9e8ad439bb6,"{""basis"":""x"",""d"":5,""p"":0.004,""rounds"":5}",
      3072,         5,         0,    1.17,pymatching-correlated,bb744af68fda44142af07cbe5a2c9da6ee75743e8c1493b26d37336f89af963d,"{""basis"":""x"",""d"":9,""p"":0.004,""rounds"":9}",
      1024,        13,         0,   0.239,pymatching-correlated,db00916d803f8f9f723e8553f13c92a1343ab109599a512bba7b47f8e115763e,"{""basis"":""x"",""d"":7,""p"":0.006,""rounds"":7}",
         1,         0,         0,   0.900,bp_osd,bde4c648d79cf1e3365396e7e32b8cc1e1780aa5479672ca740622ea9617b293,"{""basis"":""x"",""d"":7,""p"":0.006,""rounds"":7}",
      3072,         8,         0,    1.44,bp_osd,ed968c388b1c4e1b1aa25213fc01cb94dd7f8cfb1bc5a7bbfe65dc3f985d549c,"{""basis"":""x"",""d"":3,""p"":0.002,""rounds"":3}",
        16,         0,         0,   0.919,belief_find,fb346a467f737aabcb9aba63dd7faf2005530c4b22c77f1d00dacd3a7873437a,"{""basis"":""x"",""d"":5,""p"":0.002,""rounds"":5}",
         8,         0,         0,   0.513,bp_osd,0f5fedb62b0fbb8bb5c9aa8da74b33824185b181e70d16c2f975dbf66876e279,"{""basis"":""x"",""d"":5,""p"":0.006,""rounds"":5}",
     13312,        39,         0,    1.57,pymatching-correlated,1539299af7a66d73d3ade7580cc0ccde40d86fd949af58973753d32dbb8103d2,"{""basis"":""x"",""d"":7,""p"":0.004,""rounds"":7}",
         1,         0,         0,   0.474,belief_find,432e4d770c6e9af5107117e1ccb8684ea1a2983791287285e3b636426f1207bb,"{""basis"":""x"",""d"":5,""p"":0.006,""rounds"":5}",
      3072,        37,         0,    1.56,bp_osd,90398baf398ad97eea4123916adefc62b5d77cf2ad7d080c13d43cd709fc2415,"{""basis"":""x"",""d"":3,""p"":0.004,""rounds"":3}",
      3072,         6,         0,    1.53,belief_find,b0ba6ff4e7d908c841df926c53593f09702fba5264c2230f8355fb9e8a320248,"{""basis"":""x"",""d"":3,""p"":0.002,""rounds"":3}",
      2048,        22,         0,   0.498,pymatching-correlated,db00916d803f8f9f723e8553f13c92a1343ab109599a512bba7b47f8e115763e,"{""basis"":""x"",""d"":7,""p"":0.006,""rounds"":7}",
      3072,        46,         0,    1.39,belief_find,68b106f4784274ace44e0db862ccd504ac407090e64b5336e359c480e5b3a524,"{""basis"":""x"",""d"":3,""p"":0.004,""rounds"":3}",
         1,         0,         0,    1.46,belief_find,d51b11287f46a3bcc136577b149fb14f59784df0ca4f66e423e8124e96cab3be,"{""basis"":""x"",""d"":7,""p"":0.002,""rounds"":7}",
         8,         0,         0,   0.891,bp_osd,eadd520de7a8aab6cc9278546305b2159b96f6aa8193b0f38bcac88a86353a49,"{""basis"":""x"",""d"":5,""p"":0.004,""rounds"":5}",
         1,         0,         0,    2.33,belief_find,50286a7a2e3fbed7ea5bbc9c7df22764c3c206917c449a465f94fc1372fb5214,"{""basis"":""x"",""d"":9,""p"":0.002,""rounds"":9}",
         1,         0,         0,   0.967,belief_find,08c351f14149e77f75508015fc09a988b4c3c6d7829ffc9c3b4f3f80f7e42ed9,"{""basis"":""x"",""d"":7,""p"":0.004,""rounds"":7}",
     12288,        30,         0,    1.69,pymatching,4e405887ea3578b2eae7f24690a14f5dd9ef3411df5a426ca7be3a2cb0a94dd0,"{""basis"":""x"",""d"":9,""p"":0.004,""rounds"":9}",
        96,         0,         0,    1.52,bp_osd,1da0e12676298acb068722f0806e2392354cf9f83bb925f4e526b6dbabd44b9f,"{""basis"":""x"",""d"":5,""p"":0.002,""rounds"":5}",
      2048,        60,         0,    1.30,bp_osd,d8b7d14d2cfc9a6d87edd95334d53709b848a6170ecc5955fb9828e3db89a9f3,"{""basis"":""x"",""d"":3,""p"":0.006,""rounds"":3}",
         1,         0,         0,   0.650,bp_osd,bde4c648d79cf1e3365396e7e32b8cc1e1780aa5479672ca740622ea9617b293,"{""basis"":""x"",""d"":7,""p"":0.006,""rounds"":7}",
         1,         0,         0,   0.530,belief_find,432e4d770c6e9af5107117e1ccb8684ea1a2983791287285e3b636426f1207bb,"{""basis"":""x"",""d"":5,""p"":0.006,""rounds"":5}",
         1,         0,         0,    1.22,bp_osd,0e39c1138d6c1114c36527bb081603ff7322700376901eea078c7a4c266aacb7,"{""basis"":""x"",""d"":7,""p"":0.002,""rounds"":7}",
     12288,         0,         0,    1.70,pymatching-correlated,8cb7d484f825de4c869aa5721e37ea761242e75cdf343284f92f182763d73a30,"{""basis"":""x"",""d"":9,""p"":0.002,""rounds"":9}",
         1,         0,         0,    1.26,belief_find,0d02f2c07f1d8ae6fff2baf3dc54b145177b3ae3671f2968798ca03aeb160059,"{""basis"":""x"",""d"":7,""p"":0.006,""rounds"":7}",
         1,         0,         0,    1.11,bp_osd,bea659dce592d9e7dac18f52c515962b5cbd335311a89f928680c06a69db9fa0,"{""basis"":""x"",""d"":7,""p"":0.004,""rounds"":7}",
      2048,        24,         0,   0.458,pymatching-correlated,db00916d803f8f9f723e8553f13c92a1343ab109599a512bba7b47f8e115763e,"{""basis"":""x"",""d"":7,""p"":0.006,""rounds"":7}",
    126976,        83,         0,    2.14,pymatching-correlated,9e2452d0bfb0083c31a35e02e12605ac6a3e51da246f594e1a1ea20e68852a5c,"{""basis"":""x"",""d"":5,""p"":0.002,""rounds"":5}",
        16,         0,         0,   0.970,bp_osd,0f5fedb62b0fbb8bb5c9aa8da74b33824185b181e70d16c2f975dbf66876e279,"{""basis"":""x"",""d"":5,""p"":0.006,""rounds"":5}",
         1,         0,         0,    2.23,bp_osd,2d73ea91da0935aeafe2d7ca60ec6f0e9077dde8f43e8ace1585847c2d1cd948,"{""basis"":""x"",""d"":9,""p"":0.002,""rounds"":9}",
     81920,        27,         0,    2.18,pymatching,211037a20246bab0b185c4313d215d4231816cf7c92981f811223783cbc23684,"{""basis"":""x"",""d"":7,""p"":0.002,""rounds"":7}",
        24,         0,         0,    1.28,belief_find,0fb7771dbd9887db4b6fc218263bbd2e3969225adaa47ea7567eb9e8ad439bb6,"{""basis"":""x"",""d"":5,""p"":0.004,""rounds"":5}",
         1,         0,         0,   0.425,belief_find,432e4d770c6e9af5107117e1ccb8684ea1a2983791287285e3b636426f1207bb,"{""basis"":""x"",""d"":5,""p"":0.006,""rounds"":5}",
        32,         0,         0,    1.31,belief_find,fb346a467f737aabcb9aba63dd7faf2005530c4b22c77f1d00dacd3a7873437a,"{""basis"":""x"",""d"":5,""p"":0.002,""rounds"":5}",
         1,         0,         0,   0.964,belief_find,d51b11287f46a3bcc136577b149fb14f59784df0ca4f66e423e8124e96cab3be,"{""basis"":""x"",""d"":7,""p"":0.002,""rounds"":7}",
         1,         0,         0,   0.929,belief_find,08c351f14149e77f75508015fc09a988b4c3c6d7829ffc9c3b4f3f80f7e42ed9,"{""basis"":""x"",""d"":7,""p"":0.004,""rounds"":7}",
      3072,        94,         0,    2.06,belief_find,78819ae3963f810a3418031936d3935349ec02afd13e0b9cdb465507492c7288,"{""basis"":""x"",""d"":3,""p"":0.006,""rounds"":3}",
     34816,         5,         0,    2.21,pymatching-correlated,8d31a5af7e47a29552746161a7872447a9c481206e8d6cc8a2df594c77d0c0d3,"{""basis"":""x"",""d"":7,""p"":0.002,""rounds"":7}",
     43008,         6,         0,    2.25,pymatching,4411aa2b75799e06e98b76225c85f1c6356ae13a44e920c8fd1f1399c8b75f6e,"{""basis"":""x"",""d"":9,""p"":0.002,""rounds"":9}",
         1,         0,         0,   0.441,belief_find,432e4d770c6e9af5107117e1ccb8684ea1a2983791287285e3b636426f1207bb,"{""basis"":""x"",""d"":5,""p"":0.006,""rounds"":5}",
      3072,        29,         0,    1.64,bp_osd,90398baf398ad97eea4123916adefc62b5d77cf2ad7d080c13d43cd709fc2415,"{""basis"":""x"",""d"":3,""p"":0.004,""rounds"":3}",
      5120,        13,         0,    1.85,pymatching-correlated,bb744af68fda44142af07cbe5a2c9da6ee75743e8c1493b26d37336f89af963d,"{""basis"":""x"",""d"":9,""p"":0.004,""rounds"":9}",
      3072,        44,         0,   0.874,pymatching-correlated,db00916d803f8f9f723e8553f13c92a1343ab109599a512bba7b47f8e115763e,"{""basis"":""x"",""d"":7,""p"":0.006,""rounds"":7}",
        12,         0,         0,    1.33,bp_osd,eadd520de7a8aab6cc9278546305b2159b96f6aa8193b0f38bcac88a86353a49,"{""basis"":""x"",""d"":5,""p"":0.004,""rounds"":5}",
         1,         0,         0,    1.18,bp_osd,bde4c648d79cf1e3365396e7e32b8cc1e1780aa5479672ca740622ea9617b293,"{""basis"":""x"",""d"":7,""p"":0.006,""rounds"":7}",
      3072,        13,         0,    1.61,belief_find,b0ba6ff4e7d908c841df926c53593f09702fba5264c2230f8355fb9e8a320248,"{""basis"":""x"",""d"":3,""p"":0.002,""rounds"":3}",
         1,         0,         0,    1.06,bp_osd,0e39c1138d6c1114c36527bb081603ff7322700376901eea078c7a4c266aacb7,"{""basis"":""x"",""d"":7,""p"":0.002,""rounds"":7}",
         1,         0,         0,    2.62,bp_osd,b6dad9c90c8f2c730e10c773f02ee37f8b522e8eacb860a5f6088f55ef19c415,"{""basis"":""x"",""d"":9,""p"":0.004,""rounds"":9}",
      5120,        25,         0,    2.13,bp_osd,ed968c388b1c4e1b1aa25213fc01cb94dd7f8cfb1bc5a7bbfe65dc3f985d549c,"{""basis"":""x"",""d"":3,""p"":0.002,""rounds"":3}",
      3072,        31,         0,    1.69,belief_find,68b106f4784274ace44e0db862ccd504ac407090e64b5336e359c480e5b3a524,"{""basis"":""x"",""d"":3,""p"":0.004,""rounds"":3}",
         1,         0,         0,   0.426,belief_find,432e4d770c6e9af5107117e1ccb8684ea1a2983791287285e3b636426f1207bb,"{""basis"":""x"",""d"":5,""p"":0.006,""rounds"":5}",
        16,         0,         0,    1.20,bp_osd,0f5fedb62b0fbb8bb5c9aa8da74b33824185b181e70d16c2f975dbf66876e279,"{""basis"":""x"",""d"":5,""p"":0.006,""rounds"":5}",
      3072,        67,         0,    1.66,bp_osd,d8b7d14d2cfc9a6d87edd95334d53709b848a6170ecc5955fb9828e3db89a9f3,"{""basis"":""x"",""d"":3,""p"":0.006,""rounds"":3}",
         1,         0,         0,   0.876,belief_find,08c351f14149e77f75508015fc09a988b4c3c6d7829ffc9c3b4f3f80f7e42ed9,"{""basis"":""x"",""d"":7,""p"":0.004,""rounds"":7}",
        96,         0,         0,    1.83,bp_osd,1da0e12676298acb068722f0806e2392354cf9f83bb925f4e526b6dbabd44b9f,"{""basis"":""x"",""d"":5,""p"":0.002,""rounds"":5}",
         1,         0,         0,    1.51,belief_find,0d02f2c07f1d8ae6fff2baf3dc54b145177b3ae3671f2968798ca03aeb160059,"{""basis"":""x"",""d"":7,""p"":0.006,""rounds"":7}",
     10240,        36,         0,    2.32,pymatching-correlated,1539299af7a66d73d3ade7580cc0ccde40d86fd949af58973753d32dbb8103d2,"{""basis"":""x"",""d"":7,""p"":0.004,""rounds"":7}",
         1,         0,         0,    1.53,bp_osd,bea659dce592d9e7dac18f52c515962b5cbd335311a89f928680c06a69db9fa0,"{""basis"":""x"",""d"":7,""p"":0.004,""rounds"":7}",
         1,         0,         0,    1.07,belief_find,d51b11287f46a3bcc136577b149fb14f59784df0ca4f66e423e8124e96cab3be,"{""basis"":""x"",""d"":7,""p"":0.002,""rounds"":7}",
         1,         0,         0,    3.17,belief_find,61b66453647c0a31f60a3d02c40fbc31e29d23b7241dcb9c131c924dd2125464,"{""basis"":""x"",""d"":9,""p"":0.004,""rounds"":9}",
         1,         0,         0,   0.823,bp_osd,bde4c648d79cf1e3365396e7e32b8cc1e1780aa5479672ca740622ea9617b293,"{""basis"":""x"",""d"":7,""p"":0.006,""rounds"":7}",
    107671,        72,         0,    1.77,pymatching-correlated,9e2452d0bfb0083c31a35e02e12605ac6a3e51da246f594e1a1ea20e68852a5c,"{""basis"":""x"",""d"":5,""p"":0.002,""rounds"":5}",
         1,         0,         0,   0.796,bp_osd,0e39c1138d6c1114c36527bb081603ff7322700376901eea078c7a4c266aacb7,"{""basis"":""x"",""d"":7,""p"":0.002,""rounds"":7}",
      5120,        65,         0,   0.959,pymatching-correlated,db00916d803f8f9f723e8553f13c92a1343ab109599a512bba7b47f8e115763e,"{""basis"":""x"",""d"":7,""p"":0.006,""rounds"":7}",
     20480,        50,         0,    2.30,pymatching,4e405887ea3578b2eae7f24690a14f5dd9ef3411df5a426ca7be3a2cb0a94dd0,"{""basis"":""x"",""d"":9,""p"":0.004,""rounds"":9}",
         2,         0,         0,   0.754,belief_find,432e4d770c6e9af5107117e1ccb8684ea1a2983791287285e3b636426f1207bb,"{""basis"":""x"",""d"":5,""p"":0.006,""rounds"":5}",
        48,         1,         0,    1.71,belief_find,fb346a467f737aabcb9aba63dd7faf2005530c4b22c77f1d00dacd3a7873437a,"{""basis"":""x"",""d"":5,""p"":0.002,""rounds"":5}",
         1,         0,         0,    2.54,belief_find,50286a7a2e3fbed7ea5bbc9c7df22764c3c206917c449a465f94fc1372fb5214,"{""basis"":""x"",""d"":9,""p"":0.002,""rounds"":9}",
     11264,         0,         0,    2.18,pymatching-correlated,8cb7d484f825de4c869aa5721e37ea761242e75cdf343284f92f182763d73a30,"{""basis"":""x"",""d"":9,""p"":0.002,""rounds"":9}",
        32,         1,         0,    1.93,belief_find,0fb7771dbd9887db4b6fc218263bbd2e3969225adaa47ea7567eb9e8ad439bb6,"{""basis"":""x"",""d"":5,""p"":0.004,""rounds"":5}",
         1,         0,         0,   0.012,pymatching,b2e4403a01049f02f5230f4559903a77209390637e2a3377803d13c78bf92c4b,"{""basis"":""x"",""d"":9,""p"":0.006,""rounds"":9}",
       272,         6,         0,   0.073,pymatching,b2e4403a01049f02f5230f4559903a77209390637e2a3377803d13c78bf92c4b,"{""basis"":""x"",""d"":9,""p"":0.006,""rounds"":9}",
         1,         0,         0,    2.21,bp_osd,2d73ea91da0935aeafe2d7ca60ec6f0e9077dde8f43e8ace1585847c2d1cd948,"{""basis"":""x"",""d"":9,""p"":0.002,""rounds"":9}",
         1,         0,         0,   0.914,belief_find,0d02f2c07f1d8ae6fff2baf3dc54b145177b3ae3671f2968798ca03aeb160059,"{""basis"":""x"",""d"":7,""p"":0.006,""rounds"":7}",
      3072,        77,         0,    1.87,belief_find,78819ae3963f810a3418031936d3935349ec02afd13e0b9cdb465507492c7288,"{""basis"":""x"",""d"":3,""p"":0.006,""rounds"":3}",
         1,         0,         0,   0.947,belief_find,d51b11287f46a3bcc136577b149fb14f59784df0ca4f66e423e8124e96cab3be,"{""basis"":""x"",""d"":7,""p"":0.002,""rounds"":7}",
      1024,        18,         0,   0.212,pymatching,b2e4403a01049f02f5230f4559903a77209390637e2a3377803d13c78bf92c4b,"{""basis"":""x"",""d"":9,""p"":0.006,""rounds"":9}",
         1,         0,         0,    1.10,bp_osd,bea659dce592d9e7dac18f52c515962b5cbd335311a89f928680c06a69db9fa0,"{""basis"":""x"",""d"":7,""p"":0.004,""rounds"":7}",
         1,         0,         0,    1.26,belief_find,08c351f14149e77f75508015fc09a988b4c3c6d7829ffc9c3b4f3f80f7e42ed9,"{""basis"":""x"",""d"":7,""p"":0.004,""rounds"":7}",
         1,         0,         0,   0.927,bp_osd,0e39c1138d6c1114c36527bb081603ff7322700376901eea078c7a4c266aacb7,"{""basis"":""x"",""d"":7,""p"":0.002,""rounds"":7}",
        40,         0,         0,    1.48,bp_osd,0f5fedb62b0fbb8bb5c9aa8da74b33824185b181e70d16c2f975dbf66876e279,"{""basis"":""x"",""d"":5,""p"":0.006,""rounds"":5}",
        16,         0,         0,    1.92,bp_osd,eadd520de7a8aab6cc9278546305b2159b96f6aa8193b0f38bcac88a86353a49,"{""basis"":""x"",""d"":5,""p"":0.004,""rounds"":5}",
      1024,        21,         0,   0.256,pymatching,b2e4403a01049f02f5230f4559903a77209390637e2a3377803d13c78bf92c4b,"{""basis"":""x"",""d"":9,""p"":0.006,""rounds"":9}",
         1,         0,         0,    1.12,bp_osd,bde4c648d79cf1e3365396e7e32b8cc1e1780aa5479672ca740622ea9617b293,"{""basis"":""x"",""d"":7,""p"":0.006,""rounds"":7}",
      1024,        17,         0,   0.238,pymatching,b2e4403a01049f02f5230f4559903a77209390637e2a3377803d13c78bf92c4b,"{""basis"":""x"",""d"":9,""p"":0.006,""rounds"":9}",
         3,         0,         0,    1.12,belief_find,432e4d770c6e9af5107117e1ccb8684ea1a2983791287285e3b636426f1207bb,"{""basis"":""x"",""d"":5,""p"":0.006,""rounds"":5}",
      6144,         5,         0,    2.29,pymatching-correlated,bb744af68fda44142af07cbe5a2c9da6ee75743e8c1493b26d37336f89af963d,"{""basis"":""x"",""d"":9,""p"":0.004,""rounds"":9}",
      5120,        80,         0,    1.37,pymatching-correlated,db00916d803f8f9f723e8553f13c92a1343ab109599a512bba7b47f8e115763e,"{""basis"":""x"",""d"":7,""p"":0.006,""rounds"":7}",
         1,         0,         0,   0.828,belief_find,0d02f2c07f1d8ae6fff2baf3dc54b145177b3ae3671f2968798ca03aeb160059,"{""basis"":""x"",""d"":7,""p"":0.006,""rounds"":7}",
    116736,        34,         0,    3.01,pymatching,211037a20246bab0b185c4313d215d4231816cf7c92981f811223783cbc23684,"{""basis"":""x"",""d"":7,""p"":0.002,""rounds"":7}",
      1024,        21,         0,   0.234,pymatching,b2e4403a01049f02f5230f4559903a77209390637e2a3377803d13c78bf92c4b,"{""basis"":""x"",""d"":9,""p"":0.006,""rounds"":9}",
      6144,        87,         0,    2.48,bp_osd,90398baf398ad97eea4123916adefc62b5d77cf2ad7d080c13d43cd709fc2415,"{""basis"":""x"",""d"":3,""p"":0.004,""rounds"":3}",
      5120,        83,         0,    2.18,belief_find,68b106f4784274ace44e0db862ccd504ac407090e64b5336e359c480e5b3a524,"{""basis"":""x"",""d"":3,""p"":0.004,""rounds"":3}",
      5120,        16,         0,    2.50,belief_find,b0ba6ff4e7d908c841df926c53593f09702fba5264c2230f8355fb9e8a320248,"{""basis"":""x"",""d"":3,""p"":0.002,""rounds"":3}",
         1,         0,         0,   0.816,bp_osd,bea659dce592d9e7dac18f52c515962b5cbd335311a89f928680c06a69db9fa0,"{""basis"":""x"",""d"":7,""p"":0.004,""rounds"":7}",
         1,         0,         0,    2.41,bp_osd,b6dad9c90c8f2c730e10c773f02ee37f8b522e8eacb860a5f6088f55ef19c415,"{""basis"":""x"",""d"":9,""p"":0.004,""rounds"":9}",
      1024,        26,         0,   0.192,pymatching,b2e4403a01049f02f5230f4559903a77209390637e2a3377803d13c78bf92c4b,"{""basis"":""x"",""d"":9,""p"":0.006,""rounds"":9}",
      6144,        21,         0,    2.34,bp_osd,ed968c388b1c4e1b1aa25213fc01cb94dd7f8cfb1bc5a7bbfe65dc3f985d549c,"{""basis"":""x"",""d"":3,""p"":0.002,""rounds"":3}",
      1024,        29,         0,   0.175,pymatching,b2e4403a01049f02f5230f4559903a77209390637e2a3377803d13c78bf92c4b,"{""basis"":""x"",""d"":9,""p"":0.006,""rounds"":9}",
         1,         0,         0,   0.919,bp_osd,0e39c1138d6c1114c36527bb081603ff7322700376901eea078c7a4c266aacb7,"{""basis"":""x"",""d"":7,""p"":0.002,""rounds"":7}",
     46080,         8,         0,    3.04,pymatching-correlated,8d31a5af7e47a29552746161a7872447a9c481206e8d6cc8a2df594c77d0c0d3,"{""basis"":""x"",""d"":7,""p"":0.002,""rounds"":7}",
         1,         0,         0,    1.25,belief_find,d51b11287f46a3bcc136577b149fb14f59784df0ca4f66e423e8124e96cab3be,"{""basis"":""x"",""d"":7,""p"":0.002,""rounds"":7}",
     67584,        10,         0,    3.07,pymatching,4411aa2b75799e06e98b76225c85f1c6356ae13a44e920c8fd1f1399c8b75f6e,"{""basis"":""x"",""d"":9,""p"":0.002,""rounds"":9}",
      2048,        49,         0,   0.235,pymatching,b2e4403a01049f02f5230f4559903a77209390637e2a3377803d13c78bf92c4b,"{""basis"":""x"",""d"":9,""p"":0.006,""rounds"":9}",
         1,         0,         0,    2.32,belief_find,61b66453647c0a31f60a3d02c40fbc31e29d23b7241dcb9c131c924dd2125464,"{""basis"":""x"",""d"":9,""p"":0.004,""rounds"":9}",
      5120,       112,         0,    2.70,bp_osd,d8b7d14d2cfc9a6d87edd95334d53709b848a6170ecc5955fb9828e3db89a9f3,"{""basis"":""x"",""d"":3,""p"":0.006,""rounds"":3}",
       160,         0,         0,    2.54,bp_osd,1da0e12676298acb068722f0806e2392354cf9f83bb925f4e526b6dbabd44b9f,"{""basis"":""x"",""d"":5,""p"":0.002,""rounds"":5}",
         1,         0,         0,    1.20,bp_osd,bde4c648d79cf1e3365396e7e32b8cc1e1780aa5479672ca740622ea9617b293,"{""basis"":""x"",""d"":7,""p"":0.006,""rounds"":7}",
         1,         0,         0,   0.628,bp_osd,bea659dce592d9e7dac18f52c515962b5cbd335311a89f928680c06a69db9fa0,"{""basis"":""x"",""d"":7,""p"":0.004,""rounds"":7}",
         1,         1,         0,    1.44,belief_find,08c351f14149e77f75508015fc09a988b4c3c6d7829ffc9c3b4f3f80f7e42ed9,"{""basis"":""x"",""d"":7,""p"":0.004,""rounds"":7}",
         1,         0,         0,    1.86,bp_osd,2d73ea91da0935aeafe2d7ca60ec6f0e9077dde8f43e8ace1585847c2d1cd948,"{""basis"":""x"",""d"":9,""p"":0.002,""rounds"":9}",
         4,         0,         0,    1.15,belief_find,432e4d770c6e9af5107117e1ccb8684ea1a2983791287285e3b636426f1207bb,"{""basis"":""x"",""d"":5,""p"":0.006,""rounds"":5}",
      2048,        35,         0,   0.401,pymatching,b2e4403a01049f02f5230f4559903a77209390637e2a3377803d13c78bf92c4b,"{""basis"":""x"",""d"":9,""p"":0.006,""rounds"":9}",
         1,         0,         0,   0.761,bp_osd,0e39c1138d6c1114c36527bb081603ff7322700376901eea078c7a4c266aacb7,"{""basis"":""x"",""d"":7,""p"":0.002,""rounds"":7}",
         1,         0,         0,    1.21,belief_find,0d02f2c07f1d8ae6fff2baf3dc54b145177b3ae3671f2968798ca03aeb160059,"{""basis"":""x"",""d"":7,""p"":0.006,""rounds"":7}",
        64,         0,         0,    2.24,belief_find,0fb7771dbd9887db4b6fc218263bbd2e3969225adaa47ea7567eb9e8ad439bb6,"{""basis"":""x"",""d"":5,""p"":0.004,""rounds"":5}",
        80,         0,         0,    2.40,belief_find,fb346a467f737aabcb9aba63dd7faf2005530c4b22c77f1d00dacd3a7873437a,"{""basis"":""x"",""d"":5,""p"":0.002,""rounds"":5}",
         1,         0,         0,    2.48,belief_find,50286a7a2e3fbed7ea5bbc9c7df22764c3c206917c449a465f94fc1372fb5214,"{""basis"":""x"",""d"":9,""p"":0.002,""rounds"":9}",
        64,         1,         0,    1.84,bp_osd,0f5fedb62b0fbb8bb5c9aa8da74b33824185b181e70d16c2f975dbf66876e279,"{""basis"":""x"",""d"":5,""p"":0.006,""rounds"":5}",
     22528,        69,         0,    3.14,pymatching-correlated,1539299af7a66d73d3ade7580cc0ccde40d86fd949af58973753d32dbb8103d2,"{""basis"":""x"",""d"":7,""p"":0.004,""rounds"":7}",
      9216,       115,         0,    1.61,pymatching-correlated,db00916d803f8f9f723e8553f13c92a1343ab109599a512bba7b47f8e115763e,"{""basis"":""x"",""d"":7,""p"":0.006,""rounds"":7}",
      2048,        47,         0,   0.519,pymatching,b2e4403a01049f02f5230f4559903a77209390637e2a3377803d13c78bf92c4b,"{""basis"":""x"",""d"":9,""p"":0.006,""rounds"":9}",
         1,         0,         0,    1.12,belief_find,d51b11287f46a3bcc136577b149fb14f59784df0ca4f66e423e8124e96cab3be,"{""basis"":""x"",""d"":7,""p"":0.002,""rounds"":7}",
     26624,        78,         0,    3.11,pymatching,4e405887ea3578b2eae7f24690a14f5dd9ef3411df5a426ca7be3a2cb0a94dd0,"{""basis"":""x"",""d"":9,""p"":0.004,""rounds"":9}",
         1,         0,         0,    1.02,bp_osd,bea659dce592d9e7dac18f52c515962b5cbd335311a89f928680c06a69db9fa0,"{""basis"":""x"",""d"":7,""p"":0.004,""rounds"":7}",
        24,         0,         0,    2.32,bp_osd,eadd520de7a8aab6cc9278546305b2159b96f6aa8193b0f38bcac88a86353a49,"{""basis"":""x"",""d"":5,""p"":0.004,""rounds"":5}",
      4096,       126,         0,    2.69,belief_find,78819ae3963f810a3418031936d3935349ec02afd13e0b9cdb465507492c7288,"{""basis"":""x"",""d"":3,""p"":0.006,""rounds"":3}",
         1,         0,         0,    1.13,belief_find,08c351f14149e77f75508015fc09a988b4c3c6d7829ffc9c3b4f3f80f7e42ed9,"{""basis"":""x"",""d"":7,""p"":0.004,""rounds"":7}",
     19456,         0,         0,    3.07,pymatching-correlated,8cb7d484f825de4c869aa5721e37ea761242e75cdf343284f92f182763d73a30,"{""basis"":""x"",""d"":9,""p"":0.002,""rounds"":9}",
         1,         0,         0,   0.850,belief_find,0d02f2c07f1d8ae6fff2baf3dc54b145177b3ae3671f2968798ca03aeb160059,"{""basis"":""x"",""d"":7,""p"":0.006,""rounds"":7}",
      2048,        54,         0,   0.467,pymatching,b2e4403a01049f02f5230f4559903a77209390637e2a3377803d13c78bf92c4b,"{""basis"":""x"",""d"":9,""p"":0.006,""rounds"":9}",
         1,         0,         0,    1.33,bp_osd,bde4c648d79cf1e3365396e7e32b8cc1e1780aa5479672ca740622ea9617b293,"{""basis"":""x"",""d"":7,""p"":0.006,""rounds"":7}",
      3072,        73,         0,    1.56,bp_osd,d8b7d14d2cfc9a6d87edd95334d53709b848a6170ecc5955fb9828e3db89a9f3,"{""basis"":""x"",""d"":3,""p"":0.006,""rounds"":3}",
      3072,        43,         0,   0.903,pymatching-correlated,db00916d803f8f9f723e8553f13c92a1343ab109599a512bba7b47f8e115763e,"{""basis"":""x"",""d"":7,""p"":0.006,""rounds"":7}",
         1,         0,         0,    1.30,bp_osd,0e39c1138d6c1114c36527bb081603ff7322700376901eea078c7a4c266aacb7,"{""basis"":""x"",""d"":7,""p"":0.002,""rounds"":7}",
         1,         0,         0,    2.27,bp_osd,b6dad9c90c8f2c730e10c773f02ee37f8b522e8eacb860a5f6088f55ef19c415,"{""basis"":""x"",""d"":9,""p"":0.004,""rounds"":9}",
         1,         0,         0,   0.923,bp_osd,bea659dce592d9e7dac18f52c515962b5cbd335311a89f928680c06a69db9fa0,"{""basis"":""x"",""d"":7,""p"":0.004,""rounds"":7}",
         1,         0,         0,   0.041,pymatching-correlated,d83955529adbb2759a5f9f1d02ef15f1da486e48ce403b7bc1a5dda2833822dc,"{""basis"":""x"",""d"":9,""p"":0.006,""rounds"":9}",
         1,         0,         0,    1.10,belief_find,d51b11287f46a3bcc136577b149fb14f59784df0ca4f66e423e8124e96cab3be,"{""basis"":""x"",""d"":7,""p"":0.002,""rounds"":7}",
      3072,        67,         0,   0.727,pymatching,b2e4403a01049f02f5230f4559903a77209390637e2a3377803d13c78bf92c4b,"{""basis"":""x"",""d"":9,""p"":0.006,""rounds"":9}",
         1,         0,         0,   0.809,belief_find,08c351f14149e77f75508015fc09a988b4c3c6d7829ffc9c3b4f3f80f7e42ed9,"{""basis"":""x"",""d"":7,""p"":0.004,""rounds"":7}",
       136,         2,         0,   0.045,pymatching-correlated,d83955529adbb2759a5f9f1d02ef15f1da486e48ce403b7bc1a5dda2833822dc,"{""basis"":""x"",""d"":9,""p"":0.006,""rounds"":9}",
    101527,        36,         0,    2.72,pymatching,211037a20246bab0b185c4313d215d4231816cf7c92981f811223783cbc23684,"{""basis"":""x"",""d"":7,""p"":0.002,""rounds"":7}",
         1,         0,         0,    1.94,bp_osd,2d73ea91da0935aeafe2d7ca60ec6f0e9077dde8f43e8ace1585847c2d1cd948,"{""basis"":""x"",""d"":9,""p"":0.002,""rounds"":9}",
         1,         0,         0,    2.30,belief_find,61b66453647c0a31f60a3d02c40fbc31e29d23b7241dcb9c131c924dd2125464,"{""basis"":""x"",""d"":9,""p"":0.004,""rounds"":9}",
        12,         0,         0,    2.01,belief_find,432e4d770c6e9af5107117e1ccb8684ea1a2983791287285e3b636426f1207bb,"{""basis"":""x"",""d"":5,""p"":0.006,""rounds"":5}",
         1,         0,         0,   0.913,bp_osd,bde4c648d79cf1e3365396e7e32b8cc1e1780aa5479672ca740622ea9617b293,"{""basis"":""x"",""d"":7,""p"":0.006,""rounds"":7}",
         1,         0,         0,    1.15,belief_find,0d02f2c07f1d8ae6fff2baf3dc54b145177b3ae3671f2968798ca03aeb160059,"{""basis"":""x"",""d"":7,""p"":0.006,""rounds"":7}",
      7168,        97,         0,    3.22,bp_osd,90398baf398ad97eea4123916adefc62b5d77cf2ad7d080c13d43cd709fc2415,"{""basis"":""x"",""d"":3,""p"":0.004,""rounds"":3}",
      9216,        12,         0,    3.40,pymatching-correlated,bb744af68fda44142af07cbe5a2c9da6ee75743e8c1493b26d37336f89af963d,"{""basis"":""x"",""d"":9,""p"":0.004,""rounds"":9}",
      3072,        78,         0,    1.67,belief_find,78819ae3963f810a3418031936d3935349ec02afd13e0b9cdb465507492c7288,"{""basis"":""x"",""d"":3,""p"":0.006,""rounds"":3}",
      9216,        28,         0,    3.30,bp_osd,ed968c388b1c4e1b1aa25213fc01cb94dd7f8cfb1bc5a7bbfe65dc3f985d549c,"{""basis"":""x"",""d"":3,""p"":0.002,""rounds"":3}",
         1,         0,         0,    2.32,belief_find,50286a7a2e3fbed7ea5bbc9c7df22764c3c206917c449a465f94fc1372fb5214,"{""basis"":""x"",""d"":9,""p"":0.002,""rounds"":9}",
      8192,        19,         0,    3.49,belief_find,b0ba6ff4e7d908c841df926c53593f09702fba5264c2230f8355fb9e8a320248,"{""basis"":""x"",""d"":3,""p"":0.002,""rounds"":3}",
      3345,       150,         0,   0.015,pymatching,00104fbda430b56dde6e8b74732cb994074630f234b562d1d3274aff77214620,"{""basis"":""x"",""d"":3,""p"":0.008,""rounds"":3}",
      1024,        48,         0,   0.014,pymatching,00104fbda430b56dde6e8b74732cb994074630f234b562d1d3274aff77214620,"{""basis"":""x"",""d"":3,""p"":0.008,""rounds"":3}",
      3072,       122,         0,   0.028,pymatching,00104fbda430b56dde6e8b74732cb994074630f234b562d1d3274aff77214620,"{""basis"":""x"",""d"":3,""p"":0.008,""rounds"":3}",
      4096,       198,         0,   0.038,pymatching,00104fbda430b56dde6e8b74732cb994074630f234b562d1d3274aff77214620,"{""basis"":""x"",""d"":3,""p"":0.008,""rounds"":3}",
      5120,       120,         0,    1.04,pymatching,b2e4403a01049f02f5230f4559903a77209390637e2a3377803d13c78bf92c4b,"{""basis"":""x"",""d"":9,""p"":0.006,""rounds"":9}",
      1024,        13,         0,    1.03,pymatching-correlated,d83955529adbb2759a5f9f1d02ef15f1da486e48ce403b7bc1a5dda2833822dc,"{""basis"":""x"",""d"":9,""p"":0.006,""rounds"":9}",
         1,         0,         0,    1.09,belief_find,d51b11287f46a3bcc136577b149fb14f59784df0ca4f66e423e8124e96cab3be,"{""basis"":""x"",""d"":7,""p"":0.002,""rounds"":7}",
         1,         0,         0,   0.014,pymatching-correlated,afce7244fa0ee2acdaa8bd136ce9167650c6bc21eef13e7c4f897f7925718f7e,"{""basis"":""x"",""d"":3,""p"":0.008,""rounds"":3}",
       272,         9,         0,   0.022,pymatching-correlated,afce7244fa0ee2acdaa8bd136ce9167650c6bc21eef13e7c4f897f7925718f7e,"{""basis"":""x"",""d"":3,""p"":0.008,""rounds"":3}",
      7168,       108,         0,    3.78,belief_find,68b106f4784274ace44e0db862ccd504ac407090e64b5336e359c480e5b3a524,"{""basis"":""x"",""d"":3,""p"":0.004,""rounds"":3}",
         1,         0,         0,    1.43,bp_osd,0e39c1138d6c1114c36527bb081603ff7322700376901eea078c7a4c266aacb7,"{""basis"":""x"",""d"":7,""p"":0.002,""rounds"":7}",
      2048,        87,         0,   0.048,pymatching-correlated,afce7244fa0ee2acdaa8bd136ce9167650c6bc21eef13e7c4f897f7925718f7e,"{""basis"":""x"",""d"":3,""p"":0.008,""rounds"":3}",
      2048,        85,         0,   0.036,pymatching-correlated,afce7244fa0ee2acdaa8bd136ce9167650c6bc21eef13e7c4f897f7925718f7e,"{""basis"":""x"",""d"":3,""p"":0.008,""rounds"":3}",
        80,         1,         0,    2.64,bp_osd,0f5fedb62b0fbb8bb5c9aa8da74b33824185b181e70d16c2f975dbf66876e279,"{""basis"":""x"",""d"":5,""p"":0.006,""rounds"":5}",
      2048,        89,         0,   0.040,pymatching-correlated,afce7244fa0ee2acdaa8bd136ce9167650c6bc21eef13e7c4f897f7925718f7e,"{""basis"":""x"",""d"":3,""p"":0.008,""rounds"":3}",
         1,         0,         0,    1.24,belief_find,08c351f14149e77f75508015fc09a988b4c3c6d7829ffc9c3b4f3f80f7e42ed9,"{""basis"":""x"",""d"":7,""p"":0.004,""rounds"":7}",
         1,         0,         0,   0.131,bp_osd,df5e409534563c8f58a3a9cb8f9d8aa3f655f9f245d9677ee34e74c016efdaa1,"{""basis"":""x"",""d"":3,""p"":0.008,""rounds"":3}",
         1,         0,         0,    1.34,bp_osd,bea659dce592d9e7dac18f52c515962b5cbd335311a89f928680c06a69db9fa0,"{""basis"":""x"",""d"":7,""p"":0.004,""rounds"":7}",
      3072,       137,         0,   0.054,pymatching-correlated,afce7244fa0ee2acdaa8bd136ce9167650c6bc21eef13e7c4f897f7925718f7e,"{""basis"":""x"",""d"":3,""p"":0.008,""rounds"":3}",
      3072,       134,         0,   0.016,pymatching-correlated,afce7244fa0ee2acdaa8bd136ce9167650c6bc21eef13e7c4f897f7925718f7e,"{""basis"":""x"",""d"":3,""p"":0.008,""rounds"":3}",
         1,         0,         0,    1.06,bp_osd,bde4c648d79cf1e3365396e7e32b8cc1e1780aa5479672ca740622ea9617b293,"{""basis"":""x"",""d"":7,""p"":0.006,""rounds"":7}",
         4,         0,         0,   0.188,bp_osd,df5e409534563c8f58a3a9cb8f9d8aa3f655f9f245d9677ee34e74c016efdaa1,"{""basis"":""x"",""d"":3,""p"":0.008,""rounds"":3}",
       224,         3,         0,    3.50,bp_osd,1da0e12676298acb068722f0806e2392354cf9f83bb925f4e526b6dbabd44b9f,"{""basis"":""x"",""d"":5,""p"":0.002,""rounds"":5}",
         1,         0,         0,   0.137,belief_find,d7f401d6a9b767e010cd629b30d8c8e5b66deac8508f00802ad5eb1d2f35bfdb,"{""basis"":""x"",""d"":3,""p"":0.008,""rounds"":3}",
       112,         0,         0,    3.14,belief_find,fb346a467f737aabcb9aba63dd7faf2005530c4b22c77f1d00dacd3a7873437a,"{""basis"":""x"",""d"":5,""p"":0.002,""rounds"":5}",
      1024,         6,         0,   0.601,pymatching-correlated,d83955529adbb2759a5f9f1d02ef15f1da486e48ce403b7bc1a5dda2833822dc,"{""basis"":""x"",""d"":9,""p"":0.006,""rounds"":9}",
         8,         1,         0,   0.181,bp_osd,df5e409534563c8f58a3a9cb8f9d8aa3f655f9f245d9677ee34e74c016efdaa1,"{""basis"":""x"",""d"":3,""p"":0.008,""rounds"":3}",
         4,         1,         0,   0.123,belief_find,d7f401d6a9b767e010cd629b30d8c8e5b66deac8508f00802ad5eb1d2f35bfdb,"{""basis"":""x"",""d"":3,""p"":0.008,""rounds"":3}",
        16,         1,         0,   0.082,belief_find,d7f401d6a9b767e010cd629b30d8c8e5b66deac8508f00802ad5eb1d2f35bfdb,"{""basis"":""x"",""d"":3,""p"":0.008,""rounds"":3}",
        16,         0,         0,   0.137,bp_osd,df5e409534563c8f58a3a9cb8f9d8aa3f655f9f245d9677ee34e74c016efdaa1,"{""basis"":""x"",""d"":3,""p"":0.008,""rounds"":3}",
       112,         1,         0,    3.49,belief_find,0fb7771dbd9887db4b6fc218263bbd2e3969225adaa47ea7567eb9e8ad439bb6,"{""basis"":""x"",""d"":5,""p"":0.004,""rounds"":5}",
        64,         4,         0,   0.190,belief_find,d7f401d6a9b767e010cd629b30d8c8e5b66deac8508f00802ad5eb1d2f35bfdb,"{""basis"":""x"",""d"":3,""p"":0.008,""rounds"":3}",
         1,         0,         0,    1.57,belief_find,0d02f2c07f1d8ae6fff2baf3dc54b145177b3ae3671f2968798ca03aeb160059,"{""basis"":""x"",""d"":7,""p"":0.006,""rounds"":7}",
        64,         3,         0,   0.213,bp_osd,df5e409534563c8f58a3a9cb8f9d8aa3f655f9f245d9677ee34e74c016efdaa1,"{""basis"":""x"",""d"":3,""p"":0.008,""rounds"":3}",
     66560,         8,         0,    4.30,pymatching-correlated,8d31a5af7e47a29552746161a7872447a9c481206e8d6cc8a2df594c77d0c0d3,"{""basis"":""x"",""d"":7,""p"":0.002,""rounds"":7}",
     80896,        14,         0,    4.25,pymatching,4411aa2b75799e06e98b76225c85f1c6356ae13a44e920c8fd1f1399c8b75f6e,"{""basis"":""x"",""d"":9,""p"":0.002,""rounds"":9}",
       128,         7,         0,   0.275,belief_find,d7f401d6a9b767e010cd629b30d8c8e5b66deac8508f00802ad5eb1d2f35bfdb,"{""basis"":""x"",""d"":3,""p"":0.008,""rounds"":3}",
       128,         4,         0,   0.218,bp_osd,df5e409534563c8f58a3a9cb8f9d8aa3f655f9f245d9677ee34e74c016efdaa1,"{""basis"":""x"",""d"":3,""p"":0.008,""rounds"":3}",
      1024,         9,         0,   0.632,pymatching-correlated,d83955529adbb2759a5f9f1d02ef15f1da486e48ce403b7bc1a5dda2833822dc,"{""basis"":""x"",""d"":9,""p"":0.006,""rounds"":9}",
         1,         0,         0,   0.984,bp_osd,bea659dce592d9e7dac18f52c515962b5cbd335311a89f928680c06a69db9fa0,"{""basis"":""x"",""d"":7,""p"":0.004,""rounds"":7}",
         1,         0,         0,    2.56,bp_osd,b6dad9c90c8f2c730e10c773f02ee37f8b522e8eacb860a5f6088f55ef19c415,"{""basis"":""x"",""d"":9,""p"":0.004,""rounds"":9}",
        60,         1,         0,    3.19,bp_osd,eadd520de7a8aab6cc9278546305b2159b96f6aa8193b0f38bcac88a86353a49,"{""basis"":""x"",""d"":5,""p"":0.004,""rounds"":5}",
         1,         0,         0,    1.26,belief_find,d51b11287f46a3bcc136577b149fb14f59784df0ca4f66e423e8124e96cab3be,"{""basis"":""x"",""d"":7,""p"":0.002,""rounds"":7}",
       256,        11,         0,   0.163,bp_osd,df5e409534563c8f58a3a9cb8f9d8aa3f655f9f245d9677ee34e74c016efdaa1,"{""basis"":""x"",""d"":3,""p"":0.008,""rounds"":3}",
         1,         0,         0,    1.05,bp_osd,bde4c648d79cf1e3365396e7e32b8cc1e1780aa5479672ca740622ea9617b293,"{""basis"":""x"",""d"":7,""p"":0.006,""rounds"":7}",
        20,         1,         0,    2.19,belief_find,432e4d770c6e9af5107117e1ccb8684ea1a2983791287285e3b636426f1207bb,"{""basis"":""x"",""d"":5,""p"":0.006,""rounds"":5}",
         1,         0,         0,    2.29,bp_osd,2d73ea91da0935aeafe2d7ca60ec6f0e9077dde8f43e8ace1585847c2d1cd948,"{""basis"":""x"",""d"":9,""p"":0.002,""rounds"":9}",
       256,         9,         0,   0.298,belief_find,d7f401d6a9b767e010cd629b30d8c8e5b66deac8508f00802ad5eb1d2f35bfdb,"{""basis"":""x"",""d"":3,""p"":0.008,""rounds"":3}",
       512,        27,         0,   0.381,bp_osd,df5e409534563c8f58a3a9cb8f9d8aa3f655f9f245d9677ee34e74c016efdaa1,"{""basis"":""x"",""d"":3,""p"":0.008,""rounds"":3}",
         1,         0,         0,    2.75,belief_find,61b66453647c0a31f60a3d02c40fbc31e29d23b7241dcb9c131c924dd2125464,"{""basis"":""x"",""d"":9,""p"":0.004,""rounds"":9}",
       512,        29,         0,   0.465,belief_find,d7f401d6a9b767e010cd629b30d8c8e5b66deac8508f00802ad5eb1d2f35bfdb,"{""basis"":""x"",""d"":3,""p"":0.008,""rounds"":3}",
      1024,        14,         0,   0.734,pymatching-correlated,d83955529adbb2759a5f9f1d02ef15f1da486e48ce403b7bc1a5dda2833822dc,"{""basis"":""x"",""d"":9,""p"":0.006,""rounds"":9}",
         1,         0,         0,    1.04,belief_find,0d02f2c07f1d8ae6fff2baf3dc54b145177b3ae3671f2968798ca03aeb160059,"{""basis"":""x"",""d"":7,""p"":0.006,""rounds"":7}",
         2,         0,         0,    1.95,bp_osd,0e39c1138d6c1114c36527bb081603ff7322700376901eea078c7a4c266aacb7,"{""basis"":""x"",""d"":7,""p"":0.002,""rounds"":7}",
         1,         0,         0,    2.89,bp_osd,f61743ccff3d8a1cd76876798066ba1f0231db9250063f361c9f349986c7cfc1,"{""basis"":""x"",""d"":9,""p"":0.006,""rounds"":9}",
         2,         0,         0,    1.86,belief_find,08c351f14149e77f75508015fc09a988b4c3c6d7829ffc9c3b4f3f80f7e42ed9,"{""basis"":""x"",""d"":7,""p"":0.004,""rounds"":7}",
         1,         0,         0,    2.83,belief_find,929d2f23fbab2e31fea8f507eea8efc347f347671a02a93806f9e90581c1bc13,"{""basis"":""x"",""d"":9,""p"":0.006,""rounds"":9}",
     32768,       118,         0,    4.53,pymatching-correlated,1539299af7a66d73d3ade7580cc0ccde40d86fd949af58973753d32dbb8103d2,"{""basis"":""x"",""d"":7,""p"":0.004,""rounds"":7}",
       512,        30,         0,   0.515,bp_osd,df5e409534563c8f58a3a9cb8f9d8aa3f655f9f245d9677ee34e74c016efdaa1,"{""basis"":""x"",""d"":3,""p"":0.008,""rounds"":3}",
     35840,       103,         0,    4.33,pymatching,4e405887ea3578b2eae7f24690a14f5dd9ef3411df5a426ca7be3a2cb0a94dd0,"{""basis"":""x"",""d"":9,""p"":0.004,""rounds"":9}",
         1,         0,         0,    1.13,bp_osd,bea659dce592d9e7dac18f52c515962b5cbd335311a89f928680c06a69db9fa0,"{""basis"":""x"",""d"":7,""p"":0.004,""rounds"":7}",
     23552,         0,         0,    4.31,pymatching-correlated,8cb7d484f825de4c869aa5721e37ea761242e75cdf343284f92f182763d73a30,"{""basis"":""x"",""d"":9,""p"":0.002,""rounds"":9}",
       512,        22,         0,   0.582,belief_find,d7f401d6a9b767e010cd629b30d8c8e5b66deac8508f00802ad5eb1d2f35bfdb,"{""basis"":""x"",""d"":3,""p"":0.008,""rounds"":3}",
       512,        20,         0,   0.282,bp_osd,df5e409534563c8f58a3a9cb8f9d8aa3f655f9f245d9677ee34e74c016efdaa1,"{""basis"":""x"",""d"":3,""p"":0.008,""rounds"":3}",
      1024,         7,         0,   0.645,pymatching-correlated,d83955529adbb2759a5f9f1d02ef15f1da486e48ce403b7bc1a5dda2833822dc,"{""basis"":""x"",""d"":9,""p"":0.006,""rounds"":9}",
         1,         0,         0,    2.88,belief_find,50286a7a2e3fbed7ea5bbc9c7df22764c3c206917c449a465f94fc1372fb5214,"{""basis"":""x"",""d"":9,""p"":0.002,""rounds"":9}",
         1,         0,         0,    1.52,bp_osd,bde4c648d79cf1e3365396e7e32b8cc1e1780aa5479672ca740622ea9617b293,"{""basis"":""x"",""d"":7,""p"":0.006,""rounds"":7}",
      1024,        46,         0,   0.577,bp_osd,df5e409534563c8f58a3a9cb8f9d8aa3f655f9f245d9677ee34e74c016efdaa1,"{""basis"":""x"",""d"":3,""p"":0.008,""rounds"":3}",
      1024,        11,         0,   0.508,pymatching-correlated,d83955529adbb2759a5f9f1d02ef15f1da486e48ce403b7bc1a5dda2833822dc,"{""basis"":""x"",""d"":9,""p"":0.006,""rounds"":9}",
       512,        21,         0,   0.617,belief_find,d7f401d6a9b767e010cd629b30d8c8e5b66deac8508f00802ad5eb1d2f35bfdb,"{""basis"":""x"",""d"":3,""p"":0.008,""rounds"":3}",
         2,         0,         0,    2.09,belief_find,d51b11287f46a3bcc136577b149fb14f59784df0ca4f66e423e8124e96cab3be,"{""basis"":""x"",""d"":7,""p"":0.002,""rounds"":7}",
       512,        25,         0,   0.395,belief_find,d7f401d6a9b767e010cd629b30d8c8e5b66deac8508f00802ad5eb1d2f35bfdb,"{""basis"":""x"",""d"":3,""p"":0.008,""rounds"":3}",
         1,         0,         0,    1.77,belief_find,0d02f2c07f1d8ae6fff2baf3dc54b145177b3ae3671f2968798ca03aeb160059,"{""basis"":""x"",""d"":7,""p"":0.006,""rounds"":7}",
         1,         0,         0,    1.81,bp_osd,0e39c1138d6c1114c36527bb081603ff7322700376901eea078c7a4c266aacb7,"{""basis"":""x"",""d"":7,""p"":0.002,""rounds"":7}",
       512,        20,         0,   0.435,belief_find,d7f401d6a9b767e010cd629b30d8c8e5b66deac8508f00802ad5eb1d2f35bfdb,"{""basis"":""x"",""d"":3,""p"":0.008,""rounds"":3}",
         1,         0,         0,    1.63,bp_osd,bea659dce592d9e7dac18f52c515962b5cbd335311a89f928680c06a69db9fa0,"{""basis"":""x"",""d"":7,""p"":0.004,""rounds"":7}",
        96,         2,         0,    3.85,bp_osd,0f5fedb62b0fbb8bb5c9aa8da74b33824185b181e70d16c2f975dbf66876e279,"{""basis"":""x"",""d"":5,""p"":0.006,""rounds"":5}",
      8192,        25,         0,    4.29,belief_find,b0ba6ff4e7d908c841df926c53593f09702fba5264c2230f8355fb9e8a320248,"{""basis"":""x"",""d"":3,""p"":0.002,""rounds"":3}",
         1,         0,         0,    1.29,bp_osd,bde4c648d79cf1e3365396e7e32b8cc1e1780aa5479672ca740622ea9617b293,"{""basis"":""x"",""d"":7,""p"":0.006,""rounds"":7}",
      1024,        42,         0,    1.06,bp_osd,df5e409534563c8f58a3a9cb8f9d8aa3f655f9f245d9677ee34e74c016efdaa1,"{""basis"":""x"",""d"":3,""p"":0.008,""rounds"":3}",
     10240,        59,         0,    4.40,bp_osd,ed968c388b1c4e1b1aa25213fc01cb94dd7f8cfb1bc5a7bbfe65dc3f985d549c,"{""basis"":""x"",""d"":3,""p"":0.002,""rounds"":3}",
      9216,       116,         0,    4.75,bp_osd,90398baf398ad97eea4123916adefc62b5d77cf2ad7d080c13d43cd709fc2415,"{""basis"":""x"",""d"":3,""p"":0.004,""rounds"":3}",
      1024,        12,         0,    1.11,pymatching-correlated,d83955529adbb2759a5f9f1d02ef15f1da486e48ce403b7bc1a5dda2833822dc,"{""basis"":""x"",""d"":9,""p"":0.006,""rounds"":9}",
     13312,        11,         0,    4.89,pymatching-correlated,bb744af68fda44142af07cbe5a2c9da6ee75743e8c1493b26d37336f89af963d,"{""basis"":""x"",""d"":9,""p"":0.004,""rounds"":9}",
         1,         0,         0,    2.98,bp_osd,2d73ea91da0935aeafe2d7ca60ec6f0e9077dde8f43e8ace1585847c2d1cd948,"{""basis"":""x"",""d"":9,""p"":0.002,""rounds"":9}",
         1,         0,         0,    3.21,bp_osd,b6dad9c90c8f2c730e10c773f02ee37f8b522e8eacb860a5f6088f55ef19c415,"{""basis"":""x"",""d"":9,""p"":0.004,""rounds"":9}",
      7168,        92,         0,    4.45,belief_find,68b106f4784274ace44e0db862ccd504ac407090e64b5336e359c480e5b3a524,"{""basis"":""x"",""d"":3,""p"":0.004,""rounds"":3}",
       512,        19,         0,   0.635,belief_find,d7f401d6a9b767e010cd629b30d8c8e5b66deac8508f00802ad5eb1d2f35bfdb,"{""basis"":""x"",""d"":3,""p"":0.008,""rounds"":3}",
      1024,         7,         0,   0.459,pymatching-correlated,d83955529adbb2759a5f9f1d02ef15f1da486e48ce403b7bc1a5dda2833822dc,"{""basis"":""x"",""d"":9,""p"":0.006,""rounds"":9}",
      1024,        41,         0,   0.637,bp_osd,df5e409534563c8f58a3a9cb8f9d8aa3f655f9f245d9677ee34e74c016efdaa1,"{""basis"":""x"",""d"":3,""p"":0.008,""rounds"":3}",
         1,         0,         0,    2.96,belief_find,61b66453647c0a31f60a3d02c40fbc31e29d23b7241dcb9c131c924dd2125464,"{""basis"":""x"",""d"":9,""p"":0.004,""rounds"":9}",
         2,         0,         0,    2.92,belief_find,08c351f14149e77f75508015fc09a988b4c3c6d7829ffc9c3b4f3f80f7e42ed9,"{""basis"":""x"",""d"":7,""p"":0.004,""rounds"":7}",
        32,         0,         0,    3.65,belief_find,432e4d770c6e9af5107117e1ccb8684ea1a2983791287285e3b636426f1207bb,"{""basis"":""x"",""d"":5,""p"":0.006,""rounds"":5}",
         1,         0,         0,    1.31,belief_find,0d02f2c07f1d8ae6fff2baf3dc54b145177b3ae3671f2968798ca03aeb160059,"{""basis"":""x"",""d"":7,""p"":0.006,""rounds"":7}",
         1,         0,         0,    1.69,belief_find,d51b11287f46a3bcc136577b149fb14f59784df0ca4f66e423e8124e96cab3be,"{""basis"":""x"",""d"":7,""p"":0.002,""rounds"":7}",
         1,         1,         0,   0.925,bp_osd,bde4c648d79cf1e3365396e7e32b8cc1e1780aa5479672ca740622ea9617b293,"{""basis"":""x"",""d"":7,""p"":0.006,""rounds"":7}",
      1024,         7,         0,   0.588,belief_find,68b106f4784274ace44e0db862ccd504ac407090e64b5336e359c480e5b3a524,"{""basis"":""x"",""d"":3,""p"":0.004,""rounds"":3}",
         1,         0,         0,    3.06,belief_find,929d2f23fbab2e31fea8f507eea8efc347f347671a02a93806f9e90581c1bc13,"{""basis"":""x"",""d"":9,""p"":0.006,""rounds"":9}",
      1024,        11,         0,   0.474,pymatching-correlated,d83955529adbb2759a5f9f1d02ef15f1da486e48ce403b7bc1a5dda2833822dc,"{""basis"":""x"",""d"":9,""p"":0.006,""rounds"":9}",
       224,         0,         0,    4.58,belief_find,fb346a467f737aabcb9aba63dd7faf2005530c4b22c77f1d00dacd3a7873437a,"{""basis"":""x"",""d"":5,""p"":0.002,""rounds"":5}",
      2048,        30,         0,   0.985,bp_osd,90398baf398ad97eea4123916adefc62b5d77cf2ad7d080c13d43cd709fc2415,"{""basis"":""x"",""d"":3,""p"":0.004,""rounds"":3}",
       512,        21,         0,   0.628,belief_find,d7f401d6a9b767e010cd629b30d8c8e5b66deac8508f00802ad5eb1d2f35bfdb,"{""basis"":""x"",""d"":3,""p"":0.008,""rounds"":3}",
       128,         0,         0,    4.45,belief_find,0fb7771dbd9887db4b6fc218263bbd2e3969225adaa47ea7567eb9e8ad439bb6,"{""basis"":""x"",""d"":5,""p"":0.004,""rounds"":5}",
       256,         0,         0,    4.87,bp_osd,1da0e12676298acb068722f0806e2392354cf9f83bb925f4e526b6dbabd44b9f,"{""basis"":""x"",""d"":5,""p"":0.002,""rounds"":5}",
        64,         0,         0,    4.32,bp_osd,eadd520de7a8aab6cc9278546305b2159b96f6aa8193b0f38bcac88a86353a49,"{""basis"":""x"",""d"":5,""p"":0.004,""rounds"":5}",
         1,         0,         0,    2.91,belief_find,50286a7a2e3fbed7ea5bbc9c7df22764c3c206917c449a465f94fc1372fb5214,"{""basis"":""x"",""d"":9,""p"":0.002,""rounds"":9}",
         1,         0,         0,    3.57,bp_osd,f61743ccff3d8a1cd76876798066ba1f0231db9250063f361c9f349986c7cfc1,"{""basis"":""x"",""d"":9,""p"":0.006,""rounds"":9}",
      2048,        62,         0,   0.962,bp_osd,df5e409534563c8f58a3a9cb8f9d8aa3f655f9f245d9677ee34e74c016efdaa1,"{""basis"":""x"",""d"":3,""p"":0.008,""rounds"":3}",
         1,         0,         0,   0.890,belief_find,0d02f2c07f1d8ae6fff2baf3dc54b145177b3ae3671f2968798ca03aeb160059,"{""basis"":""x"",""d"":7,""p"":0.006,""rounds"":7}",
      2048,        20,         0,   0.861,pymatching-correlated,d83955529adbb2759a5f9f1d02ef15f1da486e48ce403b7bc1a5dda2833822dc,"{""basis"":""x"",""d"":9,""p"":0.006,""rounds"":9}",
         1,         0,         0,    1.07,bp_osd,bde4c648d79cf1e3365396e7e32b8cc1e1780aa5479672ca740622ea9617b293,"{""basis"":""x"",""d"":7,""p"":0.006,""rounds"":7}",
         2,         0,         0,    2.32,bp_osd,0e39c1138d6c1114c36527bb081603ff7322700376901eea078c7a4c266aacb7,"{""basis"":""x"",""d"":7,""p"":0.002,""rounds"":7}",
      1024,        50,         0,    1.06,belief_find,d7f401d6a9b767e010cd629b30d8c8e5b66deac8508f00802ad5eb1d2f35bfdb,"{""basis"":""x"",""d"":3,""p"":0.008,""rounds"":3}",
         1,         0,         0,    2.27,bp_osd,2d73ea91da0935aeafe2d7ca60ec6f0e9077dde8f43e8ace1585847c2d1cd948,"{""basis"":""x"",""d"":9,""p"":0.002,""rounds"":9}",
       273,        18,         0,   0.041,pymatching,989d3252685d1aaef416276a8f6460d984d3f16c41740a92321a43e93d45db5b,"{""basis"":""x"",""d"":5,""p"":0.008,""rounds"":5}",
         1,         0,         0,   0.024,pymatching-correlated,31de869e6270029a22283ebdbdae692111c8afe5927b54f544703c8da87b4f85,"{""basis"":""x"",""d"":5,""p"":0.008,""rounds"":5}",
      1024,        54,         0,   0.039,pymatching,989d3252685d1aaef416276a8f6460d984d3f16c41740a92321a43e93d45db5b,"{""basis"":""x"",""d"":5,""p"":0.008,""rounds"":5}",
        16,         1,         0,   0.001,pymatching-correlated,31de869e6270029a22283ebdbdae692111c8afe5927b54f544703c8da87b4f85,"{""basis"":""x"",""d"":5,""p"":0.008,""rounds"":5}",
       256,         9,         0,   0.033,pymatching-correlated,31de869e6270029a22283ebdbdae692111c8afe5927b54f544703c8da87b4f85,"{""basis"":""x"",""d"":5,""p"":0.008,""rounds"":5}",
      1024,        60,         0,   0.078,pymatching,989d3252685d1aaef416276a8f6460d984d3f16c41740a92321a43e93d45db5b,"{""basis"":""x"",""d"":5,""p"":0.008,""rounds"":5}",
      1024,        52,         0,   0.057,pymatching-correlated,31de869e6270029a22283ebdbdae692111c8afe5927b54f544703c8da87b4f85,"{""basis"":""x"",""d"":5,""p"":0.008,""rounds"":5}",
         3,         0,         0,    2.88,bp_osd,bea659dce592d9e7dac18f52c515962b5cbd335311a89f928680c06a69db9fa0,"{""basis"":""x"",""d"":7,""p"":0.004,""rounds"":7}",
      1024,        63,         0,   0.063,pymatching,989d3252685d1aaef416276a8f6460d984d3f16c41740a92321a43e93d45db5b,"{""basis"":""x"",""d"":5,""p"":0.008,""rounds"":5}",
      1024,        48,         0,   0.044,pymatching-correlated,31de869e6270029a22283ebdbdae692111c8afe5927b54f544703c8da87b4f85,"{""basis"":""x"",""d"":5,""p"":0.008,""rounds"":5}",
      1024,        57,         0,   0.064,pymatching,989d3252685d1aaef416276a8f6460d984d3f16c41740a92321a43e93d45db5b,"{""basis"":""x"",""d"":5,""p"":0.008,""rounds"":5}",
      2048,        79,         0,   0.059,pymatching-correlated,31de869e6270029a22283ebdbdae692111c8afe5927b54f544703c8da87b4f85,"{""basis"":""x"",""d"":5,""p"":0.008,""rounds"":5}",
      2048,        12,         0,   0.949,pymatching-correlated,d83955529adbb2759a5f9f1d02ef15f1da486e48ce403b7bc1a5dda2833822dc,"{""basis"":""x"",""d"":9,""p"":0.006,""rounds"":9}",
         1,         0,         0,    2.54,bp_osd,b6dad9c90c8f2c730e10c773f02ee37f8b522e8eacb860a5f6088f55ef19c415,"{""basis"":""x"",""d"":9,""p"":0.004,""rounds"":9}",
     86016,         8,         0,    5.98,pymatching-correlated,8d31a5af7e47a29552746161a7872447a9c481206e8d6cc8a2df594c77d0c0d3,"{""basis"":""x"",""d"":7,""p"":0.002,""rounds"":7}",
      1024,        62,         0,   0.058,pymatching,989d3252685d1aaef416276a8f6460d984d3f16c41740a92321a43e93d45db5b,"{""basis"":""x"",""d"":5,""p"":0.008,""rounds"":5}",
      3072,       139,         0,   0.089,pymatching-correlated,31de869e6270029a22283ebdbdae692111c8afe5927b54f544703c8da87b4f85,"{""basis"":""x"",""d"":5,""p"":0.008,""rounds"":5}",
    108544,        10,         0,    5.94,pymatching,4411aa2b75799e06e98b76225c85f1c6356ae13a44e920c8fd1f1399c8b75f6e,"{""basis"":""x"",""d"":9,""p"":0.002,""rounds"":9}",
      3072,       131,         0,    1.32,bp_osd,df5e409534563c8f58a3a9cb8f9d8aa3f655f9f245d9677ee34e74c016efdaa1,"{""basis"":""x"",""d"":3,""p"":0.008,""rounds"":3}",
      2048,       117,         0,   0.103,pymatching,989d3252685d1aaef416276a8f6460d984d3f16c41740a92321a43e93d45db5b,"{""basis"":""x"",""d"":5,""p"":0.008,""rounds"":5}",
      3072,       142,         0,   0.146,pymatching-correlated,31de869e6270029a22283ebdbdae692111c8afe5927b54f544703c8da87b4f85,"{""basis"":""x"",""d"":5,""p"":0.008,""rounds"":5}",
      2048,       128,         0,   0.067,pymatching,989d3252685d1aaef416276a8f6460d984d3f16c41740a92321a43e93d45db5b,"{""basis"":""x"",""d"":5,""p"":0.008,""rounds"":5}",
      1024,        38,         0,   0.032,pymatching-correlated,31de869e6270029a22283ebdbdae692111c8afe5927b54f544703c8da87b4f85,"{""basis"":""x"",""d"":5,""p"":0.008,""rounds"":5}",
         1,         0,         0,    1.30,belief_find,0d02f2c07f1d8ae6fff2baf3dc54b145177b3ae3671f2968798ca03aeb160059,"{""basis"":""x"",""d"":7,""p"":0.006,""rounds"":7}",
         1,         0,         0,    1.23,bp_osd,bde4c648d79cf1e3365396e7e32b8cc1e1780aa5479672ca740622ea9617b293,"{""basis"":""x"",""d"":7,""p"":0.006,""rounds"":7}",
         2,         0,         0,    2.33,belief_find,d51b11287f46a3bcc136577b149fb14f59784df0ca4f66e423e8124e96cab3be,"{""basis"":""x"",""d"":7,""p"":0.002,""rounds"":7}",
         1,         0,         0,    2.30,belief_find,929d2f23fbab2e31fea8f507eea8efc347f347671a02a93806f9e90581c1bc13,"{""basis"":""x"",""d"":9,""p"":0.006,""rounds"":9}",
         1,         0,         0,    1.88,belief_find,50286a7a2e3fbed7ea5bbc9c7df22764c3c206917c449a465f94fc1372fb5214,"{""basis"":""x"",""d"":9,""p"":0.002,""rounds"":9}",
         1,         0,         0,    2.68,belief_find,61b66453647c0a31f60a3d02c40fbc31e29d23b7241dcb9c131c924dd2125464,"{""basis"":""x"",""d"":9,""p"":0.004,""rounds"":9}",
         1,         0,         0,   0.266,bp_osd,a3f8c1a66f853d45669f67c1ed6005ce4fe93728df249efd034154cf21479787,"{""basis"":""x"",""d"":5,""p"":0.008,""rounds"":5}",
         3,         0,         0,    2.74,belief_find,08c351f14149e77f75508015fc09a988b4c3c6d7829ffc9c3b4f3f80f7e42ed9,"{""basis"":""x"",""d"":7,""p"":0.004,""rounds"":7}",
      1536,        74,         0,    1.46,belief_find,d7f401d6a9b767e010cd629b30d8c8e5b66deac8508f00802ad5eb1d2f35bfdb,"{""basis"":""x"",""d"":3,""p"":0.008,""rounds"":3}",
         1,         0,         0,    2.29,bp_osd,f61743ccff3d8a1cd76876798066ba1f0231db9250063f361c9f349986c7cfc1,"{""basis"":""x"",""d"":9,""p"":0.006,""rounds"":9}",
         1,         0,         0,   0.535,belief_find,40f5860e87a45541cb05e23ceb52e1b19e930512a110301face503b80f2db33c,"{""basis"":""x"",""d"":5,""p"":0.008,""rounds"":5}",
     39936,       108,         0,    5.97,pymatching-correlated,1539299af7a66d73d3ade7580cc0ccde40d86fd949af58973753d32dbb8103d2,"{""basis"":""x"",""d"":7,""p"":0.004,""rounds"":7}",
      2048,        24,         0,    1.16,pymatching-correlated,d83955529adbb2759a5f9f1d02ef15f1da486e48ce403b7bc1a5dda2833822dc,"{""basis"":""x"",""d"":9,""p"":0.006,""rounds"":9}",
         2,         1,         0,   0.491,bp_osd,a3f8c1a66f853d45669f67c1ed6005ce4fe93728df249efd034154cf21479787,"{""basis"":""x"",""d"":5,""p"":0.008,""rounds"":5}",
     39936,       118,         0,    5.97,pymatching,4e405887ea3578b2eae7f24690a14f5dd9ef3411df5a426ca7be3a2cb0a94dd0,"{""basis"":""x"",""d"":9,""p"":0.004,""rounds"":9}",
      2048,        99,         0,    1.30,bp_osd,df5e409534563c8f58a3a9cb8f9d8aa3f655f9f245d9677ee34e74c016efdaa1,"{""basis"":""x"",""d"":3,""p"":0.008,""rounds"":3}",
       192,         7,         0,    4.37,bp_osd,0f5fedb62b0fbb8bb5c9aa8da74b33824185b181e70d16c2f975dbf66876e279,"{""basis"":""x"",""d"":5,""p"":0.006,""rounds"":5}",
         1,         0,         0,   0.446,belief_find,40f5860e87a45541cb05e23ceb52e1b19e930512a110301face503b80f2db33c,"{""basis"":""x"",""d"":5,""p"":0.008,""rounds"":5}",
     34816,         0,         0,    5.99,pymatching-correlated,8cb7d484f825de4c869aa5721e37ea761242e75cdf343284f92f182763d73a30,"{""basis"":""x"",""d"":9,""p"":0.002,""rounds"":9}",
         2,         0,         0,   0.391,bp_osd,a3f8c1a66f853d45669f67c1ed6005ce4fe93728df249efd034154cf21479787,"{""basis"":""x"",""d"":5,""p"":0.008,""rounds"":5}",
         1,         0,         0,   0.021,pymatching,4e58e8d4a5c936bd02e08bfc9849ccd440568319690bd7d8e4ba9d5e27cb3f27,"{""basis"":""x"",""d"":7,""p"":0.008,""rounds"":7}",
       272,        23,         0,   0.061,pymatching,4e58e8d4a5c936bd02e08bfc9849ccd440568319690bd7d8e4ba9d5e27cb3f27,"{""basis"":""x"",""d"":7,""p"":0.008,""rounds"":7}",
      1024,        60,         0,   0.140,pymatching,4e58e8d4a5c936bd02e08bfc9849ccd440568319690bd7d8e4ba9d5e27cb3f27,"{""basis"":""x"",""d"":7,""p"":0.008,""rounds"":7}",
         1,         0,         0,   0.549,belief_find,40f5860e87a45541cb05e23ceb52e1b19e930512a110301face503b80f2db33c,"{""basis"":""x"",""d"":5,""p"":0.008,""rounds"":5}",
         1,         0,         0,    1.76,belief_find,0d02f2c07f1d8ae6fff2baf3dc54b145177b3ae3671f2968798ca03aeb160059,"{""basis"":""x"",""d"":7,""p"":0.006,""rounds"":7}",
      1024,        82,         0,   0.075,pymatching,4e58e8d4a5c936bd02e08bfc9849ccd440568319690bd7d8e4ba9d5e27cb3f27,"{""basis"":""x"",""d"":7,""p"":0.008,""rounds"":7}",
         1,         0,         0,    2.48,bp_osd,2d73ea91da0935aeafe2d7ca60ec6f0e9077dde8f43e8ace1585847c2d1cd948,"{""basis"":""x"",""d"":9,""p"":0.002,""rounds"":9}",
         2,         0,         0,   0.544,bp_osd,a3f8c1a66f853d45669f67c1ed6005ce4fe93728df249efd034154cf21479787,"{""basis"":""x"",""d"":5,""p"":0.008,""rounds"":5}",
     10240,        28,         0,   0.975,pymatching,4e405887ea3578b2eae7f24690a14f5dd9ef3411df5a426ca7be3a2cb0a94dd0,"{""basis"":""x"",""d"":9,""p"":0.004,""rounds"":9}",
      1024,        75,         0,   0.232,pymatching,4e58e8d4a5c936bd02e08bfc9849ccd440568319690bd7d8e4ba9d5e27cb3f27,"{""basis"":""x"",""d"":7,""p"":0.008,""rounds"":7}",
         3,         0,         0,    3.20,bp_osd,0e39c1138d6c1114c36527bb081603ff7322700376901eea078c7a4c266aacb7,"{""basis"":""x"",""d"":7,""p"":0.002,""rounds"":7}",
         1,         0,         0,    1.98,belief_find,929d2f23fbab2e31fea8f507eea8efc347f347671a02a93806f9e90581c1bc13,"{""basis"":""x"",""d"":9,""p"":0.006,""rounds"":9}",
      1024,        57,         0,   0.161,pymatching,4e58e8d4a5c936bd02e08bfc9849ccd440568319690bd7d8e4ba9d5e27cb3f27,"{""basis"":""x"",""d"":7,""p"":0.008,""rounds"":7}",
         1,         0,         0,   0.057,pymatching-correlated,f3d7077e4a4d105c8b08a6e22026b1371f8afc6affc706ae758c166c139656a1,"{""basis"":""x"",""d"":7,""p"":0.008,""rounds"":7}",
         8,         0,         0,   0.001,pymatching-correlated,f3d7077e4a4d105c8b08a6e22026b1371f8afc6affc706ae758c166c139656a1,"{""basis"":""x"",""d"":7,""p"":0.008,""rounds"":7}",
      1536,        75,         0,    1.75,belief_find,d7f401d6a9b767e010cd629b30d8c8e5b66deac8508f00802ad5eb1d2f35bfdb,"{""basis"":""x"",""d"":3,""p"":0.008,""rounds"":3}",
       120,         8,         0,    4.47,belief_find,432e4d770c6e9af5107117e1ccb8684ea1a2983791287285e3b636426f1207bb,"{""basis"":""x"",""d"":5,""p"":0.006,""rounds"":5}",
         1,         0,         0,   0.555,belief_find,40f5860e87a45541cb05e23ceb52e1b19e930512a110301face503b80f2db33c,"{""basis"":""x"",""d"":5,""p"":0.008,""rounds"":5}",
       128,         4,         0,   0.057,pymatching-correlated,f3d7077e4a4d105c8b08a6e22026b1371f8afc6affc706ae758c166c139656a1,"{""basis"":""x"",""d"":7,""p"":0.008,""rounds"":7}",
      1024,        69,         0,   0.172,pymatching,4e58e8d4a5c936bd02e08bfc9849ccd440568319690bd7d8e4ba9d5e27cb3f27,"{""basis"":""x"",""d"":7,""p"":0.008,""rounds"":7}",
         2,         0,         0,   0.556,bp_osd,a3f8c1a66f853d45669f67c1ed6005ce4fe93728df249efd034154cf21479787,"{""basis"":""x"",""d"":5,""p"":0.008,""rounds"":5}",
      1024,        66,         0,   0.186,pymatching,4e58e8d4a5c936bd02e08bfc9849ccd440568319690bd7d8e4ba9d5e27cb3f27,"{""basis"":""x"",""d"":7,""p"":0.008,""rounds"":7}",
         1,         0,         0,    2.89,bp_osd,b6dad9c90c8f2c730e10c773f02ee37f8b522e8eacb860a5f6088f55ef19c415,"{""basis"":""x"",""d"":9,""p"":0.004,""rounds"":9}",
         2,         0,         0,   0.216,bp_osd,a3f8c1a66f853d45669f67c1ed6005ce4fe93728df249efd034154cf21479787,"{""basis"":""x"",""d"":5,""p"":0.008,""rounds"":5}",
         3,         0,         0,    2.56,bp_osd,bde4c648d79cf1e3365396e7e32b8cc1e1780aa5479672ca740622ea9617b293,"{""basis"":""x"",""d"":7,""p"":0.006,""rounds"":7}",
         1,         0,         0,    2.48,belief_find,50286a7a2e3fbed7ea5bbc9c7df22764c3c206917c449a465f94fc1372fb5214,"{""basis"":""x"",""d"":9,""p"":0.002,""rounds"":9}",
         1,         0,         0,   0.434,belief_find,40f5860e87a45541cb05e23ceb52e1b19e930512a110301face503b80f2db33c,"{""basis"":""x"",""d"":5,""p"":0.008,""rounds"":5}",
      1024,        73,         0,   0.194,pymatching,4e58e8d4a5c936bd02e08bfc9849ccd440568319690bd7d8e4ba9d5e27cb3f27,"{""basis"":""x"",""d"":7,""p"":0.008,""rounds"":7}",
         3,         0,         0,    3.12,bp_osd,bea659dce592d9e7dac18f52c515962b5cbd335311a89f928680c06a69db9fa0,"{""basis"":""x"",""d"":7,""p"":0.004,""rounds"":7}",
      1024,        50,         0,   0.467,pymatching-correlated,f3d7077e4a4d105c8b08a6e22026b1371f8afc6affc706ae758c166c139656a1,"{""basis"":""x"",""d"":7,""p"":0.008,""rounds"":7}",
      3072,        22,         0,    1.97,pymatching-correlated,d83955529adbb2759a5f9f1d02ef15f1da486e48ce403b7bc1a5dda2833822dc,"{""basis"":""x"",""d"":9,""p"":0.006,""rounds"":9}",
         1,         0,         0,   0.230,belief_find,40f5860e87a45541cb05e23ceb52e1b19e930512a110301face503b80f2db33c,"{""basis"":""x"",""d"":5,""p"":0.008,""rounds"":5}",
         1,         0,         0,    1.22,belief_find,0d02f2c07f1d8ae6fff2baf3dc54b145177b3ae3671f2968798ca03aeb160059,"{""basis"":""x"",""d"":7,""p"":0.006,""rounds"":7}",
     15360,        59,         0,    6.04,bp_osd,ed968c388b1c4e1b1aa25213fc01cb94dd7f8cfb1bc5a7bbfe65dc3f985d549c,"{""basis"":""x"",""d"":3,""p"":0.002,""rounds"":3}",
         1,         0,         0,    2.72,belief_find,61b66453647c0a31f60a3d02c40fbc31e29d23b7241dcb9c131c924dd2125464,"{""basis"":""x"",""d"":9,""p"":0.004,""rounds"":9}",
      1024,        41,         0,   0.458,pymatching-correlated,f3d7077e4a4d105c8b08a6e22026b1371f8afc6affc706ae758c166c139656a1,"{""basis"":""x"",""d"":7,""p"":0.008,""rounds"":7}",
         4,         0,         0,   0.596,bp_osd,a3f8c1a66f853d45669f67c1ed6005ce4fe93728df249efd034154cf21479787,"{""basis"":""x"",""d"":5,""p"":0.008,""rounds"":5}",
         2,         0,         0,   0.347,belief_find,40f5860e87a45541cb05e23ceb52e1b19e930512a110301face503b80f2db33c,"{""basis"":""x"",""d"":5,""p"":0.008,""rounds"":5}",
     12288,        52,         0,    6.50,belief_find,b0ba6ff4e7d908c841df926c53593f09702fba5264c2230f8355fb9e8a320248,"{""basis"":""x"",""d"":3,""p"":0.002,""rounds"":3}",
         1,         0,         0,    2.74,bp_osd,f61743ccff3d8a1cd76876798066ba1f0231db9250063f361c9f349986c7cfc1,"{""basis"":""x"",""d"":9,""p"":0.006,""rounds"":9}",
     20480,        20,         0,    6.44,pymatching-correlated,bb744af68fda44142af07cbe5a2c9da6ee75743e8c1493b26d37336f89af963d,"{""basis"":""x"",""d"":9,""p"":0.004,""rounds"":9}",
         2,         0,         0,   0.329,belief_find,40f5860e87a45541cb05e23ceb52e1b19e930512a110301face503b80f2db33c,"{""basis"":""x"",""d"":5,""p"":0.008,""rounds"":5}",
      1024,        39,         0,   0.421,pymatching-correlated,f3d7077e4a4d105c8b08a6e22026b1371f8afc6affc706ae758c166c139656a1,"{""basis"":""x"",""d"":7,""p"":0.008,""rounds"":7}",
         4,         0,         0,    3.55,belief_find,d51b11287f46a3bcc136577b149fb14f59784df0ca4f66e423e8124e96cab3be,"{""basis"":""x"",""d"":7,""p"":0.002,""rounds"":7}",
         4,         1,         0,   0.442,bp_osd,a3f8c1a66f853d45669f67c1ed6005ce4fe93728df249efd034154cf21479787,"{""basis"":""x"",""d"":5,""p"":0.008,""rounds"":5}",
         2,         0,         0,   0.197,belief_find,40f5860e87a45541cb05e23ceb52e1b19e930512a110301face503b80f2db33c,"{""basis"":""x"",""d"":5,""p"":0.008,""rounds"":5}",
     21504,        53,         0,    2.98,pymatching-correlated,1539299af7a66d73d3ade7580cc0ccde40d86fd949af58973753d32dbb8103d2,"{""basis"":""x"",""d"":7,""p"":0.004,""rounds"":7}",
         3,         0,         0,    3.45,belief_find,08c351f14149e77f75508015fc09a988b4c3c6d7829ffc9c3b4f3f80f7e42ed9,"{""basis"":""x"",""d"":7,""p"":0.004,""rounds"":7}",
         1,         0,         0,    1.85,belief_find,929d2f23fbab2e31fea8f507eea8efc347f347671a02a93806f9e90581c1bc13,"{""basis"":""x"",""d"":9,""p"":0.006,""rounds"":9}",
      1024,        45,         0,   0.458,pymatching-correlated,f3d7077e4a4d105c8b08a6e22026b1371f8afc6affc706ae758c166c139656a1,"{""basis"":""x"",""d"":7,""p"":0.008,""rounds"":7}",
       608,         2,         0,    6.09,bp_osd,1da0e12676298acb068722f0806e2392354cf9f83bb925f4e526b6dbabd44b9f,"{""basis"":""x"",""d"":5,""p"":0.002,""rounds"":5}",
       208,         4,         0,    6.16,belief_find,0fb7771dbd9887db4b6fc218263bbd2e3969225adaa47ea7567eb9e8ad439bb6,"{""basis"":""x"",""d"":5,""p"":0.004,""rounds"":5}",
         4,         0,         0,   0.536,bp_osd,a3f8c1a66f853d45669f67c1ed6005ce4fe93728df249efd034154cf21479787,"{""basis"":""x"",""d"":5,""p"":0.008,""rounds"":5}",
         1,         0,         0,    1.01,bp_osd,d97d8aa4b13209c48fd683be924d1fef96197c53329a95d507618f0d6bc13ac4,"{""basis"":""x"",""d"":7,""p"":0.008,""rounds"":7}",
         1,         0,         0,    2.41,bp_osd,2d73ea91da0935aeafe2d7ca60ec6f0e9077dde8f43e8ace1585847c2d1cd948,"{""basis"":""x"",""d"":9,""p"":0.002,""rounds"":9}",
         4,         0,         0,   0.431,belief_find,40f5860e87a45541cb05e23ceb52e1b19e930512a110301face503b80f2db33c,"{""basis"":""x"",""d"":5,""p"":0.008,""rounds"":5}",
       384,         1,         0,    6.39,belief_find,fb346a467f737aabcb9aba63dd7faf2005530c4b22c77f1d00dacd3a7873437a,"{""basis"":""x"",""d"":5,""p"":0.002,""rounds"":5}",
      3072,        36,         0,    1.59,pymatching-correlated,d83955529adbb2759a5f9f1d02ef15f1da486e48ce403b7bc1a5dda2833822dc,"{""basis"":""x"",""d"":9,""p"":0.006,""rounds"":9}",
         4,         0,         0,   0.360,bp_osd,a3f8c1a66f853d45669f67c1ed6005ce4fe93728df249efd034154cf21479787,"{""basis"":""x"",""d"":5,""p"":0.008,""rounds"":5}",
      2560,       130,         0,    2.34,belief_find,d7f401d6a9b767e010cd629b30d8c8e5b66deac8508f00802ad5eb1d2f35bfdb,"{""basis"":""x"",""d"":3,""p"":0.008,""rounds"":3}",
      1024,        43,         0,   0.524,pymatching-correlated,f3d7077e4a4d105c8b08a6e22026b1371f8afc6affc706ae758c166c139656a1,"{""basis"":""x"",""d"":7,""p"":0.008,""rounds"":7}",
         1,         0,         0,    1.61,belief_find,61b66453647c0a31f60a3d02c40fbc31e29d23b7241dcb9c131c924dd2125464,"{""basis"":""x"",""d"":9,""p"":0.004,""rounds"":9}",
       208,         3,         0,    6.43,bp_osd,eadd520de7a8aab6cc9278546305b2159b96f6aa8193b0f38bcac88a86353a49,"{""basis"":""x"",""d"":5,""p"":0.004,""rounds"":5}",
         4,         0,         0,   0.475,belief_find,40f5860e87a45541cb05e23ceb52e1b19e930512a110301face503b80f2db33c,"{""basis"":""x"",""d"":5,""p"":0.008,""rounds"":5}",
         4,         0,         0,   0.379,bp_osd,a3f8c1a66f853d45669f67c1ed6005ce4fe93728df249efd034154cf21479787,"{""basis"":""x"",""d"":5,""p"":0.008,""rounds"":5}",
       273,        15,         0,   0.037,pymatching,7c9d4148185bd614f1921edacdb2f1cde6c035fd8176bdf384951d9e2d1356c4,"{""basis"":""x"",""d"":9,""p"":0.008,""rounds"":9}",
         1,         0,         0,   0.808,bp_osd,d97d8aa4b13209c48fd683be924d1fef96197c53329a95d507618f0d6bc13ac4,"{""basis"":""x"",""d"":7,""p"":0.008,""rounds"":7}",
      1024,        47,         0,   0.450,pymatching-correlated,f3d7077e4a4d105c8b08a6e22026b1371f8afc6affc706ae758c166c139656a1,"{""basis"":""x"",""d"":7,""p"":0.008,""rounds"":7}",
         1,         0,         0,    2.41,belief_find,50286a7a2e3fbed7ea5bbc9c7df22764c3c206917c449a465f94fc1372fb5214,"{""basis"":""x"",""d"":9,""p"":0.002,""rounds"":9}",
      1024,        69,         0,   0.197,pymatching,7c9d4148185bd614f1921edacdb2f1cde6c035fd8176bdf384951d9e2d1356c4,"{""basis"":""x"",""d"":9,""p"":0.008,""rounds"":9}",
         4,         0,         0,   0.496,belief_find,40f5860e87a45541cb05e23ceb52e1b19e930512a110301face503b80f2db33c,"{""basis"":""x"",""d"":5,""p"":0.008,""rounds"":5}",
         2,         0,         0,    2.31,belief_find,0d02f2c07f1d8ae6fff2baf3dc54b145177b3ae3671f2968798ca03aeb160059,"{""basis"":""x"",""d"":7,""p"":0.006,""rounds"":7}",
         1,         0,         0,    1.37,belief_find,929d2f23fbab2e31fea8f507eea8efc347f347671a02a93806f9e90581c1bc13,"{""basis"":""x"",""d"":9,""p"":0.006,""rounds"":9}",
         1,         0,         0,    1.19,belief_find,e2b4f4ac410d9363f40c0bd034f2631ce15a6962af45fd07ac9891d17e809a3c,"{""basis"":""x"",""d"":7,""p"":0.008,""rounds"":7}",
         3,         1,         0,    2.78,bp_osd,bde4c648d79cf1e3365396e7e32b8cc1e1780aa5479672ca740622ea9617b293,"{""basis"":""x"",""d"":7,""p"":0.006,""rounds"":7}",
      1024,        70,         0,   0.314,pymatching,7c9d4148185bd614f1921edacdb2f1cde6c035fd8176bdf384951d9e2d1356c4,"{""basis"":""x"",""d"":9,""p"":0.008,""rounds"":9}",
         4,         0,         0,   0.512,bp_osd,a3f8c1a66f853d45669f67c1ed6005ce4fe93728df249efd034154cf21479787,"{""basis"":""x"",""d"":5,""p"":0.008,""rounds"":5}",
      2048,        89,         0,   0.500,pymatching-correlated,f3d7077e4a4d105c8b08a6e22026b1371f8afc6affc706ae758c166c139656a1,"{""basis"":""x"",""d"":7,""p"":0.008,""rounds"":7}",
      1024,        75,         0,   0.105,pymatching,7c9d4148185bd614f1921edacdb2f1cde6c035fd8176bdf384951d9e2d1356c4,"{""basis"":""x"",""d"":9,""p"":0.008,""rounds"":9}",
         1,         0,         0,   0.602,bp_osd,d97d8aa4b13209c48fd683be924d1fef96197c53329a95d507618f0d6bc13ac4,"{""basis"":""x"",""d"":7,""p"":0.008,""rounds"":7}",
      1024,        82,         0,   0.101,pymatching,7c9d4148185bd614f1921edacdb2f1cde6c035fd8176bdf384951d9e2d1356c4,"{""basis"":""x"",""d"":9,""p"":0.008,""rounds"":9}",
         1,         0,         0,    2.34,bp_osd,f61743ccff3d8a1cd76876798066ba1f0231db9250063f361c9f349986c7cfc1,"{""basis"":""x"",""d"":9,""p"":0.006,""rounds"":9}",
     99479,         7,         0,    5.94,pymatching,4411aa2b75799e06e98b76225c85f1c6356ae13a44e920c8fd1f1399c8b75f6e,"{""basis"":""x"",""d"":9,""p"":0.002,""rounds"":9}",
         1,         0,         0,    3.24,bp_osd,b6dad9c90c8f2c730e10c773f02ee37f8b522e8eacb860a5f6088f55ef19c415,"{""basis"":""x"",""d"":9,""p"":0.004,""rounds"":9}",
      1024,        50,         0,   0.336,pymatching-correlated,f3d7077e4a4d105c8b08a6e22026b1371f8afc6affc706ae758c166c139656a1,"{""basis"":""x"",""d"":7,""p"":0.008,""rounds"":7}",
      1024,        83,         0,   0.398,pymatching,7c9d4148185bd614f1921edacdb2f1cde6c035fd8176bdf384951d9e2d1356c4,"{""basis"":""x"",""d"":9,""p"":0.008,""rounds"":9}",
         1,         0,         0,   0.698,belief_find,e2b4f4ac410d9363f40c0bd034f2631ce15a6962af45fd07ac9891d17e809a3c,"{""basis"":""x"",""d"":7,""p"":0.008,""rounds"":7}",
         8,         0,         0,   0.967,belief_find,40f5860e87a45541cb05e23ceb52e1b19e930512a110301face503b80f2db33c,"{""basis"":""x"",""d"":5,""p"":0.008,""rounds"":5}",
      3072,       131,         0,   0.318,pymatching-correlated,f3d7077e4a4d105c8b08a6e22026b1371f8afc6affc706ae758c166c139656a1,"{""basis"":""x"",""d"":7,""p"":0.008,""rounds"":7}",
         8,         0,         0,    1.00,bp_osd,a3f8c1a66f853d45669f67c1ed6005ce4fe93728df249efd034154cf21479787,"{""basis"":""x"",""d"":5,""p"":0.008,""rounds"":5}",
      1024,        67,         0,   0.469,pymatching,7c9d4148185bd614f1921edacdb2f1cde6c035fd8176bdf384951d9e2d1356c4,"{""basis"":""x"",""d"":9,""p"":0.008,""rounds"":9}",
         1,         0,         0,   0.116,pymatching-correlated,04acf1d6ea9b0f8ebd7301bd765f1608136d2f3e7644eaeca9f0e609d14c9292,"{""basis"":""x"",""d"":9,""p"":0.008,""rounds"":9}",
      1024,        59,         0,   0.145,pymatching,7c9d4148185bd614f1921edacdb2f1cde6c035fd8176bdf384951d9e2d1356c4,"{""basis"":""x"",""d"":9,""p"":0.008,""rounds"":9}",
        68,         3,         0,   0.022,pymatching-correlated,04acf1d6ea9b0f8ebd7301bd765f1608136d2f3e7644eaeca9f0e609d14c9292,"{""basis"":""x"",""d"":9,""p"":0.008,""rounds"":9}",
         1,         0,         0,   0.614,belief_find,e2b4f4ac410d9363f40c0bd034f2631ce15a6962af45fd07ac9891d17e809a3c,"{""basis"":""x"",""d"":7,""p"":0.008,""rounds"":7}",
         1,         0,         0,    2.08,belief_find,61b66453647c0a31f60a3d02c40fbc31e29d23b7241dcb9c131c924dd2125464,"{""basis"":""x"",""d"":9,""p"":0.004,""rounds"":9}",
         1,         0,         0,    1.70,belief_find,50286a7a2e3fbed7ea5bbc9c7df22764c3c206917c449a465f94fc1372fb5214,"{""basis"":""x"",""d"":9,""p"":0.002,""rounds"":9}",
         5,         0,         0,    4.77,bp_osd,0e39c1138d6c1114c36527bb081603ff7322700376901eea078c7a4c266aacb7,"{""basis"":""x"",""d"":7,""p"":0.002,""rounds"":7}",
      8192,        77,         0,    2.57,pymatching-correlated,d83955529adbb2759a5f9f1d02ef15f1da486e48ce403b7bc1a5dda2833822dc,"{""basis"":""x"",""d"":9,""p"":0.006,""rounds"":9}",
         1,         0,         0,    1.38,bp_osd,f61743ccff3d8a1cd76876798066ba1f0231db9250063f361c9f349986c7cfc1,"{""basis"":""x"",""d"":9,""p"":0.006,""rounds"":9}",
         1,         0,         0,    2.84,bp_osd,2d73ea91da0935aeafe2d7ca60ec6f0e9077dde8f43e8ace1585847c2d1cd948,"{""basis"":""x"",""d"":9,""p"":0.002,""rounds"":9}",
         8,         1,         0,   0.929,belief_find,40f5860e87a45541cb05e23ceb52e1b19e930512a110301face503b80f2db33c,"{""basis"":""x"",""d"":5,""p"":0.008,""rounds"":5}",
      1024,        36,         0,   0.445,pymatching-correlated,04acf1d6ea9b0f8ebd7301bd765f1608136d2f3e7644eaeca9f0e609d14c9292,"{""basis"":""x"",""d"":9,""p"":0.008,""rounds"":9}",
         1,         0,         0,    1.57,bp_osd,d97d8aa4b13209c48fd683be924d1fef96197c53329a95d507618f0d6bc13ac4,"{""basis"":""x"",""d"":7,""p"":0.008,""rounds"":7}",
       320,         5,         0,    6.11,bp_osd,0f5fedb62b0fbb8bb5c9aa8da74b33824185b181e70d16c2f975dbf66876e279,"{""basis"":""x"",""d"":5,""p"":0.006,""rounds"":5}",
        16,         0,         0,    1.21,bp_osd,a3f8c1a66f853d45669f67c1ed6005ce4fe93728df249efd034154cf21479787,"{""basis"":""x"",""d"":5,""p"":0.008,""rounds"":5}",
         1,         0,         0,    2.43,belief_find,929d2f23fbab2e31fea8f507eea8efc347f347671a02a93806f9e90581c1bc13,"{""basis"":""x"",""d"":9,""p"":0.006,""rounds"":9}",
         2,         0,         0,    2.58,belief_find,0d02f2c07f1d8ae6fff2baf3dc54b145177b3ae3671f2968798ca03aeb160059,"{""basis"":""x"",""d"":7,""p"":0.006,""rounds"":7}",
         5,         0,         0,    4.43,belief_find,d51b11287f46a3bcc136577b149fb14f59784df0ca4f66e423e8124e96cab3be,"{""basis"":""x"",""d"":7,""p"":0.002,""rounds"":7}",
    112640,        16,         0,    8.34,pymatching-correlated,8d31a5af7e47a29552746161a7872447a9c481206e8d6cc8a2df594c77d0c0d3,"{""basis"":""x"",""d"":7,""p"":0.002,""rounds"":7}",
         1,         0,         0,    1.48,belief_find,e2b4f4ac410d9363f40c0bd034f2631ce15a6962af45fd07ac9891d17e809a3c,"{""basis"":""x"",""d"":7,""p"":0.008,""rounds"":7}",
         5,         0,         0,    5.53,bp_osd,bea659dce592d9e7dac18f52c515962b5cbd335311a89f928680c06a69db9fa0,"{""basis"":""x"",""d"":7,""p"":0.004,""rounds"":7}",
        12,         0,         0,    1.14,belief_find,40f5860e87a45541cb05e23ceb52e1b19e930512a110301face503b80f2db33c,"{""basis"":""x"",""d"":5,""p"":0.008,""rounds"":5}",
       176,        10,         0,    6.12,belief_find,432e4d770c6e9af5107117e1ccb8684ea1a2983791287285e3b636426f1207bb,"{""basis"":""x"",""d"":5,""p"":0.006,""rounds"":5}",
      1024,        41,         0,    1.23,pymatching-correlated,04acf1d6ea9b0f8ebd7301bd765f1608136d2f3e7644eaeca9f0e609d14c9292,"{""basis"":""x"",""d"":9,""p"":0.008,""rounds"":9}",
         1,         0,         0,    2.66,bp_osd,b6dad9c90c8f2c730e10c773f02ee37f8b522e8eacb860a5f6088f55ef19c415,"{""basis"":""x"",""d"":9,""p"":0.004,""rounds"":9}",
      1024,        32,         0,   0.462,pymatching-correlated,04acf1d6ea9b0f8ebd7301bd765f1608136d2f3e7644eaeca9f0e609d14c9292,"{""basis"":""x"",""d"":9,""p"":0.008,""rounds"":9}",
         1,         0,         0,    1.67,bp_osd,d97d8aa4b13209c48fd683be924d1fef96197c53329a95d507618f0d6bc13ac4,"{""basis"":""x"",""d"":7,""p"":0.008,""rounds"":7}",
         1,         0,         0,    2.18,belief_find,50286a7a2e3fbed7ea5bbc9c7df22764c3c206917c449a465f94fc1372fb5214,"{""basis"":""x"",""d"":9,""p"":0.002,""rounds"":9}",
        40,         4,         0,    1.36,bp_osd,a3f8c1a66f853d45669f67c1ed6005ce4fe93728df249efd034154cf21479787,"{""basis"":""x"",""d"":5,""p"":0.008,""rounds"":5}",
         5,         0,         0,    5.15,belief_find,08c351f14149e77f75508015fc09a988b4c3c6d7829ffc9c3b4f3f80f7e42ed9,"{""basis"":""x"",""d"":7,""p"":0.004,""rounds"":7}",
         3,         0,         0,    3.82,bp_osd,bde4c648d79cf1e3365396e7e32b8cc1e1780aa5479672ca740622ea9617b293,"{""basis"":""x"",""d"":7,""p"":0.006,""rounds"":7}",
         1,         0,         0,    1.28,belief_find,e2b4f4ac410d9363f40c0bd034f2631ce15a6962af45fd07ac9891d17e809a3c,"{""basis"":""x"",""d"":7,""p"":0.008,""rounds"":7}",
         1,         0,         0,    2.67,bp_osd,7de2ce8f480ae8106b52da5287de3b5e3a63220e82625b29377c8675e7f17c4d,"{""basis"":""x"",""d"":9,""p"":0.008,""rounds"":9}",
         1,         0,         0,    2.42,bp_osd,f61743ccff3d8a1cd76876798066ba1f0231db9250063f361c9f349986c7cfc1,"{""basis"":""x"",""d"":9,""p"":0.006,""rounds"":9}",
         1,         0,         0,    2.81,belief_find,61b66453647c0a31f60a3d02c40fbc31e29d23b7241dcb9c131c924dd2125464,"{""basis"":""x"",""d"":9,""p"":0.004,""rounds"":9}",
      1024,        42,         0,   0.777,pymatching-correlated,04acf1d6ea9b0f8ebd7301bd765f1608136d2f3e7644eaeca9f0e609d14c9292,"{""basis"":""x"",""d"":9,""p"":0.008,""rounds"":9}",
     68608,         2,         0,    8.39,pymatching-correlated,8cb7d484f825de4c869aa5721e37ea761242e75cdf343284f92f182763d73a30,"{""basis"":""x"",""d"":9,""p"":0.002,""rounds"":9}",
         1,         0,         0,   0.993,bp_osd,d97d8aa4b13209c48fd683be924d1fef96197c53329a95d507618f0d6bc13ac4,"{""basis"":""x"",""d"":7,""p"":0.008,""rounds"":7}",
         1,         0,         0,    2.84,bp_osd,2d73ea91da0935aeafe2d7ca60ec6f0e9077dde8f43e8ace1585847c2d1cd948,"{""basis"":""x"",""d"":9,""p"":0.002,""rounds"":9}",
         1,         0,         0,   0.753,belief_find,e2b4f4ac410d9363f40c0bd034f2631ce15a6962af45fd07ac9891d17e809a3c,"{""basis"":""x"",""d"":7,""p"":0.008,""rounds"":7}",
         1,         0,         0,    2.47,belief_find,929d2f23fbab2e31fea8f507eea8efc347f347671a02a93806f9e90581c1bc13,"{""basis"":""x"",""d"":9,""p"":0.006,""rounds"":9}",
        32,         2,         0,    2.06,belief_find,40f5860e87a45541cb05e23ceb52e1b19e930512a110301face503b80f2db33c,"{""basis"":""x"",""d"":5,""p"":0.008,""rounds"":5}",
      7168,        59,         0,    3.39,pymatching-correlated,d83955529adbb2759a5f9f1d02ef15f1da486e48ce403b7bc1a5dda2833822dc,"{""basis"":""x"",""d"":9,""p"":0.006,""rounds"":9}",
      1024,        52,         0,   0.812,pymatching-correlated,04acf1d6ea9b0f8ebd7301bd765f1608136d2f3e7644eaeca9f0e609d14c9292,"{""basis"":""x"",""d"":9,""p"":0.008,""rounds"":9}",
         1,         0,         0,   0.747,bp_osd,d97d8aa4b13209c48fd683be924d1fef96197c53329a95d507618f0d6bc13ac4,"{""basis"":""x"",""d"":7,""p"":0.008,""rounds"":7}",
         1,         0,         0,    3.44,belief_find,dec05d9e8d0eed19645a4c343a38ffa4ad7e069f7c117399ba2c1dab59569267,"{""basis"":""x"",""d"":9,""p"":0.008,""rounds"":9}",
        48,         4,         0,    1.57,bp_osd,a3f8c1a66f853d45669f67c1ed6005ce4fe93728df249efd034154cf21479787,"{""basis"":""x"",""d"":5,""p"":0.008,""rounds"":5}",
         1,         0,         0,    2.33,bp_osd,b6dad9c90c8f2c730e10c773f02ee37f8b522e8eacb860a5f6088f55ef19c415,"{""basis"":""x"",""d"":9,""p"":0.004,""rounds"":9}",
         3,         0,         0,    3.15,belief_find,0d02f2c07f1d8ae6fff2baf3dc54b145177b3ae3671f2968798ca03aeb160059,"{""basis"":""x"",""d"":7,""p"":0.006,""rounds"":7}",
         1,         0,         0,    2.11,belief_find,50286a7a2e3fbed7ea5bbc9c7df22764c3c206917c449a465f94fc1372fb5214,"{""basis"":""x"",""d"":9,""p"":0.002,""rounds"":9}",
         1,         1,         0,    1.65,bp_osd,7de2ce8f480ae8106b52da5287de3b5e3a63220e82625b29377c8675e7f17c4d,"{""basis"":""x"",""d"":9,""p"":0.008,""rounds"":9}",
     60635,         9,         0,    3.02,pymatching-correlated,8d31a5af7e47a29552746161a7872447a9c481206e8d6cc8a2df594c77d0c0d3,"{""basis"":""x"",""d"":7,""p"":0.002,""rounds"":7}",
      1024,        36,         0,   0.766,pymatching-correlated,04acf1d6ea9b0f8ebd7301bd765f1608136d2f3e7644eaeca9f0e609d14c9292,"{""basis"":""x"",""d"":9,""p"":0.008,""rounds"":9}",
         1,         0,         0,   0.122,bp_osd,ed968c388b1c4e1b1aa25213fc01cb94dd7f8cfb1bc5a7bbfe65dc3f985d549c,"{""basis"":""x"",""d"":3,""p"":0.002,""rounds"":3}",
         1,         0,         0,    1.19,belief_find,e2b4f4ac410d9363f40c0bd034f2631ce15a6962af45fd07ac9891d17e809a3c,"{""basis"":""x"",""d"":7,""p"":0.008,""rounds"":7}",
         4,         0,         0,   0.119,bp_osd,ed968c388b1c4e1b1aa25213fc01cb94dd7f8cfb1bc5a7bbfe65dc3f985d549c,"{""basis"":""x"",""d"":3,""p"":0.002,""rounds"":3}",
         1,         0,         0,    1.97,belief_find,61b66453647c0a31f60a3d02c40fbc31e29d23b7241dcb9c131c924dd2125464,"{""basis"":""x"",""d"":9,""p"":0.004,""rounds"":9}",
        16,         0,         0,   0.119,bp_osd,ed968c388b1c4e1b1aa25213fc01cb94dd7f8cfb1bc5a7bbfe65dc3f985d549c,"{""basis"":""x"",""d"":3,""p"":0.002,""rounds"":3}",
     20480,        69,         0,    8.70,bp_osd,ed968c388b1c4e1b1aa25213fc01cb94dd7f8cfb1bc5a7bbfe65dc3f985d549c,"{""basis"":""x"",""d"":3,""p"":0.002,""rounds"":3}",
      1024,        41,         0,   0.539,pymatching-correlated,04acf1d6ea9b0f8ebd7301bd765f1608136d2f3e7644eaeca9f0e609d14c9292,"{""basis"":""x"",""d"":9,""p"":0.008,""rounds"":9}",
        64,         0,         0,   0.180,bp_osd,ed968c388b1c4e1b1aa25213fc01cb94dd7f8cfb1bc5a7bbfe65dc3f985d549c,"{""basis"":""x"",""d"":3,""p"":0.002,""rounds"":3}",
       128,         0,         0,   0.179,bp_osd,ed968c388b1c4e1b1aa25213fc01cb94dd7f8cfb1bc5a7bbfe65dc3f985d549c,"{""basis"":""x"",""d"":3,""p"":0.002,""rounds"":3}",
         1,         0,         0,    2.05,bp_osd,2d73ea91da0935aeafe2d7ca60ec6f0e9077dde8f43e8ace1585847c2d1cd948,"{""basis"":""x"",""d"":9,""p"":0.002,""rounds"":9}",
         1,         0,         0,    1.41,bp_osd,d97d8aa4b13209c48fd683be924d1fef96197c53329a95d507618f0d6bc13ac4,"{""basis"":""x"",""d"":7,""p"":0.008,""rounds"":7}",
     29696,        29,         0,    8.47,pymatching-correlated,bb744af68fda44142af07cbe5a2c9da6ee75743e8c1493b26d37336f89af963d,"{""basis"":""x"",""d"":9,""p"":0.004,""rounds"":9}",
         1,         0,         0,    2.60,bp_osd,f61743ccff3d8a1cd76876798066ba1f0231db9250063f361c9f349986c7cfc1,"{""basis"":""x"",""d"":9,""p"":0.006,""rounds"":9}",
     18432,        50,         0,    8.77,belief_find,b0ba6ff4e7d908c841df926c53593f09702fba5264c2230f8355fb9e8a320248,"{""basis"":""x"",""d"":3,""p"":0.002,""rounds"":3}",
       256,         1,         0,   0.233,bp_osd,ed968c388b1c4e1b1aa25213fc01cb94dd7f8cfb1bc5a7bbfe65dc3f985d549c,"{""basis"":""x"",""d"":3,""p"":0.002,""rounds"":3}",
         1,         0,         0,   0.894,belief_find,e2b4f4ac410d9363f40c0bd034f2631ce15a6962af45fd07ac9891d17e809a3c,"{""basis"":""x"",""d"":7,""p"":0.008,""rounds"":7}",
       512,         2,         0,   0.194,bp_osd,ed968c388b1c4e1b1aa25213fc01cb94dd7f8cfb1bc5a7bbfe65dc3f985d549c,"{""basis"":""x"",""d"":3,""p"":0.002,""rounds"":3}",
         1,         0,         0,    2.44,belief_find,929d2f23fbab2e31fea8f507eea8efc347f347671a02a93806f9e90581c1bc13,"{""basis"":""x"",""d"":9,""p"":0.006,""rounds"":9}",
      1024,         3,         0,   0.288,bp_osd,ed968c388b1c4e1b1aa25213fc01cb94dd7f8cfb1bc5a7bbfe65dc3f985d549c,"{""basis"":""x"",""d"":3,""p"":0.002,""rounds"":3}",
         1,         0,         0,    1.88,bp_osd,b6dad9c90c8f2c730e10c773f02ee37f8b522e8eacb860a5f6088f55ef19c415,"{""basis"":""x"",""d"":9,""p"":0.004,""rounds"":9}",
        64,         3,         0,    2.18,bp_osd,a3f8c1a66f853d45669f67c1ed6005ce4fe93728df249efd034154cf21479787,"{""basis"":""x"",""d"":5,""p"":0.008,""rounds"":5}",
      1024,        50,         0,    1.06,pymatching-correlated,04acf1d6ea9b0f8ebd7301bd765f1608136d2f3e7644eaeca9f0e609d14c9292,"{""basis"":""x"",""d"":9,""p"":0.008,""rounds"":9}",
         1,         0,         0,   0.873,bp_osd,d97d8aa4b13209c48fd683be924d1fef96197c53329a95d507618f0d6bc13ac4,"{""basis"":""x"",""d"":7,""p"":0.008,""rounds"":7}",
       480,         5,         0,    8.70,belief_find,0fb7771dbd9887db4b6fc218263bbd2e3969225adaa47ea7567eb9e8ad439bb6,"{""basis"":""x"",""d"":5,""p"":0.004,""rounds"":5}",
        40,         5,         0,    2.61,belief_find,40f5860e87a45541cb05e23ceb52e1b19e930512a110301face503b80f2db33c,"{""basis"":""x"",""d"":5,""p"":0.008,""rounds"":5}",
       992,         2,         0,    8.74,belief_find,fb346a467f737aabcb9aba63dd7faf2005530c4b22c77f1d00dacd3a7873437a,"{""basis"":""x"",""d"":5,""p"":0.002,""rounds"":5}",
         1,         0,         0,    1.95,belief_find,50286a7a2e3fbed7ea5bbc9c7df22764c3c206917c449a465f94fc1372fb5214,"{""basis"":""x"",""d"":9,""p"":0.002,""rounds"":9}",
      1024,         3,         0,   0.436,bp_osd,ed968c388b1c4e1b1aa25213fc01cb94dd7f8cfb1bc5a7bbfe65dc3f985d549c,"{""basis"":""x"",""d"":3,""p"":0.002,""rounds"":3}",
       432,         4,         0,    8.42,bp_osd,eadd520de7a8aab6cc9278546305b2159b96f6aa8193b0f38bcac88a86353a49,"{""basis"":""x"",""d"":5,""p"":0.004,""rounds"":5}",
      1216,         0,         0,    8.97,bp_osd,1da0e12676298acb068722f0806e2392354cf9f83bb925f4e526b6dbabd44b9f,"{""basis"":""x"",""d"":5,""p"":0.002,""rounds"":5}",
         1,         0,         0,    2.62,belief_find,dec05d9e8d0eed19645a4c343a38ffa4ad7e069f7c117399ba2c1dab59569267,"{""basis"":""x"",""d"":9,""p"":0.008,""rounds"":9}",
      1024,         3,         0,   0.378,bp_osd,ed968c388b1c4e1b1aa25213fc01cb94dd7f8cfb1bc5a7bbfe65dc3f985d549c,"{""basis"":""x"",""d"":3,""p"":0.002,""rounds"":3}",
         1,         0,         0,    2.04,belief_find,61b66453647c0a31f60a3d02c40fbc31e29d23b7241dcb9c131c924dd2125464,"{""basis"":""x"",""d"":9,""p"":0.004,""rounds"":9}",
         1,         0,         0,    1.25,belief_find,e2b4f4ac410d9363f40c0bd034f2631ce15a6962af45fd07ac9891d17e809a3c,"{""basis"":""x"",""d"":7,""p"":0.008,""rounds"":7}",
         1,         0,         0,    1.69,bp_osd,2d73ea91da0935aeafe2d7ca60ec6f0e9077dde8f43e8ace1585847c2d1cd948,"{""basis"":""x"",""d"":9,""p"":0.002,""rounds"":9}",
         7,         0,         0,    6.82,bp_osd,0e39c1138d6c1114c36527bb081603ff7322700376901eea078c7a4c266aacb7,"{""basis"":""x"",""d"":7,""p"":0.002,""rounds"":7}",
         1,         0,         0,    2.59,bp_osd,7de2ce8f480ae8106b52da5287de3b5e3a63220e82625b29377c8675e7f17c4d,"{""basis"":""x"",""d"":9,""p"":0.008,""rounds"":9}",
      1024,         0,         0,   0.299,bp_osd,ed968c388b1c4e1b1aa25213fc01cb94dd7f8cfb1bc5a7bbfe65dc3f985d549c,"{""basis"":""x"",""d"":3,""p"":0.002,""rounds"":3}",
         7,         1,         0,    4.59,bp_osd,bde4c648d79cf1e3365396e7e32b8cc1e1780aa5479672ca740622ea9617b293,"{""basis"":""x"",""d"":7,""p"":0.006,""rounds"":7}",
         1,         0,         0,   0.964,bp_osd,d97d8aa4b13209c48fd683be924d1fef96197c53329a95d507618f0d6bc13ac4,"{""basis"":""x"",""d"":7,""p"":0.008,""rounds"":7}",
      1024,        28,         0,    1.08,pymatching-correlated,04acf1d6ea9b0f8ebd7301bd765f1608136d2f3e7644eaeca9f0e609d14c9292,"{""basis"":""x"",""d"":9,""p"":0.008,""rounds"":9}",
         1,         0,         0,    1.90,bp_osd,f61743ccff3d8a1cd76876798066ba1f0231db9250063f361c9f349986c7cfc1,"{""basis"":""x"",""d"":9,""p"":0.006,""rounds"":9}",
         6,         0,         0,    6.02,bp_osd,bea659dce592d9e7dac18f52c515962b5cbd335311a89f928680c06a69db9fa0,"{""basis"":""x"",""d"":7,""p"":0.004,""rounds"":7}",
         1,         0,         0,   0.740,belief_find,e2b4f4ac410d9363f40c0bd034f2631ce15a6962af45fd07ac9891d17e809a3c,"{""basis"":""x"",""d"":7,""p"":0.008,""rounds"":7}",
         6,         0,         0,    6.30,belief_find,d51b11287f46a3bcc136577b149fb14f59784df0ca4f66e423e8124e96cab3be,"{""basis"":""x"",""d"":7,""p"":0.002,""rounds"":7}",
         1,         0,         0,    1.80,bp_osd,b6dad9c90c8f2c730e10c773f02ee37f8b522e8eacb860a5f6088f55ef19c415,"{""basis"":""x"",""d"":9,""p"":0.004,""rounds"":9}",
         1,         0,         0,   0.697,bp_osd,d97d8aa4b13209c48fd683be924d1fef96197c53329a95d507618f0d6bc13ac4,"{""basis"":""x"",""d"":7,""p"":0.008,""rounds"":7}",
      2048,         5,         0,   0.784,bp_osd,ed968c388b1c4e1b1aa25213fc01cb94dd7f8cfb1bc5a7bbfe65dc3f985d549c,"{""basis"":""x"",""d"":3,""p"":0.002,""rounds"":3}",
      1024,        53,         0,   0.897,pymatching-correlated,04acf1d6ea9b0f8ebd7301bd765f1608136d2f3e7644eaeca9f0e609d14c9292,"{""basis"":""x"",""d"":9,""p"":0.008,""rounds"":9}",
     10240,       110,         0,    4.56,pymatching-correlated,d83955529adbb2759a5f9f1d02ef15f1da486e48ce403b7bc1a5dda2833822dc,"{""basis"":""x"",""d"":9,""p"":0.006,""rounds"":9}",
         1,         0,         0,   0.648,belief_find,e2b4f4ac410d9363f40c0bd034f2631ce15a6962af45fd07ac9891d17e809a3c,"{""basis"":""x"",""d"":7,""p"":0.008,""rounds"":7}",
         1,         0,         0,    2.28,belief_find,929d2f23fbab2e31fea8f507eea8efc347f347671a02a93806f9e90581c1bc13,"{""basis"":""x"",""d"":9,""p"":0.006,""rounds"":9}",
         1,         0,         0,   0.556,bp_osd,d97d8aa4b13209c48fd683be924d1fef96197c53329a95d507618f0d6bc13ac4,"{""basis"":""x"",""d"":7,""p"":0.008,""rounds"":7}",
      2048,         5,         0,   0.804,bp_osd,ed968c388b1c4e1b1aa25213fc01cb94dd7f8cfb1bc5a7bbfe65dc3f985d549c,"{""basis"":""x"",""d"":3,""p"":0.002,""rounds"":3}",
         1,         0,         0,    1.87,belief_find,61b66453647c0a31f60a3d02c40fbc31e29d23b7241dcb9c131c924dd2125464,"{""basis"":""x"",""d"":9,""p"":0.004,""rounds"":9}",
         1,         0,         0,    2.30,belief_find,dec05d9e8d0eed19645a4c343a38ffa4ad7e069f7c117399ba2c1dab59569267,"{""basis"":""x"",""d"":9,""p"":0.008,""rounds"":9}",
         1,         0,         0,    2.52,belief_find,50286a7a2e3fbed7ea5bbc9c7df22764c3c206917c449a465f94fc1372fb5214,"{""basis"":""x"",""d"":9,""p"":0.002,""rounds"":9}",
       448,        14,         0,    8.39,bp_osd,0f5fedb62b0fbb8bb5c9aa8da74b33824185b181e70d16c2f975dbf66876e279,"{""basis"":""x"",""d"":5,""p"":0.006,""rounds"":5}",
      1024,        47,         0,    1.03,pymatching-correlated,04acf1d6ea9b0f8ebd7301bd765f1608136d2f3e7644eaeca9f0e609d14c9292,"{""basis"":""x"",""d"":9,""p"":0.008,""rounds"":9}",
         1,         0,         0,   0.933,belief_find,e2b4f4ac410d9363f40c0bd034f2631ce15a6962af45fd07ac9891d17e809a3c,"{""basis"":""x"",""d"":7,""p"":0.008,""rounds"":7}",
         1,         0,         0,    2.20,bp_osd,7de2ce8f480ae8106b52da5287de3b5e3a63220e82625b29377c8675e7f17c4d,"{""basis"":""x"",""d"":9,""p"":0.008,""rounds"":9}",
         1,         0,         0,    2.01,bp_osd,f61743ccff3d8a1cd76876798066ba1f0231db9250063f361c9f349986c7cfc1,"{""basis"":""x"",""d"":9,""p"":0.006,""rounds"":9}",
         1,         0,         0,    2.45,bp_osd,2d73ea91da0935aeafe2d7ca60ec6f0e9077dde8f43e8ace1585847c2d1cd948,"{""basis"":""x"",""d"":9,""p"":0.002,""rounds"":9}",
        48,         3,         0,    3.26,belief_find,40f5860e87a45541cb05e23ceb52e1b19e930512a110301face503b80f2db33c,"{""basis"":""x"",""d"":5,""p"":0.008,""rounds"":5}",
      4096,        53,         0,    1.30,pymatching-correlated,d83955529adbb2759a5f9f1d02ef15f1da486e48ce403b7bc1a5dda2833822dc,"{""basis"":""x"",""d"":9,""p"":0.006,""rounds"":9}",
         6,         0,         0,    7.21,belief_find,08c351f14149e77f75508015fc09a988b4c3c6d7829ffc9c3b4f3f80f7e42ed9,"{""basis"":""x"",""d"":7,""p"":0.004,""rounds"":7}",
         1,         0,         0,    1.23,bp_osd,d97d8aa4b13209c48fd683be924d1fef96197c53329a95d507618f0d6bc13ac4,"{""basis"":""x"",""d"":7,""p"":0.008,""rounds"":7}",
         5,         2,         0,    5.38,belief_find,0d02f2c07f1d8ae6fff2baf3dc54b145177b3ae3671f2968798ca03aeb160059,"{""basis"":""x"",""d"":7,""p"":0.006,""rounds"":7}",
      3072,        14,         0,    1.06,bp_osd,ed968c388b1c4e1b1aa25213fc01cb94dd7f8cfb1bc5a7bbfe65dc3f985d549c,"{""basis"":""x"",""d"":3,""p"":0.002,""rounds"":3}",
       112,         8,         0,    3.68,bp_osd,a3f8c1a66f853d45669f67c1ed6005ce4fe93728df249efd034154cf21479787,"{""basis"":""x"",""d"":5,""p"":0.008,""rounds"":5}",
      1024,        39,         0,   0.701,pymatching-correlated,04acf1d6ea9b0f8ebd7301bd765f1608136d2f3e7644eaeca9f0e609d14c9292,"{""basis"":""x"",""d"":9,""p"":0.008,""rounds"":9}",
         1,         0,         0,    2.01,bp_osd,b6dad9c90c8f2c730e10c773f02ee37f8b522e8eacb860a5f6088f55ef19c415,"{""basis"":""x"",""d"":9,""p"":0.004,""rounds"":9}",
         1,         0,         0,   0.184,belief_find,b0ba6ff4e7d908c841df926c53593f09702fba5264c2230f8355fb9e8a320248,"{""basis"":""x"",""d"":3,""p"":0.002,""rounds"":3}",
         2,         0,         0,   0.104,belief_find,b0ba6ff4e7d908c841df926c53593f09702fba5264c2230f8355fb9e8a320248,"{""basis"":""x"",""d"":3,""p"":0.002,""rounds"":3}",
         8,         0,         0,   0.113,belief_find,b0ba6ff4e7d908c841df926c53593f09702fba5264c2230f8355fb9e8a320248,"{""basis"":""x"",""d"":3,""p"":0.002,""rounds"":3}",
         1,         0,         0,    1.19,belief_find,e2b4f4ac410d9363f40c0bd034f2631ce15a6962af45fd07ac9891d17e809a3c,"{""basis"":""x"",""d"":7,""p"":0.008,""rounds"":7}",
       336,        16,         0,    8.71,belief_find,432e4d770c6e9af5107117e1ccb8684ea1a2983791287285e3b636426f1207bb,"{""basis"":""x"",""d"":5,""p"":0.006,""rounds"":5}",
        32,         0,         0,   0.149,belief_find,b0ba6ff4e7d908c841df926c53593f09702fba5264c2230f8355fb9e8a320248,"{""basis"":""x"",""d"":3,""p"":0.002,""rounds"":3}",
         1,         0,         0,    2.22,belief_find,929d2f23fbab2e31fea8f507eea8efc347f347671a02a93806f9e90581c1bc13,"{""basis"":""x"",""d"":9,""p"":0.006,""rounds"":9}",
       128,         3,         0,   0.183,belief_find,b0ba6ff4e7d908c841df926c53593f09702fba5264c2230f8355fb9e8a320248,"{""basis"":""x"",""d"":3,""p"":0.002,""rounds"":3}",
         1,         0,         0,    1.75,belief_find,dec05d9e8d0eed19645a4c343a38ffa4ad7e069f7c117399ba2c1dab59569267,"{""basis"":""x"",""d"":9,""p"":0.008,""rounds"":9}",
       256,         2,         0,   0.182,belief_find,b0ba6ff4e7d908c841df926c53593f09702fba5264c2230f8355fb9e8a320248,"{""basis"":""x"",""d"":3,""p"":0.002,""rounds"":3}",
         1,         0,         0,    1.34,bp_osd,d97d8aa4b13209c48fd683be924d1fef96197c53329a95d507618f0d6bc13ac4,"{""basis"":""x"",""d"":7,""p"":0.008,""rounds"":7}",
       512,         2,         0,   0.288,belief_find,b0ba6ff4e7d908c841df926c53593f09702fba5264c2230f8355fb9e8a320248,"{""basis"":""x"",""d"":3,""p"":0.002,""rounds"":3}",
         1,         0,         0,   0.364,bp_osd,1da0e12676298acb068722f0806e2392354cf9f83bb925f4e526b6dbabd44b9f,"{""basis"":""x"",""d"":5,""p"":0.002,""rounds"":5}",
         1,         0,         0,    2.39,belief_find,61b66453647c0a31f60a3d02c40fbc31e29d23b7241dcb9c131c924dd2125464,"{""basis"":""x"",""d"":9,""p"":0.004,""rounds"":9}",
         1,         0,         0,   0.881,belief_find,e2b4f4ac410d9363f40c0bd034f2631ce15a6962af45fd07ac9891d17e809a3c,"{""basis"":""x"",""d"":7,""p"":0.008,""rounds"":7}",
      4096,        19,         0,    1.55,bp_osd,ed968c388b1c4e1b1aa25213fc01cb94dd7f8cfb1bc5a7bbfe65dc3f985d549c,"{""basis"":""x"",""d"":3,""p"":0.002,""rounds"":3}",
         1,         0,         0,    2.09,bp_osd,7de2ce8f480ae8106b52da5287de3b5e3a63220e82625b29377c8675e7f17c4d,"{""basis"":""x"",""d"":9,""p"":0.008,""rounds"":9}",
         1,         0,         0,   0.256,bp_osd,1da0e12676298acb068722f0806e2392354cf9f83bb925f4e526b6dbabd44b9f,"{""basis"":""x"",""d"":5,""p"":0.002,""rounds"":5}",
      1024,         2,         0,   0.404,belief_find,b0ba6ff4e7d908c841df926c53593f09702fba5264c2230f8355fb9e8a320248,"{""basis"":""x"",""d"":3,""p"":0.002,""rounds"":3}",
         1,         0,         0,    2.65,belief_find,50286a7a2e3fbed7ea5bbc9c7df22764c3c206917c449a465f94fc1372fb5214,"{""basis"":""x"",""d"":9,""p"":0.002,""rounds"":9}",
         1,         0,         0,    2.24,bp_osd,f61743ccff3d8a1cd76876798066ba1f0231db9250063f361c9f349986c7cfc1,"{""basis"":""x"",""d"":9,""p"":0.006,""rounds"":9}",
         2,         0,         0,   0.447,bp_osd,1da0e12676298acb068722f0806e2392354cf9f83bb925f4e526b6dbabd44b9f,"{""basis"":""x"",""d"":5,""p"":0.002,""rounds"":5}",
         1,         0,         0,    2.41,bp_osd,2d73ea91da0935aeafe2d7ca60ec6f0e9077dde8f43e8ace1585847c2d1cd948,"{""basis"":""x"",""d"":9,""p"":0.002,""rounds"":9}",
      1024,         2,         0,   0.461,belief_find,b0ba6ff4e7d908c841df926c53593f09702fba5264c2230f8355fb9e8a320248,"{""basis"":""x"",""d"":3,""p"":0.002,""rounds"":3}",
         2,         0,         0,   0.292,bp_osd,1da0e12676298acb068722f0806e2392354cf9f83bb925f4e526b6dbabd44b9f,"{""basis"":""x"",""d"":5,""p"":0.002,""rounds"":5}",
         1,         1,         0,    1.13,bp_osd,d97d8aa4b13209c48fd683be924d1fef96197c53329a95d507618f0d6bc13ac4,"{""basis"":""x"",""d"":7,""p"":0.008,""rounds"":7}",
         1,         0,         0,    1.71,belief_find,929d2f23fbab2e31fea8f507eea8efc347f347671a02a93806f9e90581c1bc13,"{""basis"":""x"",""d"":9,""p"":0.006,""rounds"":9}",
         1,         0,         0,    2.51,bp_osd,b6dad9c90c8f2c730e10c773f02ee37f8b522e8eacb860a5f6088f55ef19c415,"{""basis"":""x"",""d"":9,""p"":0.004,""rounds"":9}",
      1024,         1,         0,   0.512,belief_find,b0ba6ff4e7d908c841df926c53593f09702fba5264c2230f8355fb9e8a320248,"{""basis"":""x"",""d"":3,""p"":0.002,""rounds"":3}",
         4,         0,         0,   0.407,bp_osd,1da0e12676298acb068722f0806e2392354cf9f83bb925f4e526b6dbabd44b9f,"{""basis"":""x"",""d"":5,""p"":0.002,""rounds"":5}",
         1,         0,         0,    1.23,belief_find,e2b4f4ac410d9363f40c0bd034f2631ce15a6962af45fd07ac9891d17e809a3c,"{""basis"":""x"",""d"":7,""p"":0.008,""rounds"":7}",
         4,         0,         0,   0.449,bp_osd,1da0e12676298acb068722f0806e2392354cf9f83bb925f4e526b6dbabd44b9f,"{""basis"":""x"",""d"":5,""p"":0.002,""rounds"":5}",
      1024,         5,         0,   0.661,belief_find,b0ba6ff4e7d908c841df926c53593f09702fba5264c2230f8355fb9e8a320248,"{""basis"":""x"",""d"":3,""p"":0.002,""rounds"":3}",
         1,         1,         0,    2.59,belief_find,dec05d9e8d0eed19645a4c343a38ffa4ad7e069f7c117399ba2c1dab59569267,"{""basis"":""x"",""d"":9,""p"":0.008,""rounds"":9}",
         4,         0,         0,   0.257,bp_osd,1da0e12676298acb068722f0806e2392354cf9f83bb925f4e526b6dbabd44b9f,"{""basis"":""x"",""d"":5,""p"":0.002,""rounds"":5}",
      5120,        17,         0,    1.95,bp_osd,ed968c388b1c4e1b1aa25213fc01cb94dd7f8cfb1bc5a7bbfe65dc3f985d549c,"{""basis"":""x"",""d"":3,""p"":0.002,""rounds"":3}",
         6,         0,         0,    6.43,bp_osd,bde4c648d79cf1e3365396e7e32b8cc1e1780aa5479672ca740622ea9617b293,"{""basis"":""x"",""d"":7,""p"":0.006,""rounds"":7}",
         8,         0,         0,   0.529,bp_osd,1da0e12676298acb068722f0806e2392354cf9f83bb925f4e526b6dbabd44b9f,"{""basis"":""x"",""d"":5,""p"":0.002,""rounds"":5}",
         1,         0,         0,    2.69,belief_find,61b66453647c0a31f60a3d02c40fbc31e29d23b7241dcb9c131c924dd2125464,"{""basis"":""x"",""d"":9,""p"":0.004,""rounds"":9}",
         1,         0,         0,    2.52,bp_osd,7de2ce8f480ae8106b52da5287de3b5e3a63220e82625b29377c8675e7f17c4d,"{""basis"":""x"",""d"":9,""p"":0.008,""rounds"":9}",
      2048,         6,         0,   0.852,belief_find,b0ba6ff4e7d908c841df926c53593f09702fba5264c2230f8355fb9e8a320248,"{""basis"":""x"",""d"":3,""p"":0.002,""rounds"":3}",
         2,         0,         0,    1.96,bp_osd,d97d8aa4b13209c48fd683be924d1fef96197c53329a95d507618f0d6bc13ac4,"{""basis"":""x"",""d"":7,""p"":0.008,""rounds"":7}",
        72,         3,         0,    4.58,belief_find,40f5860e87a45541cb05e23ceb52e1b19e930512a110301face503b80f2db33c,"{""basis"":""x"",""d"":5,""p"":0.008,""rounds"":5}",
         1,         0,         0,    2.52,bp_osd,f61743ccff3d8a1cd76876798066ba1f0231db9250063f361c9f349986c7cfc1,"{""basis"":""x"",""d"":9,""p"":0.006,""rounds"":9}",
         8,         0,         0,   0.475,bp_osd,1da0e12676298acb068722f0806e2392354cf9f83bb925f4e526b6dbabd44b9f,"{""basis"":""x"",""d"":5,""p"":0.002,""rounds"":5}",
       240,        14,         0,    4.55,bp_osd,a3f8c1a66f853d45669f67c1ed6005ce4fe93728df249efd034154cf21479787,"{""basis"":""x"",""d"":5,""p"":0.008,""rounds"":5}",
         8,         0,         0,   0.209,bp_osd,1da0e12676298acb068722f0806e2392354cf9f83bb925f4e526b6dbabd44b9f,"{""basis"":""x"",""d"":5,""p"":0.002,""rounds"":5}",
         2,         0,         0,    2.14,belief_find,e2b4f4ac410d9363f40c0bd034f2631ce15a6962af45fd07ac9891d17e809a3c,"{""basis"":""x"",""d"":7,""p"":0.008,""rounds"":7}",
     79872,         0,         0,    11.7,pymatching-correlated,8cb7d484f825de4c869aa5721e37ea761242e75cdf343284f92f182763d73a30,"{""basis"":""x"",""d"":9,""p"":0.002,""rounds"":9}",
         1,         0,         0,    2.41,bp_osd,b6dad9c90c8f2c730e10c773f02ee37f8b522e8eacb860a5f6088f55ef19c415,"{""basis"":""x"",""d"":9,""p"":0.004,""rounds"":9}",
        16,         0,         0,   0.372,bp_osd,1da0e12676298acb068722f0806e2392354cf9f83bb925f4e526b6dbabd44b9f,"{""basis"":""x"",""d"":5,""p"":0.002,""rounds"":5}",
      2048,         7,         0,   0.847,belief_find,b0ba6ff4e7d908c841df926c53593f09702fba5264c2230f8355fb9e8a320248,"{""basis"":""x"",""d"":3,""p"":0.002,""rounds"":3}",
         1,         0,         0,    2.74,belief_find,929d2f23fbab2e31fea8f507eea8efc347f347671a02a93806f9e90581c1bc13,"{""basis"":""x"",""d"":9,""p"":0.006,""rounds"":9}",
         1,         0,         0,    1.36,bp_osd,7de2ce8f480ae8106b52da5287de3b5e3a63220e82625b29377c8675e7f17c4d,"{""basis"":""x"",""d"":9,""p"":0.008,""rounds"":9}",
        16,         0,         0,   0.521,bp_osd,1da0e12676298acb068722f0806e2392354cf9f83bb925f4e526b6dbabd44b9f,"{""basis"":""x"",""d"":5,""p"":0.002,""rounds"":5}",
         1,         1,         0,    2.14,belief_find,dec05d9e8d0eed19645a4c343a38ffa4ad7e069f7c117399ba2c1dab59569267,"{""basis"":""x"",""d"":9,""p"":0.008,""rounds"":9}",
      7168,        27,         0,    2.35,bp_osd,ed968c388b1c4e1b1aa25213fc01cb94dd7f8cfb1bc5a7bbfe65dc3f985d549c,"{""basis"":""x"",""d"":3,""p"":0.002,""rounds"":3}",
      2048,         3,         0,   0.963,belief_find,b0ba6ff4e7d908c841df926c53593f09702fba5264c2230f8355fb9e8a320248,"{""basis"":""x"",""d"":3,""p"":0.002,""rounds"":3}",
         6,         0,         0,    6.17,belief_find,0d02f2c07f1d8ae6fff2baf3dc54b145177b3ae3671f2968798ca03aeb160059,"{""basis"":""x"",""d"":7,""p"":0.006,""rounds"":7}",
        32,         0,         0,   0.698,bp_osd,1da0e12676298acb068722f0806e2392354cf9f83bb925f4e526b6dbabd44b9f,"{""basis"":""x"",""d"":5,""p"":0.002,""rounds"":5}",
         1,         1,         0,    2.02,bp_osd,f61743ccff3d8a1cd76876798066ba1f0231db9250063f361c9f349986c7cfc1,"{""basis"":""x"",""d"":9,""p"":0.006,""rounds"":9}",
         2,         0,         0,    4.45,bp_osd,2d73ea91da0935aeafe2d7ca60ec6f0e9077dde8f43e8ace1585847c2d1cd948,"{""basis"":""x"",""d"":9,""p"":0.002,""rounds"":9}",
         9,         0,         0,    9.45,bp_osd,0e39c1138d6c1114c36527bb081603ff7322700376901eea078c7a4c266aacb7,"{""basis"":""x"",""d"":7,""p"":0.002,""rounds"":7}",
         2,         0,         0,    2.48,bp_osd,d97d8aa4b13209c48fd683be924d1fef96197c53329a95d507618f0d6bc13ac4,"{""basis"":""x"",""d"":7,""p"":0.008,""rounds"":7}",
        10,         0,         0,    9.06,bp_osd,bea659dce592d9e7dac18f52c515962b5cbd335311a89f928680c06a69db9fa0,"{""basis"":""x"",""d"":7,""p"":0.004,""rounds"":7}",
         2,         0,         0,    5.33,belief_find,50286a7a2e3fbed7ea5bbc9c7df22764c3c206917c449a465f94fc1372fb5214,"{""basis"":""x"",""d"":9,""p"":0.002,""rounds"":9}",
     32768,       113,         0,    11.9,bp_osd,ed968c388b1c4e1b1aa25213fc01cb94dd7f8cfb1bc5a7bbfe65dc3f985d549c,"{""basis"":""x"",""d"":3,""p"":0.002,""rounds"":3}",
         9,         0,         0,    9.19,belief_find,d51b11287f46a3bcc136577b149fb14f59784df0ca4f66e423e8124e96cab3be,"{""basis"":""x"",""d"":7,""p"":0.002,""rounds"":7}",
         3,         1,         0,    2.29,belief_find,e2b4f4ac410d9363f40c0bd034f2631ce15a6962af45fd07ac9891d17e809a3c,"{""basis"":""x"",""d"":7,""p"":0.008,""rounds"":7}",
         1,         1,         0,    2.01,belief_find,929d2f23fbab2e31fea8f507eea8efc347f347671a02a93806f9e90581c1bc13,"{""basis"":""x"",""d"":9,""p"":0.006,""rounds"":9}",
      4096,        17,         0,    1.34,bp_osd,ed968c388b1c4e1b1aa25213fc01cb94dd7f8cfb1bc5a7bbfe65dc3f985d549c,"{""basis"":""x"",""d"":3,""p"":0.002,""rounds"":3}",
      1024,         4,         0,   0.253,bp_osd,ed968c388b1c4e1b1aa25213fc01cb94dd7f8cfb1bc5a7bbfe65dc3f985d549c,"{""basis"":""x"",""d"":3,""p"":0.002,""rounds"":3}",
      3072,         8,         0,    1.35,belief_find,b0ba6ff4e7d908c841df926c53593f09702fba5264c2230f8355fb9e8a320248,"{""basis"":""x"",""d"":3,""p"":0.002,""rounds"":3}",
     45056,        55,         0,    11.8,pymatching-correlated,bb744af68fda44142af07cbe5a2c9da6ee75743e8c1493b26d37336f89af963d,"{""basis"":""x"",""d"":9,""p"":0.004,""rounds"":9}",
        64,         0,         0,    1.16,bp_osd,1da0e12676298acb068722f0806e2392354cf9f83bb925f4e526b6dbabd44b9f,"{""basis"":""x"",""d"":5,""p"":0.002,""rounds"":5}",
     27648,        92,         0,    11.7,belief_find,b0ba6ff4e7d908c841df926c53593f09702fba5264c2230f8355fb9e8a320248,"{""basis"":""x"",""d"":3,""p"":0.002,""rounds"":3}",
         1,         0,         0,    2.34,bp_osd,7de2ce8f480ae8106b52da5287de3b5e3a63220e82625b29377c8675e7f17c4d,"{""basis"":""x"",""d"":9,""p"":0.008,""rounds"":9}",
         2,         0,         0,    3.84,belief_find,61b66453647c0a31f60a3d02c40fbc31e29d23b7241dcb9c131c924dd2125464,"{""basis"":""x"",""d"":9,""p"":0.004,""rounds"":9}",
         1,         0,         0,   0.432,belief_find,fb346a467f737aabcb9aba63dd7faf2005530c4b22c77f1d00dacd3a7873437a,"{""basis"":""x"",""d"":5,""p"":0.002,""rounds"":5}",
         1,         0,         0,    2.41,belief_find,dec05d9e8d0eed19645a4c343a38ffa4ad7e069f7c117399ba2c1dab59569267,"{""basis"":""x"",""d"":9,""p"":0.008,""rounds"":9}",
      1216,        15,         0,    11.8,belief_find,0fb7771dbd9887db4b6fc218263bbd2e3969225adaa47ea7567eb9e8ad439bb6,"{""basis"":""x"",""d"":5,""p"":0.004,""rounds"":5}",
         1,         0,         0,    1.89,bp_osd,f61743ccff3d8a1cd76876798066ba1f0231db9250063f361c9f349986c7cfc1,"{""basis"":""x"",""d"":9,""p"":0.006,""rounds"":9}",
         1,         0,         0,   0.373,belief_find,fb346a467f737aabcb9aba63dd7faf2005530c4b22c77f1d00dacd3a7873437a,"{""basis"":""x"",""d"":5,""p"":0.002,""rounds"":5}",
      1280,         2,         0,    12.0,belief_find,fb346a467f737aabcb9aba63dd7faf2005530c4b22c77f1d00dacd3a7873437a,"{""basis"":""x"",""d"":5,""p"":0.002,""rounds"":5}",
       672,         6,         0,    11.9,bp_osd,eadd520de7a8aab6cc9278546305b2159b96f6aa8193b0f38bcac88a86353a49,"{""basis"":""x"",""d"":5,""p"":0.004,""rounds"":5}",
         1,         0,         0,   0.337,belief_find,fb346a467f737aabcb9aba63dd7faf2005530c4b22c77f1d00dacd3a7873437a,"{""basis"":""x"",""d"":5,""p"":0.002,""rounds"":5}",
        96,         0,         0,    1.34,bp_osd,1da0e12676298acb068722f0806e2392354cf9f83bb925f4e526b6dbabd44b9f,"{""basis"":""x"",""d"":5,""p"":0.002,""rounds"":5}",
      5120,        21,         0,    1.57,belief_find,b0ba6ff4e7d908c841df926c53593f09702fba5264c2230f8355fb9e8a320248,"{""basis"":""x"",""d"":3,""p"":0.002,""rounds"":3}",
         1,         0,         0,   0.275,belief_find,fb346a467f737aabcb9aba63dd7faf2005530c4b22c77f1d00dacd3a7873437a,"{""basis"":""x"",""d"":5,""p"":0.002,""rounds"":5}",
         1,         0,         0,    1.20,bp_osd,0e39c1138d6c1114c36527bb081603ff7322700376901eea078c7a4c266aacb7,"{""basis"":""x"",""d"":7,""p"":0.002,""rounds"":7}",
      2176,         3,         0,    12.3,bp_osd,1da0e12676298acb068722f0806e2392354cf9f83bb925f4e526b6dbabd44b9f,"{""basis"":""x"",""d"":5,""p"":0.002,""rounds"":5}",
        10,         0,         0,    9.27,belief_find,08c351f14149e77f75508015fc09a988b4c3c6d7829ffc9c3b4f3f80f7e42ed9,"{""basis"":""x"",""d"":7,""p"":0.004,""rounds"":7}",
         1,         0,         0,    1.99,belief_find,929d2f23fbab2e31fea8f507eea8efc347f347671a02a93806f9e90581c1bc13,"{""basis"":""x"",""d"":9,""p"":0.006,""rounds"":9}",
         2,         0,         0,   0.380,belief_find,fb346a467f737aabcb9aba63dd7faf2005530c4b22c77f1d00dacd3a7873437a,"{""basis"":""x"",""d"":5,""p"":0.002,""rounds"":5}",
         2,         0,         0,    4.39,bp_osd,b6dad9c90c8f2c730e10c773f02ee37f8b522e8eacb860a5f6088f55ef19c415,"{""basis"":""x"",""d"":9,""p"":0.004,""rounds"":9}",
         1,         0,         0,    1.87,bp_osd,7de2ce8f480ae8106b52da5287de3b5e3a63220e82625b29377c8675e7f17c4d,"{""basis"":""x"",""d"":9,""p"":0.008,""rounds"":9}",
         2,         0,         0,   0.428,belief_find,fb346a467f737aabcb9aba63dd7faf2005530c4b22c77f1d00dacd3a7873437a,"{""basis"":""x"",""d"":5,""p"":0.002,""rounds"":5}",
         1,         0,         0,   0.962,bp_osd,0e39c1138d6c1114c36527bb081603ff7322700376901eea078c7a4c266aacb7,"{""basis"":""x"",""d"":7,""p"":0.002,""rounds"":7}",
         2,         0,         0,   0.408,belief_find,fb346a467f737aabcb9aba63dd7faf2005530c4b22c77f1d00dacd3a7873437a,"{""basis"":""x"",""d"":5,""p"":0.002,""rounds"":5}",
         2,         0,         0,   0.245,belief_find,fb346a467f737aabcb9aba63dd7faf2005530c4b22c77f1d00dacd3a7873437a,"{""basis"":""x"",""d"":5,""p"":0.002,""rounds"":5}",
       192,        16,         0,    6.14,belief_find,40f5860e87a45541cb05e23ceb52e1b19e930512a110301face503b80f2db33c,"{""basis"":""x"",""d"":5,""p"":0.008,""rounds"":5}",
         1,         1,         0,    2.58,belief_find,dec05d9e8d0eed19645a4c343a38ffa4ad7e069f7c117399ba2c1dab59569267,"{""basis"":""x"",""d"":9,""p"":0.008,""rounds"":9}",
         1,         0,         0,    2.35,bp_osd,f61743ccff3d8a1cd76876798066ba1f0231db9250063f361c9f349986c7cfc1,"{""basis"":""x"",""d"":9,""p"":0.006,""rounds"":9}",
       128,         0,         0,    1.91,bp_osd,1da0e12676298acb068722f0806e2392354cf9f83bb925f4e526b6dbabd44b9f,"{""basis"":""x"",""d"":5,""p"":0.002,""rounds"":5}",
         4,         1,         0,    3.91,bp_osd,d97d8aa4b13209c48fd683be924d1fef96197c53329a95d507618f0d6bc13ac4,"{""basis"":""x"",""d"":7,""p"":0.008,""rounds"":7}",
         4,         0,         0,   0.393,belief_find,fb346a467f737aabcb9aba63dd7faf2005530c4b22c77f1d00dacd3a7873437a,"{""basis"":""x"",""d"":5,""p"":0.002,""rounds"":5}",
         4,         0,         0,    3.69,belief_find,e2b4f4ac410d9363f40c0bd034f2631ce15a6962af45fd07ac9891d17e809a3c,"{""basis"":""x"",""d"":7,""p"":0.008,""rounds"":7}",
       352,        21,         0,    6.36,bp_osd,a3f8c1a66f853d45669f67c1ed6005ce4fe93728df249efd034154cf21479787,"{""basis"":""x"",""d"":5,""p"":0.008,""rounds"":5}",
       704,        21,         0,    11.7,bp_osd,0f5fedb62b0fbb8bb5c9aa8da74b33824185b181e70d16c2f975dbf66876e279,"{""basis"":""x"",""d"":5,""p"":0.006,""rounds"":5}",
      6144,        29,         0,    2.28,belief_find,b0ba6ff4e7d908c841df926c53593f09702fba5264c2230f8355fb9e8a320248,"{""basis"":""x"",""d"":3,""p"":0.002,""rounds"":3}",
         1,         0,         0,    1.32,bp_osd,0e39c1138d6c1114c36527bb081603ff7322700376901eea078c7a4c266aacb7,"{""basis"":""x"",""d"":7,""p"":0.002,""rounds"":7}",
         4,         0,         0,   0.504,belief_find,fb346a467f737aabcb9aba63dd7faf2005530c4b22c77f1d00dacd3a7873437a,"{""basis"":""x"",""d"":5,""p"":0.002,""rounds"":5}",
         1,         0,         0,    2.49,belief_find,929d2f23fbab2e31fea8f507eea8efc347f347671a02a93806f9e90581c1bc13,"{""basis"":""x"",""d"":9,""p"":0.006,""rounds"":9}",
         4,         0,         0,   0.532,belief_find,fb346a467f737aabcb9aba63dd7faf2005530c4b22c77f1d00dacd3a7873437a,"{""basis"":""x"",""d"":5,""p"":0.002,""rounds"":5}",
         1,         0,         0,   0.854,bp_osd,0e39c1138d6c1114c36527bb081603ff7322700376901eea078c7a4c266aacb7,"{""basis"":""x"",""d"":7,""p"":0.002,""rounds"":7}",
         1,         0,         0,    2.65,bp_osd,7de2ce8f480ae8106b52da5287de3b5e3a63220e82625b29377c8675e7f17c4d,"{""basis"":""x"",""d"":9,""p"":0.008,""rounds"":9}",
         1,         0,         0,    1.97,bp_osd,f61743ccff3d8a1cd76876798066ba1f0231db9250063f361c9f349986c7cfc1,"{""basis"":""x"",""d"":9,""p"":0.006,""rounds"":9}",
         2,         0,         0,    4.76,belief_find,61b66453647c0a31f60a3d02c40fbc31e29d23b7241dcb9c131c924dd2125464,"{""basis"":""x"",""d"":9,""p"":0.004,""rounds"":9}",
         8,         0,         0,   0.985,belief_find,fb346a467f737aabcb9aba63dd7faf2005530c4b22c77f1d00dacd3a7873437a,"{""basis"":""x"",""d"":5,""p"":0.002,""rounds"":5}",
      1056,        33,         0,    12.3,belief_find,432e4d770c6e9af5107117e1ccb8684ea1a2983791287285e3b636426f1207bb,"{""basis"":""x"",""d"":5,""p"":0.006,""rounds"":5}",
         3,         0,         0,    5.93,belief_find,50286a7a2e3fbed7ea5bbc9c7df22764c3c206917c449a465f94fc1372fb5214,"{""basis"":""x"",""d"":9,""p"":0.002,""rounds"":9}",
         3,         0,         0,    6.50,bp_osd,2d73ea91da0935aeafe2d7ca60ec6f0e9077dde8f43e8ace1585847c2d1cd948,"{""basis"":""x"",""d"":9,""p"":0.002,""rounds"":9}",
         1,         0,         0,   0.996,bp_osd,0e39c1138d6c1114c36527bb081603ff7322700376901eea078c7a4c266aacb7,"{""basis"":""x"",""d"":7,""p"":0.002,""rounds"":7}",
         1,         0,         0,    2.58,belief_find,dec05d9e8d0eed19645a4c343a38ffa4ad7e069f7c117399ba2c1dab59569267,"{""basis"":""x"",""d"":9,""p"":0.008,""rounds"":9}",
         9,         0,         0,    9.33,bp_osd,bde4c648d79cf1e3365396e7e32b8cc1e1780aa5479672ca740622ea9617b293,"{""basis"":""x"",""d"":7,""p"":0.006,""rounds"":7}",
         8,         0,         0,   0.651,belief_find,fb346a467f737aabcb9aba63dd7faf2005530c4b22c77f1d00dacd3a7873437a,"{""basis"":""x"",""d"":5,""p"":0.002,""rounds"":5}",
       288,         2,         0,    2.93,bp_osd,1da0e12676298acb068722f0806e2392354cf9f83bb925f4e526b6dbabd44b9f,"{""basis"":""x"",""d"":5,""p"":0.002,""rounds"":5}",
         1,         0,         0,   0.813,bp_osd,0e39c1138d6c1114c36527bb081603ff7322700376901eea078c7a4c266aacb7,"{""basis"":""x"",""d"":7,""p"":0.002,""rounds"":7}",
         1,         0,         0,    2.29,belief_find,929d2f23fbab2e31fea8f507eea8efc347f347671a02a93806f9e90581c1bc13,"{""basis"":""x"",""d"":9,""p"":0.006,""rounds"":9}",
        16,         0,         0,   0.905,belief_find,fb346a467f737aabcb9aba63dd7faf2005530c4b22c77f1d00dacd3a7873437a,"{""basis"":""x"",""d"":5,""p"":0.002,""rounds"":5}",
         1,         0,         0,   0.628,bp_osd,0e39c1138d6c1114c36527bb081603ff7322700376901eea078c7a4c266aacb7,"{""basis"":""x"",""d"":7,""p"":0.002,""rounds"":7}",
      7168,        19,         0,    3.48,belief_find,b0ba6ff4e7d908c841df926c53593f09702fba5264c2230f8355fb9e8a320248,"{""basis"":""x"",""d"":3,""p"":0.002,""rounds"":3}",
         1,         0,         0,    2.53,bp_osd,7de2ce8f480ae8106b52da5287de3b5e3a63220e82625b29377c8675e7f17c4d,"{""basis"":""x"",""d"":9,""p"":0.008,""rounds"":9}",
         8,         1,         0,    8.83,belief_find,0d02f2c07f1d8ae6fff2baf3dc54b145177b3ae3671f2968798ca03aeb160059,"{""basis"":""x"",""d"":7,""p"":0.006,""rounds"":7}",
         1,         0,         0,    2.04,belief_find,dec05d9e8d0eed19645a4c343a38ffa4ad7e069f7c117399ba2c1dab59569267,"{""basis"":""x"",""d"":9,""p"":0.008,""rounds"":9}",
         4,         2,         0,    4.32,belief_find,e2b4f4ac410d9363f40c0bd034f2631ce15a6962af45fd07ac9891d17e809a3c,"{""basis"":""x"",""d"":7,""p"":0.008,""rounds"":7}",
         1,         0,         0,    2.63,bp_osd,f61743ccff3d8a1cd76876798066ba1f0231db9250063f361c9f349986c7cfc1,"{""basis"":""x"",""d"":9,""p"":0.006,""rounds"":9}",
         5,         1,         0,    4.65,bp_osd,d97d8aa4b13209c48fd683be924d1fef96197c53329a95d507618f0d6bc13ac4,"{""basis"":""x"",""d"":7,""p"":0.008,""rounds"":7}",
         1,         0,         0,    1.15,bp_osd,0e39c1138d6c1114c36527bb081603ff7322700376901eea078c7a4c266aacb7,"{""basis"":""x"",""d"":7,""p"":0.002,""rounds"":7}",
        24,         0,         0,    1.74,belief_find,fb346a467f737aabcb9aba63dd7faf2005530c4b22c77f1d00dacd3a7873437a,"{""basis"":""x"",""d"":5,""p"":0.002,""rounds"":5}",
         3,         0,         0,    7.21,bp_osd,b6dad9c90c8f2c730e10c773f02ee37f8b522e8eacb860a5f6088f55ef19c415,"{""basis"":""x"",""d"":9,""p"":0.004,""rounds"":9}",
         1,         0,         0,   0.965,bp_osd,0e39c1138d6c1114c36527bb081603ff7322700376901eea078c7a4c266aacb7,"{""basis"":""x"",""d"":7,""p"":0.002,""rounds"":7}",
       384,         1,         0,    3.59,bp_osd,1da0e12676298acb068722f0806e2392354cf9f83bb925f4e526b6dbabd44b9f,"{""basis"":""x"",""d"":5,""p"":0.002,""rounds"":5}",
         1,         0,         0,    2.12,belief_find,dec05d9e8d0eed19645a4c343a38ffa4ad7e069f7c117399ba2c1dab59569267,"{""basis"":""x"",""d"":9,""p"":0.008,""rounds"":9}",
         1,         0,         0,    2.59,bp_osd,7de2ce8f480ae8106b52da5287de3b5e3a63220e82625b29377c8675e7f17c4d,"{""basis"":""x"",""d"":9,""p"":0.008,""rounds"":9}",
         1,         0,         0,    1.24,bp_osd,0e39c1138d6c1114c36527bb081603ff7322700376901eea078c7a4c266aacb7,"{""basis"":""x"",""d"":7,""p"":0.002,""rounds"":7}",
        24,         0,         0,    1.85,belief_find,fb346a467f737aabcb9aba63dd7faf2005530c4b22c77f1d00dacd3a7873437a,"{""basis"":""x"",""d"":5,""p"":0.002,""rounds"":5}",
        12,         0,         0,    11.8,bp_osd,0e39c1138d6c1114c36527bb081603ff7322700376901eea078c7a4c266aacb7,"{""basis"":""x"",""d"":7,""p"":0.002,""rounds"":7}",
         3,         0,         0,    6.48,belief_find,61b66453647c0a31f60a3d02c40fbc31e29d23b7241dcb9c131c924dd2125464,"{""basis"":""x"",""d"":9,""p"":0.004,""rounds"":9}",
     10240,        33,         0,    4.52,belief_find,b0ba6ff4e7d908c841df926c53593f09702fba5264c2230f8355fb9e8a320248,"{""basis"":""x"",""d"":3,""p"":0.002,""rounds"":3}",
         1,         0,         0,    1.33,bp_osd,0e39c1138d6c1114c36527bb081603ff7322700376901eea078c7a4c266aacb7,"{""basis"":""x"",""d"":7,""p"":0.002,""rounds"":7}",
         2,         0,         0,    5.35,belief_find,929d2f23fbab2e31fea8f507eea8efc347f347671a02a93806f9e90581c1bc13,"{""basis"":""x"",""d"":9,""p"":0.006,""rounds"":9}",
       240,        17,         0,    8.84,belief_find,40f5860e87a45541cb05e23ceb52e1b19e930512a110301face503b80f2db33c,"{""basis"":""x"",""d"":5,""p"":0.008,""rounds"":5}",
         1,         0,         0,    2.04,belief_find,dec05d9e8d0eed19645a4c343a38ffa4ad7e069f7c117399ba2c1dab59569267,"{""basis"":""x"",""d"":9,""p"":0.008,""rounds"":9}",
       416,        22,         0,    8.43,bp_osd,a3f8c1a66f853d45669f67c1ed6005ce4fe93728df249efd034154cf21479787,"{""basis"":""x"",""d"":5,""p"":0.008,""rounds"":5}",
        14,         0,         0,    12.5,bp_osd,bea659dce592d9e7dac18f52c515962b5cbd335311a89f928680c06a69db9fa0,"{""basis"":""x"",""d"":7,""p"":0.004,""rounds"":7}",
         1,         0,         0,    2.08,bp_osd,7de2ce8f480ae8106b52da5287de3b5e3a63220e82625b29377c8675e7f17c4d,"{""basis"":""x"",""d"":9,""p"":0.008,""rounds"":9}",
        13,         0,         0,    12.4,belief_find,d51b11287f46a3bcc136577b149fb14f59784df0ca4f66e423e8124e96cab3be,"{""basis"":""x"",""d"":7,""p"":0.002,""rounds"":7}",
         3,         0,         0,    6.74,belief_find,50286a7a2e3fbed7ea5bbc9c7df22764c3c206917c449a465f94fc1372fb5214,"{""basis"":""x"",""d"":9,""p"":0.002,""rounds"":9}",
         2,         0,         0,    4.63,bp_osd,f61743ccff3d8a1cd76876798066ba1f0231db9250063f361c9f349986c7cfc1,"{""basis"":""x"",""d"":9,""p"":0.006,""rounds"":9}",
        56,         1,         0,    2.33,belief_find,fb346a467f737aabcb9aba63dd7faf2005530c4b22c77f1d00dacd3a7873437a,"{""basis"":""x"",""d"":5,""p"":0.002,""rounds"":5}",
         1,         0,         0,    1.25,bp_osd,0e39c1138d6c1114c36527bb081603ff7322700376901eea078c7a4c266aacb7,"{""basis"":""x"",""d"":7,""p"":0.002,""rounds"":7}",
         4,         0,         0,    7.72,bp_osd,2d73ea91da0935aeafe2d7ca60ec6f0e9077dde8f43e8ace1585847c2d1cd948,"{""basis"":""x"",""d"":9,""p"":0.002,""rounds"":9}",
        11,         0,         0,    11.9,belief_find,08c351f14149e77f75508015fc09a988b4c3c6d7829ffc9c3b4f3f80f7e42ed9,"{""basis"":""x"",""d"":7,""p"":0.004,""rounds"":7}",
         1,         0,         0,    1.81,belief_find,dec05d9e8d0eed19645a4c343a38ffa4ad7e069f7c117399ba2c1dab59569267,"{""basis"":""x"",""d"":9,""p"":0.008,""rounds"":9}",
    119808,         2,         0,    16.4,pymatching-correlated,8cb7d484f825de4c869aa5721e37ea761242e75cdf343284f92f182763d73a30,"{""basis"":""x"",""d"":9,""p"":0.002,""rounds"":9}",
         1,         0,         0,    2.08,bp_osd,7de2ce8f480ae8106b52da5287de3b5e3a63220e82625b29377c8675e7f17c4d,"{""basis"":""x"",""d"":9,""p"":0.008,""rounds"":9}",
         5,         0,         0,    6.34,bp_osd,d97d8aa4b13209c48fd683be924d1fef96197c53329a95d507618f0d6bc13ac4,"{""basis"":""x"",""d"":7,""p"":0.008,""rounds"":7}",
         1,         0,         0,    1.36,bp_osd,0e39c1138d6c1114c36527bb081603ff7322700376901eea078c7a4c266aacb7,"{""basis"":""x"",""d"":7,""p"":0.002,""rounds"":7}",
       512,         0,         0,    4.84,bp_osd,1da0e12676298acb068722f0806e2392354cf9f83bb925f4e526b6dbabd44b9f,"{""basis"":""x"",""d"":5,""p"":0.002,""rounds"":5}",
         6,         1,         0,    6.86,belief_find,e2b4f4ac410d9363f40c0bd034f2631ce15a6962af45fd07ac9891d17e809a3c,"{""basis"":""x"",""d"":7,""p"":0.008,""rounds"":7}",
         1,         0,         0,    1.63,bp_osd,0e39c1138d6c1114c36527bb081603ff7322700376901eea078c7a4c266aacb7,"{""basis"":""x"",""d"":7,""p"":0.002,""rounds"":7}",
         1,         0,         0,    2.61,belief_find,dec05d9e8d0eed19645a4c343a38ffa4ad7e069f7c117399ba2c1dab59569267,"{""basis"":""x"",""d"":9,""p"":0.008,""rounds"":9}",
       192,         1,         0,    3.61,belief_find,fb346a467f737aabcb9aba63dd7faf2005530c4b22c77f1d00dacd3a7873437a,"{""basis"":""x"",""d"":5,""p"":0.002,""rounds"":5}",
     37888,       113,         0,    16.7,belief_find,b0ba6ff4e7d908c841df926c53593f09702fba5264c2230f8355fb9e8a320248,"{""basis"":""x"",""d"":3,""p"":0.002,""rounds"":3}",
     55296,        58,         0,    16.9,pymatching-correlated,bb744af68fda44142af07cbe5a2c9da6ee75743e8c1493b26d37336f89af963d,"{""basis"":""x"",""d"":9,""p"":0.004,""rounds"":9}",
     11264,        37,         0,    5.10,belief_find,b0ba6ff4e7d908c841df926c53593f09702fba5264c2230f8355fb9e8a320248,"{""basis"":""x"",""d"":3,""p"":0.002,""rounds"":3}",
         1,         0,         0,    2.77,bp_osd,7de2ce8f480ae8106b52da5287de3b5e3a63220e82625b29377c8675e7f17c4d,"{""basis"":""x"",""d"":9,""p"":0.008,""rounds"":9}",
         3,         0,         0,    8.10,bp_osd,b6dad9c90c8f2c730e10c773f02ee37f8b522e8eacb860a5f6088f55ef19c415,"{""basis"":""x"",""d"":9,""p"":0.004,""rounds"":9}",
      1024,         7,         0,   0.591,belief_find,b0ba6ff4e7d908c841df926c53593f09702fba5264c2230f8355fb9e8a320248,"{""basis"":""x"",""d"":3,""p"":0.002,""rounds"":3}",
         2,         0,         0,    5.52,belief_find,929d2f23fbab2e31fea8f507eea8efc347f347671a02a93806f9e90581c1bc13,"{""basis"":""x"",""d"":9,""p"":0.006,""rounds"":9}",
         2,         0,         0,    4.98,bp_osd,f61743ccff3d8a1cd76876798066ba1f0231db9250063f361c9f349986c7cfc1,"{""basis"":""x"",""d"":9,""p"":0.006,""rounds"":9}",
        12,         1,         0,    11.9,bp_osd,bde4c648d79cf1e3365396e7e32b8cc1e1780aa5479672ca740622ea9617b293,"{""basis"":""x"",""d"":7,""p"":0.006,""rounds"":7}",
         1,         0,         0,   0.030,pymatching-correlated,8cb7d484f825de4c869aa5721e37ea761242e75cdf343284f92f182763d73a30,"{""basis"":""x"",""d"":9,""p"":0.002,""rounds"":9}",
         2,         0,         0,    1.76,bp_osd,0e39c1138d6c1114c36527bb081603ff7322700376901eea078c7a4c266aacb7,"{""basis"":""x"",""d"":7,""p"":0.002,""rounds"":7}",
      2816,         4,         0,    16.8,belief_find,fb346a467f737aabcb9aba63dd7faf2005530c4b22c77f1d00dacd3a7873437a,"{""basis"":""x"",""d"":5,""p"":0.002,""rounds"":5}",
      1296,         0,         0,   0.144,pymatching-correlated,8cb7d484f825de4c869aa5721e37ea761242e75cdf343284f92f182763d73a30,"{""basis"":""x"",""d"":9,""p"":0.002,""rounds"":9}",
      1664,        20,         0,    17.3,belief_find,0fb7771dbd9887db4b6fc218263bbd2e3969225adaa47ea7567eb9e8ad439bb6,"{""basis"":""x"",""d"":5,""p"":0.004,""rounds"":5}",
      1024,         0,         0,   0.234,pymatching-correlated,8cb7d484f825de4c869aa5721e37ea761242e75cdf343284f92f182763d73a30,"{""basis"":""x"",""d"":9,""p"":0.002,""rounds"":9}",
       928,        13,         0,    17.0,bp_osd,eadd520de7a8aab6cc9278546305b2159b96f6aa8193b0f38bcac88a86353a49,"{""basis"":""x"",""d"":5,""p"":0.004,""rounds"":5}",
      1024,         0,         0,   0.053,pymatching-correlated,8cb7d484f825de4c869aa5721e37ea761242e75cdf343284f92f182763d73a30,"{""basis"":""x"",""d"":9,""p"":0.002,""rounds"":9}",
      1024,         0,         0,   0.074,pymatching-correlated,8cb7d484f825de4c869aa5721e37ea761242e75cdf343284f92f182763d73a30,"{""basis"":""x"",""d"":9,""p"":0.002,""rounds"":9}",
      1024,         0,         0,   0.103,pymatching-correlated,8cb7d484f825de4c869aa5721e37ea761242e75cdf343284f92f182763d73a30,"{""basis"":""x"",""d"":9,""p"":0.002,""rounds"":9}",
         1,         0,         0,   0.953,belief_find,d51b11287f46a3bcc136577b149fb14f59784df0ca4f66e423e8124e96cab3be,"{""basis"":""x"",""d"":7,""p"":0.002,""rounds"":7}",
      2944,         4,         0,    17.1,bp_osd,1da0e12676298acb068722f0806e2392354cf9f83bb925f4e526b6dbabd44b9f,"{""basis"":""x"",""d"":5,""p"":0.002,""rounds"":5}",
      1024,         0,         0,   0.290,pymatching-correlated,8cb7d484f825de4c869aa5721e37ea761242e75cdf343284f92f182763d73a30,"{""basis"":""x"",""d"":9,""p"":0.002,""rounds"":9}",
      1024,         0,         0,   0.204,pymatching-correlated,8cb7d484f825de4c869aa5721e37ea761242e75cdf343284f92f182763d73a30,"{""basis"":""x"",""d"":9,""p"":0.002,""rounds"":9}",
         1,         0,         0,    2.65,belief_find,dec05d9e8d0eed19645a4c343a38ffa4ad7e069f7c117399ba2c1dab59569267,"{""basis"":""x"",""d"":9,""p"":0.008,""rounds"":9}",
      3072,         0,         0,   0.208,pymatching-correlated,8cb7d484f825de4c869aa5721e37ea761242e75cdf343284f92f182763d73a30,"{""basis"":""x"",""d"":9,""p"":0.002,""rounds"":9}",
         1,         0,         0,    2.22,bp_osd,7de2ce8f480ae8106b52da5287de3b5e3a63220e82625b29377c8675e7f17c4d,"{""basis"":""x"",""d"":9,""p"":0.008,""rounds"":9}",
      3072,         0,         0,   0.217,pymatching-correlated,8cb7d484f825de4c869aa5721e37ea761242e75cdf343284f92f182763d73a30,"{""basis"":""x"",""d"":9,""p"":0.002,""rounds"":9}",
         1,         0,         0,   0.938,belief_find,d51b11287f46a3bcc136577b149fb14f59784df0ca4f66e423e8124e96cab3be,"{""basis"":""x"",""d"":7,""p"":0.002,""rounds"":7}",
      2048,         0,         0,   0.343,pymatching-correlated,8cb7d484f825de4c869aa5721e37ea761242e75cdf343284f92f182763d73a30,"{""basis"":""x"",""d"":9,""p"":0.002,""rounds"":9}",
        11,         1,         0,    12.5,belief_find,0d02f2c07f1d8ae6fff2baf3dc54b145177b3ae3671f2968798ca03aeb160059,"{""basis"":""x"",""d"":7,""p"":0.006,""rounds"":7}",
      2048,         0,         0,   0.466,pymatching-correlated,8cb7d484f825de4c869aa5721e37ea761242e75cdf343284f92f182763d73a30,"{""basis"":""x"",""d"":9,""p"":0.002,""rounds"":9}",
       928,        27,         0,    16.7,bp_osd,0f5fedb62b0fbb8bb5c9aa8da74b33824185b181e70d16c2f975dbf66876e279,"{""basis"":""x"",""d"":5,""p"":0.006,""rounds"":5}",
         1,         0,         0,   0.619,belief_find,d51b11287f46a3bcc136577b149fb14f59784df0ca4f66e423e8124e96cab3be,"{""basis"":""x"",""d"":7,""p"":0.002,""rounds"":7}",
         2,         0,         0,    2.41,bp_osd,0e39c1138d6c1114c36527bb081603ff7322700376901eea078c7a4c266aacb7,"{""basis"":""x"",""d"":7,""p"":0.002,""rounds"":7}",
         4,         0,         0,    8.85,belief_find,61b66453647c0a31f60a3d02c40fbc31e29d23b7241dcb9c131c924dd2125464,"{""basis"":""x"",""d"":9,""p"":0.004,""rounds"":9}",
     49159,         0,         0,    6.72,pymatching-correlated,8cb7d484f825de4c869aa5721e37ea761242e75cdf343284f92f182763d73a30,"{""basis"":""x"",""d"":9,""p"":0.002,""rounds"":9}",
       640,         2,         0,    6.12,bp_osd,1da0e12676298acb068722f0806e2392354cf9f83bb925f4e526b6dbabd44b9f,"{""basis"":""x"",""d"":5,""p"":0.002,""rounds"":5}",
      4096,         0,         0,   0.589,pymatching-correlated,8cb7d484f825de4c869aa5721e37ea761242e75cdf343284f92f182763d73a30,"{""basis"":""x"",""d"":9,""p"":0.002,""rounds"":9}",
       288,         0,         0,    4.52,belief_find,fb346a467f737aabcb9aba63dd7faf2005530c4b22c77f1d00dacd3a7873437a,"{""basis"":""x"",""d"":5,""p"":0.002,""rounds"":5}",
         1,         0,         0,    2.13,belief_find,dec05d9e8d0eed19645a4c343a38ffa4ad7e069f7c117399ba2c1dab59569267,"{""basis"":""x"",""d"":9,""p"":0.008,""rounds"":9}",
         1,         0,         0,   0.974,belief_find,d51b11287f46a3bcc136577b149fb14f59784df0ca4f66e423e8124e96cab3be,"{""basis"":""x"",""d"":7,""p"":0.002,""rounds"":7}",
      8192,         0,         0,   0.889,pymatching-correlated,8cb7d484f825de4c869aa5721e37ea761242e75cdf343284f92f182763d73a30,"{""basis"":""x"",""d"":9,""p"":0.002,""rounds"":9}",
         1,         0,         0,    2.59,bp_osd,7de2ce8f480ae8106b52da5287de3b5e3a63220e82625b29377c8675e7f17c4d,"{""basis"":""x"",""d"":9,""p"":0.008,""rounds"":9}",
         1,         0,         0,    1.13,belief_find,d51b11287f46a3bcc136577b149fb14f59784df0ca4f66e423e8124e96cab3be,"{""basis"":""x"",""d"":7,""p"":0.002,""rounds"":7}",
      5499,         0,         0,   0.729,pymatching-correlated,8cb7d484f825de4c869aa5721e37ea761242e75cdf343284f92f182763d73a30,"{""basis"":""x"",""d"":9,""p"":0.002,""rounds"":9}",
         4,         0,         0,    10.0,belief_find,50286a7a2e3fbed7ea5bbc9c7df22764c3c206917c449a465f94fc1372fb5214,"{""basis"":""x"",""d"":9,""p"":0.002,""rounds"":9}",
      8192,         0,         0,    1.64,pymatching-correlated,8cb7d484f825de4c869aa5721e37ea761242e75cdf343284f92f182763d73a30,"{""basis"":""x"",""d"":9,""p"":0.002,""rounds"":9}",
      1344,        55,         0,    17.3,belief_find,432e4d770c6e9af5107117e1ccb8684ea1a2983791287285e3b636426f1207bb,"{""basis"":""x"",""d"":5,""p"":0.006,""rounds"":5}",
      2750,         0,         0,   0.436,pymatching-correlated,8cb7d484f825de4c869aa5721e37ea761242e75cdf343284f92f182763d73a30,"{""basis"":""x"",""d"":9,""p"":0.002,""rounds"":9}",
         3,         0,         0,    2.60,bp_osd,0e39c1138d6c1114c36527bb081603ff7322700376901eea078c7a4c266aacb7,"{""basis"":""x"",""d"":7,""p"":0.002,""rounds"":7}",
      2749,         0,         0,   0.480,pymatching-correlated,8cb7d484f825de4c869aa5721e37ea761242e75cdf343284f92f182763d73a30,"{""basis"":""x"",""d"":9,""p"":0.002,""rounds"":9}",
         8,         2,         0,    8.42,belief_find,e2b4f4ac410d9363f40c0bd034f2631ce15a6962af45fd07ac9891d17e809a3c,"{""basis"":""x"",""d"":7,""p"":0.008,""rounds"":7}",
         1,         0,         0,   0.881,belief_find,d51b11287f46a3bcc136577b149fb14f59784df0ca4f66e423e8124e96cab3be,"{""basis"":""x"",""d"":7,""p"":0.002,""rounds"":7}",
         8,         1,         0,    9.33,bp_osd,d97d8aa4b13209c48fd683be924d1fef96197c53329a95d507618f0d6bc13ac4,"{""basis"":""x"",""d"":7,""p"":0.008,""rounds"":7}",
       432,        34,         0,    11.7,belief_find,40f5860e87a45541cb05e23ceb52e1b19e930512a110301face503b80f2db33c,"{""basis"":""x"",""d"":5,""p"":0.008,""rounds"":5}",
         4,         0,         0,    10.3,bp_osd,2d73ea91da0935aeafe2d7ca60ec6f0e9077dde8f43e8ace1585847c2d1cd948,"{""basis"":""x"",""d"":9,""p"":0.002,""rounds"":9}",
       640,        35,         0,    12.0,bp_osd,a3f8c1a66f853d45669f67c1ed6005ce4fe93728df249efd034154cf21479787,"{""basis"":""x"",""d"":5,""p"":0.008,""rounds"":5}",
         1,         0,         0,   0.871,belief_find,d51b11287f46a3bcc136577b149fb14f59784df0ca4f66e423e8124e96cab3be,"{""basis"":""x"",""d"":7,""p"":0.002,""rounds"":7}",
         3,         1,         0,    7.61,belief_find,929d2f23fbab2e31fea8f507eea8efc347f347671a02a93806f9e90581c1bc13,"{""basis"":""x"",""d"":9,""p"":0.006,""rounds"":9}",
         1,         0,         0,   0.965,belief_find,d51b11287f46a3bcc136577b149fb14f59784df0ca4f66e423e8124e96cab3be,"{""basis"":""x"",""d"":7,""p"":0.002,""rounds"":7}",
         4,         0,         0,    7.76,bp_osd,f61743ccff3d8a1cd76876798066ba1f0231db9250063f361c9f349986c7cfc1,"{""basis"":""x"",""d"":9,""p"":0.006,""rounds"":9}",
         2,         1,         0,    4.45,belief_find,dec05d9e8d0eed19645a4c343a38ffa4ad7e069f7c117399ba2c1dab59569267,"{""basis"":""x"",""d"":9,""p"":0.008,""rounds"":9}",
         1,         0,         0,   0.892,belief_find,d51b11287f46a3bcc136577b149fb14f59784df0ca4f66e423e8124e96cab3be,"{""basis"":""x"",""d"":7,""p"":0.002,""rounds"":7}",
         4,         0,         0,    3.15,bp_osd,0e39c1138d6c1114c36527bb081603ff7322700376901eea078c7a4c266aacb7,"{""basis"":""x"",""d"":7,""p"":0.002,""rounds"":7}",
         2,         0,         0,    4.31,bp_osd,7de2ce8f480ae8106b52da5287de3b5e3a63220e82625b29377c8675e7f17c4d,"{""basis"":""x"",""d"":9,""p"":0.008,""rounds"":9}",
         1,         0,         0,    2.87,bp_osd,2d73ea91da0935aeafe2d7ca60ec6f0e9077dde8f43e8ace1585847c2d1cd948,"{""basis"":""x"",""d"":9,""p"":0.002,""rounds"":9}",
         1,         0,         0,    2.02,belief_find,50286a7a2e3fbed7ea5bbc9c7df22764c3c206917c449a465f94fc1372fb5214,"{""basis"":""x"",""d"":9,""p"":0.002,""rounds"":9}",
         5,         0,         0,    9.63,bp_osd,b6dad9c90c8f2c730e10c773f02ee37f8b522e8eacb860a5f6088f55ef19c415,"{""basis"":""x"",""d"":9,""p"":0.004,""rounds"":9}",
         1,         0,         0,    1.12,belief_find,d51b11287f46a3bcc136577b149fb14f59784df0ca4f66e423e8124e96cab3be,"{""basis"":""x"",""d"":7,""p"":0.002,""rounds"":7}",
       672,         1,         0,    6.35,belief_find,fb346a467f737aabcb9aba63dd7faf2005530c4b22c77f1d00dacd3a7873437a,"{""basis"":""x"",""d"":5,""p"":0.002,""rounds"":5}",
        16,         0,         0,    16.8,bp_osd,0e39c1138d6c1114c36527bb081603ff7322700376901eea078c7a4c266aacb7,"{""basis"":""x"",""d"":7,""p"":0.002,""rounds"":7}",
         1,         0,         0,    1.12,belief_find,d51b11287f46a3bcc136577b149fb14f59784df0ca4f66e423e8124e96cab3be,"{""basis"":""x"",""d"":7,""p"":0.002,""rounds"":7}",
        17,         0,         0,    16.6,belief_find,d51b11287f46a3bcc136577b149fb14f59784df0ca4f66e423e8124e96cab3be,"{""basis"":""x"",""d"":7,""p"":0.002,""rounds"":7}",
        17,         0,         0,    16.9,bp_osd,bea659dce592d9e7dac18f52c515962b5cbd335311a89f928680c06a69db9fa0,"{""basis"":""x"",""d"":7,""p"":0.004,""rounds"":7}",
         1,         0,         0,    2.49,bp_osd,2d73ea91da0935aeafe2d7ca60ec6f0e9077dde8f43e8ace1585847c2d1cd948,"{""basis"":""x"",""d"":9,""p"":0.002,""rounds"":9}",
         1,         0,         0,    1.02,belief_find,d51b11287f46a3bcc136577b149fb14f59784df0ca4f66e423e8124e96cab3be,"{""basis"":""x"",""d"":7,""p"":0.002,""rounds"":7}",
         1,         0,         0,    2.79,belief_find,50286a7a2e3fbed7ea5bbc9c7df22764c3c206917c449a465f94fc1372fb5214,"{""basis"":""x"",""d"":9,""p"":0.002,""rounds"":9}",
      1344,         2,         0,    8.81,bp_osd,1da0e12676298acb068722f0806e2392354cf9f83bb925f4e526b6dbabd44b9f,"{""basis"":""x"",""d"":5,""p"":0.002,""rounds"":5}",
        18,         0,         0,    16.6,belief_find,08c351f14149e77f75508015fc09a988b4c3c6d7829ffc9c3b4f3f80f7e42ed9,"{""basis"":""x"",""d"":7,""p"":0.004,""rounds"":7}",
         1,         0,         0,    1.10,belief_find,d51b11287f46a3bcc136577b149fb14f59784df0ca4f66e423e8124e96cab3be,"{""basis"":""x"",""d"":7,""p"":0.002,""rounds"":7}",
         2,         0,         0,    4.78,belief_find,dec05d9e8d0eed19645a4c343a38ffa4ad7e069f7c117399ba2c1dab59569267,"{""basis"":""x"",""d"":9,""p"":0.008,""rounds"":9}",
         2,         0,         0,    4.42,bp_osd,7de2ce8f480ae8106b52da5287de3b5e3a63220e82625b29377c8675e7f17c4d,"{""basis"":""x"",""d"":9,""p"":0.008,""rounds"":9}",
         1,         0,         0,    1.75,bp_osd,2d73ea91da0935aeafe2d7ca60ec6f0e9077dde8f43e8ace1585847c2d1cd948,"{""basis"":""x"",""d"":9,""p"":0.002,""rounds"":9}",
         4,         0,         0,    4.81,bp_osd,0e39c1138d6c1114c36527bb081603ff7322700376901eea078c7a4c266aacb7,"{""basis"":""x"",""d"":7,""p"":0.002,""rounds"":7}",
         2,         0,         0,    1.04,belief_find,d51b11287f46a3bcc136577b149fb14f59784df0ca4f66e423e8124e96cab3be,"{""basis"":""x"",""d"":7,""p"":0.002,""rounds"":7}",
         1,         0,         0,    2.52,belief_find,50286a7a2e3fbed7ea5bbc9c7df22764c3c206917c449a465f94fc1372fb5214,"{""basis"":""x"",""d"":9,""p"":0.002,""rounds"":9}",
         7,         0,         0,    12.0,belief_find,61b66453647c0a31f60a3d02c40fbc31e29d23b7241dcb9c131c924dd2125464,"{""basis"":""x"",""d"":9,""p"":0.004,""rounds"":9}",
         2,         0,         0,    1.63,belief_find,d51b11287f46a3bcc136577b149fb14f59784df0ca4f66e423e8124e96cab3be,"{""basis"":""x"",""d"":7,""p"":0.002,""rounds"":7}",
         1,         0,         0,    2.23,bp_osd,2d73ea91da0935aeafe2d7ca60ec6f0e9077dde8f43e8ace1585847c2d1cd948,"{""basis"":""x"",""d"":9,""p"":0.002,""rounds"":9}",
         1,         0,         0,    1.33,belief_find,50286a7a2e3fbed7ea5bbc9c7df22764c3c206917c449a465f94fc1372fb5214,"{""basis"":""x"",""d"":9,""p"":0.002,""rounds"":9}",
         5,         0,         0,    9.17,belief_find,929d2f23fbab2e31fea8f507eea8efc347f347671a02a93806f9e90581c1bc13,"{""basis"":""x"",""d"":9,""p"":0.006,""rounds"":9}",
        18,         1,         0,    16.7,bp_osd,bde4c648d79cf1e3365396e7e32b8cc1e1780aa5479672ca740622ea9617b293,"{""basis"":""x"",""d"":7,""p"":0.006,""rounds"":7}",
         6,         0,         0,    12.1,belief_find,50286a7a2e3fbed7ea5bbc9c7df22764c3c206917c449a465f94fc1372fb5214,"{""basis"":""x"",""d"":9,""p"":0.002,""rounds"":9}",
         1,         0,         0,    1.56,bp_osd,2d73ea91da0935aeafe2d7ca60ec6f0e9077dde8f43e8ace1585847c2d1cd948,"{""basis"":""x"",""d"":9,""p"":0.002,""rounds"":9}",
         5,         0,         0,    9.54,bp_osd,f61743ccff3d8a1cd76876798066ba1f0231db9250063f361c9f349986c7cfc1,"{""basis"":""x"",""d"":9,""p"":0.006,""rounds"":9}",
        13,         1,         0,    11.7,belief_find,e2b4f4ac410d9363f40c0bd034f2631ce15a6962af45fd07ac9891d17e809a3c,"{""basis"":""x"",""d"":7,""p"":0.008,""rounds"":7}",
         2,         0,         0,    1.80,belief_find,d51b11287f46a3bcc136577b149fb14f59784df0ca4f66e423e8124e96cab3be,"{""basis"":""x"",""d"":7,""p"":0.002,""rounds"":7}",
         1,         0,         0,    1.57,belief_find,50286a7a2e3fbed7ea5bbc9c7df22764c3c206917c449a465f94fc1372fb5214,"{""basis"":""x"",""d"":9,""p"":0.002,""rounds"":9}",
        12,         1,         0,    11.8,bp_osd,d97d8aa4b13209c48fd683be924d1fef96197c53329a95d507618f0d6bc13ac4,"{""basis"":""x"",""d"":7,""p"":0.008,""rounds"":7}",
         1,         0,         0,   0.924,belief_find,50286a7a2e3fbed7ea5bbc9c7df22764c3c206917c449a465f94fc1372fb5214,"{""basis"":""x"",""d"":9,""p"":0.002,""rounds"":9}",
       896,         1,         0,    8.46,belief_find,fb346a467f737aabcb9aba63dd7faf2005530c4b22c77f1d00dacd3a7873437a,"{""basis"":""x"",""d"":5,""p"":0.002,""rounds"":5}",
         1,         0,         0,    1.52,bp_osd,2d73ea91da0935aeafe2d7ca60ec6f0e9077dde8f43e8ace1585847c2d1cd948,"{""basis"":""x"",""d"":9,""p"":0.002,""rounds"":9}",
         8,         0,         0,    12.6,bp_osd,2d73ea91da0935aeafe2d7ca60ec6f0e9077dde8f43e8ace1585847c2d1cd948,"{""basis"":""x"",""d"":9,""p"":0.002,""rounds"":9}",
         4,         1,         0,    6.37,belief_find,dec05d9e8d0eed19645a4c343a38ffa4ad7e069f7c117399ba2c1dab59569267,"{""basis"":""x"",""d"":9,""p"":0.008,""rounds"":9}",
         9,         0,         0,    6.21,bp_osd,0e39c1138d6c1114c36527bb081603ff7322700376901eea078c7a4c266aacb7,"{""basis"":""x"",""d"":7,""p"":0.002,""rounds"":7}",
        18,         0,         0,    17.1,belief_find,0d02f2c07f1d8ae6fff2baf3dc54b145177b3ae3671f2968798ca03aeb160059,"{""basis"":""x"",""d"":7,""p"":0.006,""rounds"":7}",
         5,         0,         0,    6.61,bp_osd,7de2ce8f480ae8106b52da5287de3b5e3a63220e82625b29377c8675e7f17c4d,"{""basis"":""x"",""d"":9,""p"":0.008,""rounds"":9}",
         1,         0,         0,    1.37,belief_find,50286a7a2e3fbed7ea5bbc9c7df22764c3c206917c449a465f94fc1372fb5214,"{""basis"":""x"",""d"":9,""p"":0.002,""rounds"":9}",
         3,         0,         0,    2.35,belief_find,d51b11287f46a3bcc136577b149fb14f59784df0ca4f66e423e8124e96cab3be,"{""basis"":""x"",""d"":7,""p"":0.002,""rounds"":7}",
         1,         0,         0,    1.49,bp_osd,2d73ea91da0935aeafe2d7ca60ec6f0e9077dde8f43e8ace1585847c2d1cd948,"{""basis"":""x"",""d"":9,""p"":0.002,""rounds"":9}",
         1,         0,         0,   0.991,bp_osd,2d73ea91da0935aeafe2d7ca60ec6f0e9077dde8f43e8ace1585847c2d1cd948,"{""basis"":""x"",""d"":9,""p"":0.002,""rounds"":9}",
         7,         0,         0,    11.7,bp_osd,b6dad9c90c8f2c730e10c773f02ee37f8b522e8eacb860a5f6088f55ef19c415,"{""basis"":""x"",""d"":9,""p"":0.004,""rounds"":9}",
         1,         0,         0,    1.90,belief_find,50286a7a2e3fbed7ea5bbc9c7df22764c3c206917c449a465f94fc1372fb5214,"{""basis"":""x"",""d"":9,""p"":0.002,""rounds"":9}",
         1,         0,         0,    1.25,bp_osd,2d73ea91da0935aeafe2d7ca60ec6f0e9077dde8f43e8ace1585847c2d1cd948,"{""basis"":""x"",""d"":9,""p"":0.002,""rounds"":9}",
    139264,       178,         0,    23.0,pymatching-correlated,bb744af68fda44142af07cbe5a2c9da6ee75743e8c1493b26d37336f89af963d,"{""basis"":""x"",""d"":9,""p"":0.004,""rounds"":9}",
       592,        42,         0,    16.3,belief_find,40f5860e87a45541cb05e23ceb52e1b19e930512a110301face503b80f2db33c,"{""basis"":""x"",""d"":5,""p"":0.008,""rounds"":5}",
         6,         0,         0,    3.18,belief_find,d51b11287f46a3bcc136577b149fb14f59784df0ca4f66e423e8124e96cab3be,"{""basis"":""x"",""d"":7,""p"":0.002,""rounds"":7}",
         1,         0,         0,    1.32,belief_find,50286a7a2e3fbed7ea5bbc9c7df22764c3c206917c449a465f94fc1372fb5214,"{""basis"":""x"",""d"":9,""p"":0.002,""rounds"":9}",
       992,        50,         0,    16.6,bp_osd,a3f8c1a66f853d45669f67c1ed6005ce4fe93728df249efd034154cf21479787,"{""basis"":""x"",""d"":5,""p"":0.008,""rounds"":5}",
         1,         0,         0,   0.857,bp_osd,2d73ea91da0935aeafe2d7ca60ec6f0e9077dde8f43e8ace1585847c2d1cd948,"{""basis"":""x"",""d"":9,""p"":0.002,""rounds"":9}",
         1,         0,         0,   0.839,belief_find,50286a7a2e3fbed7ea5bbc9c7df22764c3c206917c449a465f94fc1372fb5214,"{""basis"":""x"",""d"":9,""p"":0.002,""rounds"":9}",
      4480,        10,         0,    23.3,belief_find,fb346a467f737aabcb9aba63dd7faf2005530c4b22c77f1d00dacd3a7873437a,"{""basis"":""x"",""d"":5,""p"":0.002,""rounds"":5}",
      2432,         1,         0,    11.8,bp_osd,1da0e12676298acb068722f0806e2392354cf9f83bb925f4e526b6dbabd44b9f,"{""basis"":""x"",""d"":5,""p"":0.002,""rounds"":5}",
      2240,        27,         0,    23.2,belief_find,0fb7771dbd9887db4b6fc218263bbd2e3969225adaa47ea7567eb9e8ad439bb6,"{""basis"":""x"",""d"":5,""p"":0.004,""rounds"":5}",
      1376,        15,         0,    23.2,bp_osd,eadd520de7a8aab6cc9278546305b2159b96f6aa8193b0f38bcac88a86353a49,"{""basis"":""x"",""d"":5,""p"":0.004,""rounds"":5}",
         1,         0,         0,   0.788,bp_osd,2d73ea91da0935aeafe2d7ca60ec6f0e9077dde8f43e8ace1585847c2d1cd948,"{""basis"":""x"",""d"":9,""p"":0.002,""rounds"":9}",
      4480,         9,         0,    23.2,bp_osd,1da0e12676298acb068722f0806e2392354cf9f83bb925f4e526b6dbabd44b9f,"{""basis"":""x"",""d"":5,""p"":0.002,""rounds"":5}",
         1,         0,         0,    1.19,belief_find,50286a7a2e3fbed7ea5bbc9c7df22764c3c206917c449a465f94fc1372fb5214,"{""basis"":""x"",""d"":9,""p"":0.002,""rounds"":9}",
         1,         0,         0,    1.18,bp_osd,2d73ea91da0935aeafe2d7ca60ec6f0e9077dde8f43e8ace1585847c2d1cd948,"{""basis"":""x"",""d"":9,""p"":0.002,""rounds"":9}",
         5,         2,         0,    6.24,belief_find,dec05d9e8d0eed19645a4c343a38ffa4ad7e069f7c117399ba2c1dab59569267,"{""basis"":""x"",""d"":9,""p"":0.008,""rounds"":9}",
      2240,        75,         0,    23.2,bp_osd,0f5fedb62b0fbb8bb5c9aa8da74b33824185b181e70d16c2f975dbf66876e279,"{""basis"":""x"",""d"":5,""p"":0.006,""rounds"":5}",
         1,         0,         0,    1.02,bp_osd,2d73ea91da0935aeafe2d7ca60ec6f0e9077dde8f43e8ace1585847c2d1cd948,"{""basis"":""x"",""d"":9,""p"":0.002,""rounds"":9}",
         1,         0,         0,    1.44,belief_find,50286a7a2e3fbed7ea5bbc9c7df22764c3c206917c449a465f94fc1372fb5214,"{""basis"":""x"",""d"":9,""p"":0.002,""rounds"":9}",
         9,         0,         0,    4.86,belief_find,d51b11287f46a3bcc136577b149fb14f59784df0ca4f66e423e8124e96cab3be,"{""basis"":""x"",""d"":7,""p"":0.002,""rounds"":7}",
         1,         0,         0,    1.11,belief_find,50286a7a2e3fbed7ea5bbc9c7df22764c3c206917c449a465f94fc1372fb5214,"{""basis"":""x"",""d"":9,""p"":0.002,""rounds"":9}",
         1,         0,         0,    1.40,bp_osd,2d73ea91da0935aeafe2d7ca60ec6f0e9077dde8f43e8ace1585847c2d1cd948,"{""basis"":""x"",""d"":9,""p"":0.002,""rounds"":9}",
      2240,        93,         0,    23.2,belief_find,432e4d770c6e9af5107117e1ccb8684ea1a2983791287285e3b636426f1207bb,"{""basis"":""x"",""d"":5,""p"":0.006,""rounds"":5}",
         8,         1,         0,    9.32,bp_osd,7de2ce8f480ae8106b52da5287de3b5e3a63220e82625b29377c8675e7f17c4d,"{""basis"":""x"",""d"":9,""p"":0.008,""rounds"":9}",
        11,         0,         0,    12.3,belief_find,929d2f23fbab2e31fea8f507eea8efc347f347671a02a93806f9e90581c1bc13,"{""basis"":""x"",""d"":9,""p"":0.006,""rounds"":9}",
        10,         0,         0,    11.9,bp_osd,f61743ccff3d8a1cd76876798066ba1f0231db9250063f361c9f349986c7cfc1,"{""basis"":""x"",""d"":9,""p"":0.006,""rounds"":9}",
        13,         0,         0,    9.59,bp_osd,0e39c1138d6c1114c36527bb081603ff7322700376901eea078c7a4c266aacb7,"{""basis"":""x"",""d"":7,""p"":0.002,""rounds"":7}",
         1,         0,         0,    1.11,bp_osd,2d73ea91da0935aeafe2d7ca60ec6f0e9077dde8f43e8ace1585847c2d1cd948,"{""basis"":""x"",""d"":9,""p"":0.002,""rounds"":9}",
         1,         0,         0,    1.64,belief_find,50286a7a2e3fbed7ea5bbc9c7df22764c3c206917c449a465f94fc1372fb5214,"{""basis"":""x"",""d"":9,""p"":0.002,""rounds"":9}",
      1024,         2,         0,    11.9,belief_find,fb346a467f737aabcb9aba63dd7faf2005530c4b22c77f1d00dacd3a7873437a,"{""basis"":""x"",""d"":5,""p"":0.002,""rounds"":5}",
         2,         0,         0,    1.62,bp_osd,2d73ea91da0935aeafe2d7ca60ec6f0e9077dde8f43e8ace1585847c2d1cd948,"{""basis"":""x"",""d"":9,""p"":0.002,""rounds"":9}",
     88064,        99,         0,    9.15,pymatching-correlated,bb744af68fda44142af07cbe5a2c9da6ee75743e8c1493b26d37336f89af963d,"{""basis"":""x"",""d"":9,""p"":0.004,""rounds"":9}",
         2,         0,         0,    2.02,belief_find,50286a7a2e3fbed7ea5bbc9c7df22764c3c206917c449a465f94fc1372fb5214,"{""basis"":""x"",""d"":9,""p"":0.002,""rounds"":9}",
        16,         0,         0,    16.8,belief_find,61b66453647c0a31f60a3d02c40fbc31e29d23b7241dcb9c131c924dd2125464,"{""basis"":""x"",""d"":9,""p"":0.004,""rounds"":9}",
         1,         0,         0,   0.261,bp_osd,eadd520de7a8aab6cc9278546305b2159b96f6aa8193b0f38bcac88a86353a49,"{""basis"":""x"",""d"":5,""p"":0.004,""rounds"":5}",
         2,         0,         0,   0.347,bp_osd,eadd520de7a8aab6cc9278546305b2159b96f6aa8193b0f38bcac88a86353a49,"{""basis"":""x"",""d"":5,""p"":0.004,""rounds"":5}",
         2,         0,         0,   0.459,bp_osd,eadd520de7a8aab6cc9278546305b2159b96f6aa8193b0f38bcac88a86353a49,"{""basis"":""x"",""d"":5,""p"":0.004,""rounds"":5}",
        12,         0,         0,    16.5,belief_find,50286a7a2e3fbed7ea5bbc9c7df22764c3c206917c449a465f94fc1372fb5214,"{""basis"":""x"",""d"":9,""p"":0.002,""rounds"":9}",
         2,         0,         0,   0.402,bp_osd,eadd520de7a8aab6cc9278546305b2159b96f6aa8193b0f38bcac88a86353a49,"{""basis"":""x"",""d"":5,""p"":0.004,""rounds"":5}",
         2,         0,         0,   0.206,bp_osd,eadd520de7a8aab6cc9278546305b2159b96f6aa8193b0f38bcac88a86353a49,"{""basis"":""x"",""d"":5,""p"":0.004,""rounds"":5}",
        31,         0,         0,    23.5,bp_osd,0e39c1138d6c1114c36527bb081603ff7322700376901eea078c7a4c266aacb7,"{""basis"":""x"",""d"":7,""p"":0.002,""rounds"":7}",
         1,         0,         0,    2.40,belief_find,50286a7a2e3fbed7ea5bbc9c7df22764c3c206917c449a465f94fc1372fb5214,"{""basis"":""x"",""d"":9,""p"":0.002,""rounds"":9}",
         4,         0,         0,   0.422,bp_osd,eadd520de7a8aab6cc9278546305b2159b96f6aa8193b0f38bcac88a86353a49,"{""basis"":""x"",""d"":5,""p"":0.004,""rounds"":5}",
         8,         0,         0,    6.77,belief_find,d51b11287f46a3bcc136577b149fb14f59784df0ca4f66e423e8124e96cab3be,"{""basis"":""x"",""d"":7,""p"":0.002,""rounds"":7}",
         4,         1,         0,   0.198,bp_osd,eadd520de7a8aab6cc9278546305b2159b96f6aa8193b0f38bcac88a86353a49,"{""basis"":""x"",""d"":5,""p"":0.004,""rounds"":5}",
         7,         1,         0,    9.08,belief_find,dec05d9e8d0eed19645a4c343a38ffa4ad7e069f7c117399ba2c1dab59569267,"{""basis"":""x"",""d"":9,""p"":0.008,""rounds"":9}",
        25,         2,         0,    17.3,belief_find,e2b4f4ac410d9363f40c0bd034f2631ce15a6962af45fd07ac9891d17e809a3c,"{""basis"":""x"",""d"":7,""p"":0.008,""rounds"":7}",
        30,         0,         0,    23.3,bp_osd,bea659dce592d9e7dac18f52c515962b5cbd335311a89f928680c06a69db9fa0,"{""basis"":""x"",""d"":7,""p"":0.004,""rounds"":7}",
         8,         0,         0,   0.340,bp_osd,eadd520de7a8aab6cc9278546305b2159b96f6aa8193b0f38bcac88a86353a49,"{""basis"":""x"",""d"":5,""p"":0.004,""rounds"":5}",
        23,         2,         0,    17.0,bp_osd,d97d8aa4b13209c48fd683be924d1fef96197c53329a95d507618f0d6bc13ac4,"{""basis"":""x"",""d"":7,""p"":0.008,""rounds"":7}",
        37,         0,         0,    23.6,belief_find,d51b11287f46a3bcc136577b149fb14f59784df0ca4f66e423e8124e96cab3be,"{""basis"":""x"",""d"":7,""p"":0.002,""rounds"":7}",
         8,         0,         0,   0.319,bp_osd,eadd520de7a8aab6cc9278546305b2159b96f6aa8193b0f38bcac88a86353a49,"{""basis"":""x"",""d"":5,""p"":0.004,""rounds"":5}",
         8,         0,         0,   0.334,bp_osd,eadd520de7a8aab6cc9278546305b2159b96f6aa8193b0f38bcac88a86353a49,"{""basis"":""x"",""d"":5,""p"":0.004,""rounds"":5}",
         8,         0,         0,   0.363,bp_osd,eadd520de7a8aab6cc9278546305b2159b96f6aa8193b0f38bcac88a86353a49,"{""basis"":""x"",""d"":5,""p"":0.004,""rounds"":5}",
         2,         0,         0,    4.75,bp_osd,2d73ea91da0935aeafe2d7ca60ec6f0e9077dde8f43e8ace1585847c2d1cd948,"{""basis"":""x"",""d"":9,""p"":0.002,""rounds"":9}",
        28,         0,         0,    23.5,belief_find,08c351f14149e77f75508015fc09a988b4c3c6d7829ffc9c3b4f3f80f7e42ed9,"{""basis"":""x"",""d"":7,""p"":0.004,""rounds"":7}",
         8,         0,         0,   0.614,bp_osd,eadd520de7a8aab6cc9278546305b2159b96f6aa8193b0f38bcac88a86353a49,"{""basis"":""x"",""d"":5,""p"":0.004,""rounds"":5}",
        12,         0,         0,    18.0,bp_osd,2d73ea91da0935aeafe2d7ca60ec6f0e9077dde8f43e8ace1585847c2d1cd948,"{""basis"":""x"",""d"":9,""p"":0.002,""rounds"":9}",
         1,         0,         0,    2.76,belief_find,50286a7a2e3fbed7ea5bbc9c7df22764c3c206917c449a465f94fc1372fb5214,"{""basis"":""x"",""d"":9,""p"":0.002,""rounds"":9}",
        16,         1,         0,   0.973,bp_osd,eadd520de7a8aab6cc9278546305b2159b96f6aa8193b0f38bcac88a86353a49,"{""basis"":""x"",""d"":5,""p"":0.004,""rounds"":5}",
        16,         0,         0,   0.803,bp_osd,eadd520de7a8aab6cc9278546305b2159b96f6aa8193b0f38bcac88a86353a49,"{""basis"":""x"",""d"":5,""p"":0.004,""rounds"":5}",
         1,         0,         0,    3.07,bp_osd,2d73ea91da0935aeafe2d7ca60ec6f0e9077dde8f43e8ace1585847c2d1cd948,"{""basis"":""x"",""d"":9,""p"":0.002,""rounds"":9}",
        16,         0,         0,    1.18,bp_osd,eadd520de7a8aab6cc9278546305b2159b96f6aa8193b0f38bcac88a86353a49,"{""basis"":""x"",""d"":5,""p"":0.004,""rounds"":5}",
        12,         0,         0,    18.5,bp_osd,b6dad9c90c8f2c730e10c773f02ee37f8b522e8eacb860a5f6088f55ef19c415,"{""basis"":""x"",""d"":9,""p"":0.004,""rounds"":9}",
        30,         0,         0,    23.5,bp_osd,bde4c648d79cf1e3365396e7e32b8cc1e1780aa5479672ca740622ea9617b293,"{""basis"":""x"",""d"":7,""p"":0.006,""rounds"":7}",
      3584,         7,         0,    16.5,bp_osd,1da0e12676298acb068722f0806e2392354cf9f83bb925f4e526b6dbabd44b9f,"{""basis"":""x"",""d"":5,""p"":0.002,""rounds"":5}",
         2,         0,         0,    3.52,belief_find,50286a7a2e3fbed7ea5bbc9c7df22764c3c206917c449a465f94fc1372fb5214,"{""basis"":""x"",""d"":9,""p"":0.002,""rounds"":9}",
        24,         0,         0,    1.61,bp_osd,eadd520de7a8aab6cc9278546305b2159b96f6aa8193b0f38bcac88a86353a49,"{""basis"":""x"",""d"":5,""p"":0.004,""rounds"":5}",
        12,         0,         0,    12.0,bp_osd,0e39c1138d6c1114c36527bb081603ff7322700376901eea078c7a4c266aacb7,"{""basis"":""x"",""d"":7,""p"":0.002,""rounds"":7}",
         7,         0,         0,    13.1,bp_osd,7de2ce8f480ae8106b52da5287de3b5e3a63220e82625b29377c8675e7f17c4d,"{""basis"":""x"",""d"":9,""p"":0.008,""rounds"":9}",
        27,         0,         0,    23.1,belief_find,0d02f2c07f1d8ae6fff2baf3dc54b145177b3ae3671f2968798ca03aeb160059,"{""basis"":""x"",""d"":7,""p"":0.006,""rounds"":7}",
         7,         0,         0,    8.62,belief_find,d51b11287f46a3bcc136577b149fb14f59784df0ca4f66e423e8124e96cab3be,"{""basis"":""x"",""d"":7,""p"":0.002,""rounds"":7}",
         2,         0,         0,    4.44,bp_osd,2d73ea91da0935aeafe2d7ca60ec6f0e9077dde8f43e8ace1585847c2d1cd948,"{""basis"":""x"",""d"":9,""p"":0.002,""rounds"":9}",
        40,         0,         0,    2.58,bp_osd,eadd520de7a8aab6cc9278546305b2159b96f6aa8193b0f38bcac88a86353a49,"{""basis"":""x"",""d"":5,""p"":0.004,""rounds"":5}",
         7,         0,         0,    16.6,belief_find,929d2f23fbab2e31fea8f507eea8efc347f347671a02a93806f9e90581c1bc13,"{""basis"":""x"",""d"":9,""p"":0.006,""rounds"":9}",
         7,         0,         0,    16.6,bp_osd,f61743ccff3d8a1cd76876798066ba1f0231db9250063f361c9f349986c7cfc1,"{""basis"":""x"",""d"":9,""p"":0.006,""rounds"":9}",
         2,         0,         0,    5.33,belief_find,50286a7a2e3fbed7ea5bbc9c7df22764c3c206917c449a465f94fc1372fb5214,"{""basis"":""x"",""d"":9,""p"":0.002,""rounds"":9}",
       752,        59,         0,    23.5,belief_find,40f5860e87a45541cb05e23ceb52e1b19e930512a110301face503b80f2db33c,"{""basis"":""x"",""d"":5,""p"":0.008,""rounds"":5}",
      1632,       105,         0,    23.2,bp_osd,a3f8c1a66f853d45669f67c1ed6005ce4fe93728df249efd034154cf21479787,"{""basis"":""x"",""d"":5,""p"":0.008,""rounds"":5}",
        48,         1,         0,    3.25,bp_osd,eadd520de7a8aab6cc9278546305b2159b96f6aa8193b0f38bcac88a86353a49,"{""basis"":""x"",""d"":5,""p"":0.004,""rounds"":5}",
         5,         1,         0,    12.3,belief_find,dec05d9e8d0eed19645a4c343a38ffa4ad7e069f7c117399ba2c1dab59569267,"{""basis"":""x"",""d"":9,""p"":0.008,""rounds"":9}",
      1504,         2,         0,    16.7,belief_find,fb346a467f737aabcb9aba63dd7faf2005530c4b22c77f1d00dacd3a7873437a,"{""basis"":""x"",""d"":5,""p"":0.002,""rounds"":5}",
         3,         0,         0,    6.85,bp_osd,2d73ea91da0935aeafe2d7ca60ec6f0e9077dde8f43e8ace1585847c2d1cd948,"{""basis"":""x"",""d"":9,""p"":0.002,""rounds"":9}",
        80,         1,         0,    4.64,bp_osd,eadd520de7a8aab6cc9278546305b2159b96f6aa8193b0f38bcac88a86353a49,"{""basis"":""x"",""d"":5,""p"":0.004,""rounds"":5}",
         3,         0,         0,    7.61,belief_find,50286a7a2e3fbed7ea5bbc9c7df22764c3c206917c449a465f94fc1372fb5214,"{""basis"":""x"",""d"":9,""p"":0.002,""rounds"":9}",
        11,         0,         0,    12.2,belief_find,d51b11287f46a3bcc136577b149fb14f59784df0ca4f66e423e8124e96cab3be,"{""basis"":""x"",""d"":7,""p"":0.002,""rounds"":7}",
         9,         0,         0,    24.3,belief_find,61b66453647c0a31f60a3d02c40fbc31e29d23b7241dcb9c131c924dd2125464,"{""basis"":""x"",""d"":9,""p"":0.004,""rounds"":9}",
      5888,        17,         0,    32.7,belief_find,fb346a467f737aabcb9aba63dd7faf2005530c4b22c77f1d00dacd3a7873437a,"{""basis"":""x"",""d"":5,""p"":0.002,""rounds"":5}",
      3136,        55,         0,    32.4,belief_find,0fb7771dbd9887db4b6fc218263bbd2e3969225adaa47ea7567eb9e8ad439bb6,"{""basis"":""x"",""d"":5,""p"":0.004,""rounds"":5}",
      1760,        21,         0,    32.4,bp_osd,eadd520de7a8aab6cc9278546305b2159b96f6aa8193b0f38bcac88a86353a49,"{""basis"":""x"",""d"":5,""p"":0.004,""rounds"":5}",
      5376,         7,         0,    32.4,bp_osd,1da0e12676298acb068722f0806e2392354cf9f83bb925f4e526b6dbabd44b9f,"{""basis"":""x"",""d"":5,""p"":0.002,""rounds"":5}",
        10,         0,         0,    23.7,belief_find,50286a7a2e3fbed7ea5bbc9c7df22764c3c206917c449a465f94fc1372fb5214,"{""basis"":""x"",""d"":9,""p"":0.002,""rounds"":9}",
       120,         1,         0,    5.98,bp_osd,eadd520de7a8aab6cc9278546305b2159b96f6aa8193b0f38bcac88a86353a49,"{""basis"":""x"",""d"":5,""p"":0.004,""rounds"":5}",
        21,         1,         0,    23.3,belief_find,e2b4f4ac410d9363f40c0bd034f2631ce15a6962af45fd07ac9891d17e809a3c,"{""basis"":""x"",""d"":7,""p"":0.008,""rounds"":7}",
        15,         0,         0,    16.8,bp_osd,0e39c1138d6c1114c36527bb081603ff7322700376901eea078c7a4c266aacb7,"{""basis"":""x"",""d"":7,""p"":0.002,""rounds"":7}",
      2752,        79,         0,    31.3,bp_osd,0f5fedb62b0fbb8bb5c9aa8da74b33824185b181e70d16c2f975dbf66876e279,"{""basis"":""x"",""d"":5,""p"":0.006,""rounds"":5}",
        21,         1,         0,    23.4,bp_osd,d97d8aa4b13209c48fd683be924d1fef96197c53329a95d507618f0d6bc13ac4,"{""basis"":""x"",""d"":7,""p"":0.008,""rounds"":7}",
         7,         0,         0,    17.0,bp_osd,7de2ce8f480ae8106b52da5287de3b5e3a63220e82625b29377c8675e7f17c4d,"{""basis"":""x"",""d"":9,""p"":0.008,""rounds"":9}",
         4,         0,         0,    9.54,bp_osd,2d73ea91da0935aeafe2d7ca60ec6f0e9077dde8f43e8ace1585847c2d1cd948,"{""basis"":""x"",""d"":9,""p"":0.002,""rounds"":9}",
      1760,        58,         0,    32.3,belief_find,432e4d770c6e9af5107117e1ccb8684ea1a2983791287285e3b636426f1207bb,"{""basis"":""x"",""d"":5,""p"":0.006,""rounds"":5}",
         9,         0,         0,    24.6,bp_osd,2d73ea91da0935aeafe2d7ca60ec6f0e9077dde8f43e8ace1585847c2d1cd948,"{""basis"":""x"",""d"":9,""p"":0.002,""rounds"":9}",
         4,         0,         0,    9.27,belief_find,50286a7a2e3fbed7ea5bbc9c7df22764c3c206917c449a465f94fc1372fb5214,"{""basis"":""x"",""d"":9,""p"":0.002,""rounds"":9}",
      3840,         5,         0,    23.0,bp_osd,1da0e12676298acb068722f0806e2392354cf9f83bb925f4e526b6dbabd44b9f,"{""basis"":""x"",""d"":5,""p"":0.002,""rounds"":5}",
        10,         0,         0,    24.5,bp_osd,b6dad9c90c8f2c730e10c773f02ee37f8b522e8eacb860a5f6088f55ef19c415,"{""basis"":""x"",""d"":9,""p"":0.004,""rounds"":9}",
         6,         0,         0,    17.4,belief_find,dec05d9e8d0eed19645a4c343a38ffa4ad7e069f7c117399ba2c1dab59569267,"{""basis"":""x"",""d"":9,""p"":0.008,""rounds"":9}",
       304,         2,         0,    8.70,bp_osd,eadd520de7a8aab6cc9278546305b2159b96f6aa8193b0f38bcac88a86353a49,"{""basis"":""x"",""d"":5,""p"":0.004,""rounds"":5}",
        31,         0,         0,    32.5,bp_osd,0e39c1138d6c1114c36527bb081603ff7322700376901eea078c7a4c266aacb7,"{""basis"":""x"",""d"":7,""p"":0.002,""rounds"":7}",
        28,         0,         0,    32.2,belief_find,d51b11287f46a3bcc136577b149fb14f59784df0ca4f66e423e8124e96cab3be,"{""basis"":""x"",""d"":7,""p"":0.002,""rounds"":7}",
        31,         0,         0,    32.7,bp_osd,bea659dce592d9e7dac18f52c515962b5cbd335311a89f928680c06a69db9fa0,"{""basis"":""x"",""d"":7,""p"":0.004,""rounds"":7}",
        28,         0,         0,    32.5,belief_find,08c351f14149e77f75508015fc09a988b4c3c6d7829ffc9c3b4f3f80f7e42ed9,"{""basis"":""x"",""d"":7,""p"":0.004,""rounds"":7}",
        10,         0,         0,    23.6,bp_osd,f61743ccff3d8a1cd76876798066ba1f0231db9250063f361c9f349986c7cfc1,"{""basis"":""x"",""d"":9,""p"":0.006,""rounds"":9}",
      2368,         5,         0,    23.3,belief_find,fb346a467f737aabcb9aba63dd7faf2005530c4b22c77f1d00dacd3a7873437a,"{""basis"":""x"",""d"":5,""p"":0.002,""rounds"":5}",
        10,         0,         0,    25.2,belief_find,929d2f23fbab2e31fea8f507eea8efc347f347671a02a93806f9e90581c1bc13,"{""basis"":""x"",""d"":9,""p"":0.006,""rounds"":9}",
        16,         0,         0,    16.4,belief_find,d51b11287f46a3bcc136577b149fb14f59784df0ca4f66e423e8124e96cab3be,"{""basis"":""x"",""d"":7,""p"":0.002,""rounds"":7}",
        30,         0,         0,    32.5,bp_osd,bde4c648d79cf1e3365396e7e32b8cc1e1780aa5479672ca740622ea9617b293,"{""basis"":""x"",""d"":7,""p"":0.006,""rounds"":7}",
         6,         0,         0,    13.3,bp_osd,2d73ea91da0935aeafe2d7ca60ec6f0e9077dde8f43e8ace1585847c2d1cd948,"{""basis"":""x"",""d"":9,""p"":0.002,""rounds"":9}",
        30,         4,         0,    32.3,belief_find,0d02f2c07f1d8ae6fff2baf3dc54b145177b3ae3671f2968798ca03aeb160059,"{""basis"":""x"",""d"":7,""p"":0.006,""rounds"":7}",
         6,         0,         0,    13.5,belief_find,50286a7a2e3fbed7ea5bbc9c7df22764c3c206917c449a465f94fc1372fb5214,"{""basis"":""x"",""d"":9,""p"":0.002,""rounds"":9}",
       912,        75,         0,    32.1,belief_find,40f5860e87a45541cb05e23ceb52e1b19e930512a110301face503b80f2db33c,"{""basis"":""x"",""d"":5,""p"":0.008,""rounds"":5}",
       592,         9,         0,    12.1,bp_osd,eadd520de7a8aab6cc9278546305b2159b96f6aa8193b0f38bcac88a86353a49,"{""basis"":""x"",""d"":5,""p"":0.004,""rounds"":5}",
      1984,       113,         0,    32.8,bp_osd,a3f8c1a66f853d45669f67c1ed6005ce4fe93728df249efd034154cf21479787,"{""basis"":""x"",""d"":5,""p"":0.008,""rounds"":5}",
        22,         0,         0,    23.4,bp_osd,0e39c1138d6c1114c36527bb081603ff7322700376901eea078c7a4c266aacb7,"{""basis"":""x"",""d"":7,""p"":0.002,""rounds"":7}",
        10,         0,         0,    23.3,bp_osd,7de2ce8f480ae8106b52da5287de3b5e3a63220e82625b29377c8675e7f17c4d,"{""basis"":""x"",""d"":9,""p"":0.008,""rounds"":9}",
         9,         2,         0,    24.5,belief_find,dec05d9e8d0eed19645a4c343a38ffa4ad7e069f7c117399ba2c1dab59569267,"{""basis"":""x"",""d"":9,""p"":0.008,""rounds"":9}",
        14,         0,         0,    33.6,belief_find,61b66453647c0a31f60a3d02c40fbc31e29d23b7241dcb9c131c924dd2125464,"{""basis"":""x"",""d"":9,""p"":0.004,""rounds"":9}",
        15,         0,         0,    33.4,belief_find,50286a7a2e3fbed7ea5bbc9c7df22764c3c206917c449a465f94fc1372fb5214,"{""basis"":""x"",""d"":9,""p"":0.002,""rounds"":9}",
        29,         2,         0,    32.4,bp_osd,d97d8aa4b13209c48fd683be924d1fef96197c53329a95d507618f0d6bc13ac4,"{""basis"":""x"",""d"":7,""p"":0.008,""rounds"":7}",
        30,         4,         0,    33.2,belief_find,e2b4f4ac410d9363f40c0bd034f2631ce15a6962af45fd07ac9891d17e809a3c,"{""basis"":""x"",""d"":7,""p"":0.008,""rounds"":7}",
         7,         0,         0,    18.9,bp_osd,2d73ea91da0935aeafe2d7ca60ec6f0e9077dde8f43e8ace1585847c2d1cd948,"{""basis"":""x"",""d"":9,""p"":0.002,""rounds"":9}",
         7,         0,         0,    16.8,belief_find,50286a7a2e3fbed7ea5bbc9c7df22764c3c206917c449a465f94fc1372fb5214,"{""basis"":""x"",""d"":9,""p"":0.002,""rounds"":9}",
        13,         0,         0,    32.3,bp_osd,2d73ea91da0935aeafe2d7ca60ec6f0e9077dde8f43e8ace1585847c2d1cd948,"{""basis"":""x"",""d"":9,""p"":0.002,""rounds"":9}",
      1952,        20,         0,    16.9,bp_osd,eadd520de7a8aab6cc9278546305b2159b96f6aa8193b0f38bcac88a86353a49,"{""basis"":""x"",""d"":5,""p"":0.004,""rounds"":5}",
        22,         0,         0,    23.8,belief_find,d51b11287f46a3bcc136577b149fb14f59784df0ca4f66e423e8124e96cab3be,"{""basis"":""x"",""d"":7,""p"":0.002,""rounds"":7}",
      5760,        11,         0,    32.2,bp_osd,1da0e12676298acb068722f0806e2392354cf9f83bb925f4e526b6dbabd44b9f,"{""basis"":""x"",""d"":5,""p"":0.002,""rounds"":5}",
        14,         0,         0,    33.7,bp_osd,b6dad9c90c8f2c730e10c773f02ee37f8b522e8eacb860a5f6088f55ef19c415,"{""basis"":""x"",""d"":9,""p"":0.004,""rounds"":9}",
      2496,        18,         0,    45.1,bp_osd,eadd520de7a8aab6cc9278546305b2159b96f6aa8193b0f38bcac88a86353a49,"{""basis"":""x"",""d"":5,""p"":0.004,""rounds"":5}",
      1856,       119,         0,    22.5,bp_osd,a3f8c1a66f853d45669f67c1ed6005ce4fe93728df249efd034154cf21479787,"{""basis"":""x"",""d"":5,""p"":0.008,""rounds"":5}",
      7936,         8,         0,    45.3,belief_find,fb346a467f737aabcb9aba63dd7faf2005530c4b22c77f1d00dacd3a7873437a,"{""basis"":""x"",""d"":5,""p"":0.002,""rounds"":5}",
      4416,        34,         0,    45.5,belief_find,0fb7771dbd9887db4b6fc218263bbd2e3969225adaa47ea7567eb9e8ad439bb6,"{""basis"":""x"",""d"":5,""p"":0.004,""rounds"":5}",
      7552,         6,         0,    45.1,bp_osd,1da0e12676298acb068722f0806e2392354cf9f83bb925f4e526b6dbabd44b9f,"{""basis"":""x"",""d"":5,""p"":0.002,""rounds"":5}",
         1,         0,         0,   0.420,belief_find,0fb7771dbd9887db4b6fc218263bbd2e3969225adaa47ea7567eb9e8ad439bb6,"{""basis"":""x"",""d"":5,""p"":0.004,""rounds"":5}",
      3328,         8,         0,    32.3,belief_find,fb346a467f737aabcb9aba63dd7faf2005530c4b22c77f1d00dacd3a7873437a,"{""basis"":""x"",""d"":5,""p"":0.002,""rounds"":5}",
         1,         0,         0,   0.484,belief_find,0fb7771dbd9887db4b6fc218263bbd2e3969225adaa47ea7567eb9e8ad439bb6,"{""basis"":""x"",""d"":5,""p"":0.004,""rounds"":5}",
      4096,       122,         0,    45.0,bp_osd,0f5fedb62b0fbb8bb5c9aa8da74b33824185b181e70d16c2f975dbf66876e279,"{""basis"":""x"",""d"":5,""p"":0.006,""rounds"":5}",
        14,         2,         0,    34.1,bp_osd,f61743ccff3d8a1cd76876798066ba1f0231db9250063f361c9f349986c7cfc1,"{""basis"":""x"",""d"":9,""p"":0.006,""rounds"":9}",
         1,         0,         0,   0.558,belief_find,0fb7771dbd9887db4b6fc218263bbd2e3969225adaa47ea7567eb9e8ad439bb6,"{""basis"":""x"",""d"":5,""p"":0.004,""rounds"":5}",
         1,         0,         0,   0.484,belief_find,0fb7771dbd9887db4b6fc218263bbd2e3969225adaa47ea7567eb9e8ad439bb6,"{""basis"":""x"",""d"":5,""p"":0.004,""rounds"":5}",
         1,         0,         0,   0.344,belief_find,0fb7771dbd9887db4b6fc218263bbd2e3969225adaa47ea7567eb9e8ad439bb6,"{""basis"":""x"",""d"":5,""p"":0.004,""rounds"":5}",
        15,         2,         0,    33.6,belief_find,929d2f23fbab2e31fea8f507eea8efc347f347671a02a93806f9e90581c1bc13,"{""basis"":""x"",""d"":9,""p"":0.006,""rounds"":9}",
         1,         0,         0,   0.345,belief_find,0fb7771dbd9887db4b6fc218263bbd2e3969225adaa47ea7567eb9e8ad439bb6,"{""basis"":""x"",""d"":5,""p"":0.004,""rounds"":5}",
         1,         0,         0,   0.539,belief_find,0fb7771dbd9887db4b6fc218263bbd2e3969225adaa47ea7567eb9e8ad439bb6,"{""basis"":""x"",""d"":5,""p"":0.004,""rounds"":5}",
         1,         0,         0,   0.499,belief_find,0fb7771dbd9887db4b6fc218263bbd2e3969225adaa47ea7567eb9e8ad439bb6,"{""basis"":""x"",""d"":5,""p"":0.004,""rounds"":5}",
         1,         0,         0,   0.477,belief_find,0fb7771dbd9887db4b6fc218263bbd2e3969225adaa47ea7567eb9e8ad439bb6,"{""basis"":""x"",""d"":5,""p"":0.004,""rounds"":5}",
      2336,        81,         0,    45.3,belief_find,432e4d770c6e9af5107117e1ccb8684ea1a2983791287285e3b636426f1207bb,"{""basis"":""x"",""d"":5,""p"":0.006,""rounds"":5}",
         1,         0,         0,   0.549,belief_find,0fb7771dbd9887db4b6fc218263bbd2e3969225adaa47ea7567eb9e8ad439bb6,"{""basis"":""x"",""d"":5,""p"":0.004,""rounds"":5}",
         1,         0,         0,   0.379,belief_find,0fb7771dbd9887db4b6fc218263bbd2e3969225adaa47ea7567eb9e8ad439bb6,"{""basis"":""x"",""d"":5,""p"":0.004,""rounds"":5}",
         1,         0,         0,   0.560,belief_find,0fb7771dbd9887db4b6fc218263bbd2e3969225adaa47ea7567eb9e8ad439bb6,"{""basis"":""x"",""d"":5,""p"":0.004,""rounds"":5}",
         3,         0,         0,   0.718,belief_find,0fb7771dbd9887db4b6fc218263bbd2e3969225adaa47ea7567eb9e8ad439bb6,"{""basis"":""x"",""d"":5,""p"":0.004,""rounds"":5}",
         8,         0,         0,    1.21,belief_find,0fb7771dbd9887db4b6fc218263bbd2e3969225adaa47ea7567eb9e8ad439bb6,"{""basis"":""x"",""d"":5,""p"":0.004,""rounds"":5}",
        12,         1,         0,    1.31,belief_find,0fb7771dbd9887db4b6fc218263bbd2e3969225adaa47ea7567eb9e8ad439bb6,"{""basis"":""x"",""d"":5,""p"":0.004,""rounds"":5}",
        43,         0,         0,    45.4,bp_osd,0e39c1138d6c1114c36527bb081603ff7322700376901eea078c7a4c266aacb7,"{""basis"":""x"",""d"":7,""p"":0.002,""rounds"":7}",
        16,         0,         0,    1.57,belief_find,0fb7771dbd9887db4b6fc218263bbd2e3969225adaa47ea7567eb9e8ad439bb6,"{""basis"":""x"",""d"":5,""p"":0.004,""rounds"":5}",
        45,         0,         0,    45.5,belief_find,d51b11287f46a3bcc136577b149fb14f59784df0ca4f66e423e8124e96cab3be,"{""basis"":""x"",""d"":7,""p"":0.002,""rounds"":7}",
        43,         1,         0,    45.5,bp_osd,bea659dce592d9e7dac18f52c515962b5cbd335311a89f928680c06a69db9fa0,"{""basis"":""x"",""d"":7,""p"":0.004,""rounds"":7}",
        28,         0,         0,    32.2,bp_osd,0e39c1138d6c1114c36527bb081603ff7322700376901eea078c7a4c266aacb7,"{""basis"":""x"",""d"":7,""p"":0.002,""rounds"":7}",
        43,         2,         0,    45.1,belief_find,08c351f14149e77f75508015fc09a988b4c3c6d7829ffc9c3b4f3f80f7e42ed9,"{""basis"":""x"",""d"":7,""p"":0.004,""rounds"":7}",
        40,         0,         0,    2.36,belief_find,0fb7771dbd9887db4b6fc218263bbd2e3969225adaa47ea7567eb9e8ad439bb6,"{""basis"":""x"",""d"":5,""p"":0.004,""rounds"":5}",
        11,         0,         0,    23.6,bp_osd,2d73ea91da0935aeafe2d7ca60ec6f0e9077dde8f43e8ace1585847c2d1cd948,"{""basis"":""x"",""d"":9,""p"":0.002,""rounds"":9}",
        15,         0,         0,    33.3,bp_osd,7de2ce8f480ae8106b52da5287de3b5e3a63220e82625b29377c8675e7f17c4d,"{""basis"":""x"",""d"":9,""p"":0.008,""rounds"":9}",
        11,         0,         0,    25.0,belief_find,50286a7a2e3fbed7ea5bbc9c7df22764c3c206917c449a465f94fc1372fb5214,"{""basis"":""x"",""d"":9,""p"":0.002,""rounds"":9}",
        96,         2,         0,    3.30,belief_find,0fb7771dbd9887db4b6fc218263bbd2e3969225adaa47ea7567eb9e8ad439bb6,"{""basis"":""x"",""d"":5,""p"":0.004,""rounds"":5}",
      2496,        26,         0,    23.1,bp_osd,eadd520de7a8aab6cc9278546305b2159b96f6aa8193b0f38bcac88a86353a49,"{""basis"":""x"",""d"":5,""p"":0.004,""rounds"":5}",
        44,         1,         0,    45.6,bp_osd,bde4c648d79cf1e3365396e7e32b8cc1e1780aa5479672ca740622ea9617b293,"{""basis"":""x"",""d"":7,""p"":0.006,""rounds"":7}",
        47,         1,         0,    45.1,belief_find,0d02f2c07f1d8ae6fff2baf3dc54b145177b3ae3671f2968798ca03aeb160059,"{""basis"":""x"",""d"":7,""p"":0.006,""rounds"":7}",
        14,         3,         0,    33.0,belief_find,dec05d9e8d0eed19645a4c343a38ffa4ad7e069f7c117399ba2c1dab59569267,"{""basis"":""x"",""d"":9,""p"":0.008,""rounds"":9}",
       304,         4,         0,    4.60,belief_find,0fb7771dbd9887db4b6fc218263bbd2e3969225adaa47ea7567eb9e8ad439bb6,"{""basis"":""x"",""d"":5,""p"":0.004,""rounds"":5}",
      1248,        94,         0,    45.0,belief_find,40f5860e87a45541cb05e23ceb52e1b19e930512a110301face503b80f2db33c,"{""basis"":""x"",""d"":5,""p"":0.008,""rounds"":5}",
        35,         0,         0,    33.2,belief_find,d51b11287f46a3bcc136577b149fb14f59784df0ca4f66e423e8124e96cab3be,"{""basis"":""x"",""d"":7,""p"":0.002,""rounds"":7}",
       384,         3,         0,    6.38,belief_find,0fb7771dbd9887db4b6fc218263bbd2e3969225adaa47ea7567eb9e8ad439bb6,"{""basis"":""x"",""d"":5,""p"":0.004,""rounds"":5}",
        22,         0,         0,    45.3,belief_find,61b66453647c0a31f60a3d02c40fbc31e29d23b7241dcb9c131c924dd2125464,"{""basis"":""x"",""d"":9,""p"":0.004,""rounds"":9}",
        22,         0,         0,    45.1,belief_find,50286a7a2e3fbed7ea5bbc9c7df22764c3c206917c449a465f94fc1372fb5214,"{""basis"":""x"",""d"":9,""p"":0.002,""rounds"":9}",
        43,         2,         0,    45.2,bp_osd,d97d8aa4b13209c48fd683be924d1fef96197c53329a95d507618f0d6bc13ac4,"{""basis"":""x"",""d"":7,""p"":0.008,""rounds"":7}",
        46,         3,         0,    45.0,belief_find,e2b4f4ac410d9363f40c0bd034f2631ce15a6962af45fd07ac9891d17e809a3c,"{""basis"":""x"",""d"":7,""p"":0.008,""rounds"":7}",
       544,         8,         0,    8.87,belief_find,0fb7771dbd9887db4b6fc218263bbd2e3969225adaa47ea7567eb9e8ad439bb6,"{""basis"":""x"",""d"":5,""p"":0.004,""rounds"":5}",
        25,         0,         0,    45.7,bp_osd,2d73ea91da0935aeafe2d7ca60ec6f0e9077dde8f43e8ace1585847c2d1cd948,"{""basis"":""x"",""d"":9,""p"":0.002,""rounds"":9}",
      8064,        15,         0,    45.9,bp_osd,1da0e12676298acb068722f0806e2392354cf9f83bb925f4e526b6dbabd44b9f,"{""basis"":""x"",""d"":5,""p"":0.002,""rounds"":5}",
        25,         0,         0,    46.0,bp_osd,b6dad9c90c8f2c730e10c773f02ee37f8b522e8eacb860a5f6088f55ef19c415,"{""basis"":""x"",""d"":9,""p"":0.004,""rounds"":9}",
      6656,        10,         0,    45.4,belief_find,fb346a467f737aabcb9aba63dd7faf2005530c4b22c77f1d00dacd3a7873437a,"{""basis"":""x"",""d"":5,""p"":0.002,""rounds"":5}",
        27,         0,         0,    45.8,bp_osd,f61743ccff3d8a1cd76876798066ba1f0231db9250063f361c9f349986c7cfc1,"{""basis"":""x"",""d"":9,""p"":0.006,""rounds"":9}",
        20,         0,         0,    33.7,bp_osd,2d73ea91da0935aeafe2d7ca60ec6f0e9077dde8f43e8ace1585847c2d1cd948,"{""basis"":""x"",""d"":9,""p"":0.002,""rounds"":9}",
      1440,        19,         0,    12.0,belief_find,0fb7771dbd9887db4b6fc218263bbd2e3969225adaa47ea7567eb9e8ad439bb6,"{""basis"":""x"",""d"":5,""p"":0.004,""rounds"":5}",
        27,         2,         0,    45.7,belief_find,929d2f23fbab2e31fea8f507eea8efc347f347671a02a93806f9e90581c1bc13,"{""basis"":""x"",""d"":9,""p"":0.006,""rounds"":9}",
        22,         0,         0,    32.8,belief_find,50286a7a2e3fbed7ea5bbc9c7df22764c3c206917c449a465f94fc1372fb5214,"{""basis"":""x"",""d"":9,""p"":0.002,""rounds"":9}",
      3520,        24,         0,    33.0,bp_osd,eadd520de7a8aab6cc9278546305b2159b96f6aa8193b0f38bcac88a86353a49,"{""basis"":""x"",""d"":5,""p"":0.004,""rounds"":5}",
      4160,       150,         0,    45.2,belief_find,432e4d770c6e9af5107117e1ccb8684ea1a2983791287285e3b636426f1207bb,"{""basis"":""x"",""d"":5,""p"":0.006,""rounds"":5}",
         1,         0,         0,   0.739,bp_osd,bea659dce592d9e7dac18f52c515962b5cbd335311a89f928680c06a69db9fa0,"{""basis"":""x"",""d"":7,""p"":0.004,""rounds"":7}",
      1792,       149,         0,    29.5,belief_find,40f5860e87a45541cb05e23ceb52e1b19e930512a110301face503b80f2db33c,"{""basis"":""x"",""d"":5,""p"":0.008,""rounds"":5}",
         1,         0,         0,   0.472,bp_osd,bea659dce592d9e7dac18f52c515962b5cbd335311a89f928680c06a69db9fa0,"{""basis"":""x"",""d"":7,""p"":0.004,""rounds"":7}",
         1,         0,         0,   0.592,bp_osd,bea659dce592d9e7dac18f52c515962b5cbd335311a89f928680c06a69db9fa0,"{""basis"":""x"",""d"":7,""p"":0.004,""rounds"":7}",
         1,         0,         0,   0.769,belief_find,08c351f14149e77f75508015fc09a988b4c3c6d7829ffc9c3b4f3f80f7e42ed9,"{""basis"":""x"",""d"":7,""p"":0.004,""rounds"":7}",
         1,         0,         0,   0.708,bp_osd,bea659dce592d9e7dac18f52c515962b5cbd335311a89f928680c06a69db9fa0,"{""basis"":""x"",""d"":7,""p"":0.004,""rounds"":7}",
         1,         0,         0,   0.609,belief_find,08c351f14149e77f75508015fc09a988b4c3c6d7829ffc9c3b4f3f80f7e42ed9,"{""basis"":""x"",""d"":7,""p"":0.004,""rounds"":7}",
         1,         0,         0,   0.623,belief_find,08c351f14149e77f75508015fc09a988b4c3c6d7829ffc9c3b4f3f80f7e42ed9,"{""basis"":""x"",""d"":7,""p"":0.004,""rounds"":7}",
         1,         0,         0,   0.903,bp_osd,bea659dce592d9e7dac18f52c515962b5cbd335311a89f928680c06a69db9fa0,"{""basis"":""x"",""d"":7,""p"":0.004,""rounds"":7}",
         1,         0,         0,   0.956,bp_osd,bea659dce592d9e7dac18f52c515962b5cbd335311a89f928680c06a69db9fa0,"{""basis"":""x"",""d"":7,""p"":0.004,""rounds"":7}",
         1,         0,         0,   0.976,belief_find,08c351f14149e77f75508015fc09a988b4c3c6d7829ffc9c3b4f3f80f7e42ed9,"{""basis"":""x"",""d"":7,""p"":0.004,""rounds"":7}",
         1,         0,         0,   0.760,bp_osd,bea659dce592d9e7dac18f52c515962b5cbd335311a89f928680c06a69db9fa0,"{""basis"":""x"",""d"":7,""p"":0.004,""rounds"":7}",
         1,         0,         0,    1.10,belief_find,08c351f14149e77f75508015fc09a988b4c3c6d7829ffc9c3b4f3f80f7e42ed9,"{""basis"":""x"",""d"":7,""p"":0.004,""rounds"":7}",
         1,         0,         0,   0.954,bp_osd,bea659dce592d9e7dac18f52c515962b5cbd335311a89f928680c06a69db9fa0,"{""basis"":""x"",""d"":7,""p"":0.004,""rounds"":7}",
      4480,       145,         0,    54.6,bp_osd,0f5fedb62b0fbb8bb5c9aa8da74b33824185b181e70d16c2f975dbf66876e279,"{""basis"":""x"",""d"":5,""p"":0.006,""rounds"":5}",
         1,         0,         0,   0.937,belief_find,08c351f14149e77f75508015fc09a988b4c3c6d7829ffc9c3b4f3f80f7e42ed9,"{""basis"":""x"",""d"":7,""p"":0.004,""rounds"":7}",
        58,         0,         0,    45.1,bp_osd,0e39c1138d6c1114c36527bb081603ff7322700376901eea078c7a4c266aacb7,"{""basis"":""x"",""d"":7,""p"":0.002,""rounds"":7}",
         1,         0,         0,    1.03,bp_osd,bea659dce592d9e7dac18f52c515962b5cbd335311a89f928680c06a69db9fa0,"{""basis"":""x"",""d"":7,""p"":0.004,""rounds"":7}",
         1,         0,         0,   0.908,belief_find,08c351f14149e77f75508015fc09a988b4c3c6d7829ffc9c3b4f3f80f7e42ed9,"{""basis"":""x"",""d"":7,""p"":0.004,""rounds"":7}",
         1,         0,         0,   0.883,bp_osd,bea659dce592d9e7dac18f52c515962b5cbd335311a89f928680c06a69db9fa0,"{""basis"":""x"",""d"":7,""p"":0.004,""rounds"":7}",
         1,         0,         0,    1.28,belief_find,08c351f14149e77f75508015fc09a988b4c3c6d7829ffc9c3b4f3f80f7e42ed9,"{""basis"":""x"",""d"":7,""p"":0.004,""rounds"":7}",
         1,         0,         0,   0.954,bp_osd,bea659dce592d9e7dac18f52c515962b5cbd335311a89f928680c06a69db9fa0,"{""basis"":""x"",""d"":7,""p"":0.004,""rounds"":7}",
        26,         1,         0,    45.7,bp_osd,7de2ce8f480ae8106b52da5287de3b5e3a63220e82625b29377c8675e7f17c4d,"{""basis"":""x"",""d"":9,""p"":0.008,""rounds"":9}",
         1,         0,         0,    1.19,belief_find,08c351f14149e77f75508015fc09a988b4c3c6d7829ffc9c3b4f3f80f7e42ed9,"{""basis"":""x"",""d"":7,""p"":0.004,""rounds"":7}",
         1,         0,         0,    1.18,bp_osd,bea659dce592d9e7dac18f52c515962b5cbd335311a89f928680c06a69db9fa0,"{""basis"":""x"",""d"":7,""p"":0.004,""rounds"":7}",
         1,         0,         0,    2.75,bp_osd,b6dad9c90c8f2c730e10c773f02ee37f8b522e8eacb860a5f6088f55ef19c415,"{""basis"":""x"",""d"":9,""p"":0.004,""rounds"":9}",
         1,         0,         0,    1.32,belief_find,08c351f14149e77f75508015fc09a988b4c3c6d7829ffc9c3b4f3f80f7e42ed9,"{""basis"":""x"",""d"":7,""p"":0.004,""rounds"":7}",
         1,         0,         0,    1.09,bp_osd,bea659dce592d9e7dac18f52c515962b5cbd335311a89f928680c06a69db9fa0,"{""basis"":""x"",""d"":7,""p"":0.004,""rounds"":7}",
         1,         0,         0,    1.13,belief_find,08c351f14149e77f75508015fc09a988b4c3c6d7829ffc9c3b4f3f80f7e42ed9,"{""basis"":""x"",""d"":7,""p"":0.004,""rounds"":7}",
         1,         0,         0,    1.41,bp_osd,bea659dce592d9e7dac18f52c515962b5cbd335311a89f928680c06a69db9fa0,"{""basis"":""x"",""d"":7,""p"":0.004,""rounds"":7}",
      6048,        59,         0,    63.0,bp_osd,eadd520de7a8aab6cc9278546305b2159b96f6aa8193b0f38bcac88a86353a49,"{""basis"":""x"",""d"":5,""p"":0.004,""rounds"":5}",
         1,         0,         0,   0.653,belief_find,08c351f14149e77f75508015fc09a988b4c3c6d7829ffc9c3b4f3f80f7e42ed9,"{""basis"":""x"",""d"":7,""p"":0.004,""rounds"":7}",
         1,         0,         0,    2.42,bp_osd,b6dad9c90c8f2c730e10c773f02ee37f8b522e8eacb860a5f6088f55ef19c415,"{""basis"":""x"",""d"":9,""p"":0.004,""rounds"":9}",
     12416,        18,         0,    63.2,belief_find,fb346a467f737aabcb9aba63dd7faf2005530c4b22c77f1d00dacd3a7873437a,"{""basis"":""x"",""d"":5,""p"":0.002,""rounds"":5}",
      7168,        96,         0,    63.1,belief_find,0fb7771dbd9887db4b6fc218263bbd2e3969225adaa47ea7567eb9e8ad439bb6,"{""basis"":""x"",""d"":5,""p"":0.004,""rounds"":5}",
     12288,        20,         0,    63.3,bp_osd,1da0e12676298acb068722f0806e2392354cf9f83bb925f4e526b6dbabd44b9f,"{""basis"":""x"",""d"":5,""p"":0.002,""rounds"":5}",
         1,         0,         0,    1.22,belief_find,08c351f14149e77f75508015fc09a988b4c3c6d7829ffc9c3b4f3f80f7e42ed9,"{""basis"":""x"",""d"":7,""p"":0.004,""rounds"":7}",
         2,         0,         0,    1.67,bp_osd,bea659dce592d9e7dac18f52c515962b5cbd335311a89f928680c06a69db9fa0,"{""basis"":""x"",""d"":7,""p"":0.004,""rounds"":7}",
      1920,        23,         0,    16.4,belief_find,0fb7771dbd9887db4b6fc218263bbd2e3969225adaa47ea7567eb9e8ad439bb6,"{""basis"":""x"",""d"":5,""p"":0.004,""rounds"":5}",
         1,         0,         0,    1.26,belief_find,08c351f14149e77f75508015fc09a988b4c3c6d7829ffc9c3b4f3f80f7e42ed9,"{""basis"":""x"",""d"":7,""p"":0.004,""rounds"":7}",
         1,         0,         0,    2.41,bp_osd,b6dad9c90c8f2c730e10c773f02ee37f8b522e8eacb860a5f6088f55ef19c415,"{""basis"":""x"",""d"":9,""p"":0.004,""rounds"":9}",
        24,         2,         0,    45.7,belief_find,dec05d9e8d0eed19645a4c343a38ffa4ad7e069f7c117399ba2c1dab59569267,"{""basis"":""x"",""d"":9,""p"":0.008,""rounds"":9}",
         2,         0,         0,    2.21,bp_osd,bea659dce592d9e7dac18f52c515962b5cbd335311a89f928680c06a69db9fa0,"{""basis"":""x"",""d"":7,""p"":0.004,""rounds"":7}",
         2,         0,         0,    2.09,belief_find,08c351f14149e77f75508015fc09a988b4c3c6d7829ffc9c3b4f3f80f7e42ed9,"{""basis"":""x"",""d"":7,""p"":0.004,""rounds"":7}",
         1,         0,         0,    2.59,bp_osd,b6dad9c90c8f2c730e10c773f02ee37f8b522e8eacb860a5f6088f55ef19c415,"{""basis"":""x"",""d"":9,""p"":0.004,""rounds"":9}",
         2,         0,         0,    2.31,bp_osd,bea659dce592d9e7dac18f52c515962b5cbd335311a89f928680c06a69db9fa0,"{""basis"":""x"",""d"":7,""p"":0.004,""rounds"":7}",
         2,         0,         0,    2.43,belief_find,08c351f14149e77f75508015fc09a988b4c3c6d7829ffc9c3b4f3f80f7e42ed9,"{""basis"":""x"",""d"":7,""p"":0.004,""rounds"":7}",
         1,         0,         0,    2.66,bp_osd,b6dad9c90c8f2c730e10c773f02ee37f8b522e8eacb860a5f6088f55ef19c415,"{""basis"":""x"",""d"":9,""p"":0.004,""rounds"":9}",
         2,         0,         0,    2.22,belief_find,08c351f14149e77f75508015fc09a988b4c3c6d7829ffc9c3b4f3f80f7e42ed9,"{""basis"":""x"",""d"":7,""p"":0.004,""rounds"":7}",
         3,         0,         0,    3.45,bp_osd,bea659dce592d9e7dac18f52c515962b5cbd335311a89f928680c06a69db9fa0,"{""basis"":""x"",""d"":7,""p"":0.004,""rounds"":7}",
        75,         0,         0,    45.8,belief_find,d51b11287f46a3bcc136577b149fb14f59784df0ca4f66e423e8124e96cab3be,"{""basis"":""x"",""d"":7,""p"":0.002,""rounds"":7}",
         1,         0,         0,    2.30,bp_osd,b6dad9c90c8f2c730e10c773f02ee37f8b522e8eacb860a5f6088f55ef19c415,"{""basis"":""x"",""d"":9,""p"":0.004,""rounds"":9}",
        72,         0,         0,    63.2,bp_osd,0e39c1138d6c1114c36527bb081603ff7322700376901eea078c7a4c266aacb7,"{""basis"":""x"",""d"":7,""p"":0.002,""rounds"":7}",
        75,         0,         0,    64.0,belief_find,d51b11287f46a3bcc136577b149fb14f59784df0ca4f66e423e8124e96cab3be,"{""basis"":""x"",""d"":7,""p"":0.002,""rounds"":7}",
        69,         0,         0,    63.8,bp_osd,bea659dce592d9e7dac18f52c515962b5cbd335311a89f928680c06a69db9fa0,"{""basis"":""x"",""d"":7,""p"":0.004,""rounds"":7}",
         3,         0,         0,    3.27,belief_find,08c351f14149e77f75508015fc09a988b4c3c6d7829ffc9c3b4f3f80f7e42ed9,"{""basis"":""x"",""d"":7,""p"":0.004,""rounds"":7}",
         1,         0,         0,    2.42,bp_osd,b6dad9c90c8f2c730e10c773f02ee37f8b522e8eacb860a5f6088f55ef19c415,"{""basis"":""x"",""d"":9,""p"":0.004,""rounds"":9}",
        71,         0,         0,    63.8,belief_find,08c351f14149e77f75508015fc09a988b4c3c6d7829ffc9c3b4f3f80f7e42ed9,"{""basis"":""x"",""d"":7,""p"":0.004,""rounds"":7}",
         5,         0,         0,    4.40,bp_osd,bea659dce592d9e7dac18f52c515962b5cbd335311a89f928680c06a69db9fa0,"{""basis"":""x"",""d"":7,""p"":0.004,""rounds"":7}",
         1,         0,         0,    2.02,bp_osd,b6dad9c90c8f2c730e10c773f02ee37f8b522e8eacb860a5f6088f55ef19c415,"{""basis"":""x"",""d"":9,""p"":0.004,""rounds"":9}",
         1,         0,         0,    2.10,bp_osd,b6dad9c90c8f2c730e10c773f02ee37f8b522e8eacb860a5f6088f55ef19c415,"{""basis"":""x"",""d"":9,""p"":0.004,""rounds"":9}",
        70,         3,         0,    63.2,bp_osd,bde4c648d79cf1e3365396e7e32b8cc1e1780aa5479672ca740622ea9617b293,"{""basis"":""x"",""d"":7,""p"":0.006,""rounds"":7}",
         5,         0,         0,    4.91,belief_find,08c351f14149e77f75508015fc09a988b4c3c6d7829ffc9c3b4f3f80f7e42ed9,"{""basis"":""x"",""d"":7,""p"":0.004,""rounds"":7}",
        71,         1,         0,    63.4,belief_find,0d02f2c07f1d8ae6fff2baf3dc54b145177b3ae3671f2968798ca03aeb160059,"{""basis"":""x"",""d"":7,""p"":0.006,""rounds"":7}",
         1,         0,         0,    2.19,bp_osd,b6dad9c90c8f2c730e10c773f02ee37f8b522e8eacb860a5f6088f55ef19c415,"{""basis"":""x"",""d"":9,""p"":0.004,""rounds"":9}",
         8,         0,         0,    6.75,bp_osd,bea659dce592d9e7dac18f52c515962b5cbd335311a89f928680c06a69db9fa0,"{""basis"":""x"",""d"":7,""p"":0.004,""rounds"":7}",
         1,         0,         0,    1.90,bp_osd,b6dad9c90c8f2c730e10c773f02ee37f8b522e8eacb860a5f6088f55ef19c415,"{""basis"":""x"",""d"":9,""p"":0.004,""rounds"":9}",
         1,         0,         0,    2.24,bp_osd,b6dad9c90c8f2c730e10c773f02ee37f8b522e8eacb860a5f6088f55ef19c415,"{""basis"":""x"",""d"":9,""p"":0.004,""rounds"":9}",
         7,         1,         0,    6.16,belief_find,08c351f14149e77f75508015fc09a988b4c3c6d7829ffc9c3b4f3f80f7e42ed9,"{""basis"":""x"",""d"":7,""p"":0.004,""rounds"":7}",
      2560,        25,         0,    23.3,belief_find,0fb7771dbd9887db4b6fc218263bbd2e3969225adaa47ea7567eb9e8ad439bb6,"{""basis"":""x"",""d"":5,""p"":0.004,""rounds"":5}",
         1,         0,         0,    2.21,bp_osd,b6dad9c90c8f2c730e10c773f02ee37f8b522e8eacb860a5f6088f55ef19c415,"{""basis"":""x"",""d"":9,""p"":0.004,""rounds"":9}",
         1,         0,         0,    1.73,bp_osd,b6dad9c90c8f2c730e10c773f02ee37f8b522e8eacb860a5f6088f55ef19c415,"{""basis"":""x"",""d"":9,""p"":0.004,""rounds"":9}",
         1,         0,         0,    2.23,bp_osd,b6dad9c90c8f2c730e10c773f02ee37f8b522e8eacb860a5f6088f55ef19c415,"{""basis"":""x"",""d"":9,""p"":0.004,""rounds"":9}",
        10,         0,         0,    9.14,bp_osd,bea659dce592d9e7dac18f52c515962b5cbd335311a89f928680c06a69db9fa0,"{""basis"":""x"",""d"":7,""p"":0.004,""rounds"":7}",
        22,         0,         0,    45.7,bp_osd,2d73ea91da0935aeafe2d7ca60ec6f0e9077dde8f43e8ace1585847c2d1cd948,"{""basis"":""x"",""d"":9,""p"":0.002,""rounds"":9}",
        22,         0,         0,    45.1,belief_find,50286a7a2e3fbed7ea5bbc9c7df22764c3c206917c449a465f94fc1372fb5214,"{""basis"":""x"",""d"":9,""p"":0.002,""rounds"":9}",
         1,         0,         0,    2.03,bp_osd,b6dad9c90c8f2c730e10c773f02ee37f8b522e8eacb860a5f6088f55ef19c415,"{""basis"":""x"",""d"":9,""p"":0.004,""rounds"":9}",
      7424,        65,         0,    45.6,bp_osd,eadd520de7a8aab6cc9278546305b2159b96f6aa8193b0f38bcac88a86353a49,"{""basis"":""x"",""d"":5,""p"":0.004,""rounds"":5}",
        10,         0,         0,    9.06,belief_find,08c351f14149e77f75508015fc09a988b4c3c6d7829ffc9c3b4f3f80f7e42ed9,"{""basis"":""x"",""d"":7,""p"":0.004,""rounds"":7}",
        36,         0,         0,    63.1,belief_find,61b66453647c0a31f60a3d02c40fbc31e29d23b7241dcb9c131c924dd2125464,"{""basis"":""x"",""d"":9,""p"":0.004,""rounds"":9}",
        37,         0,         0,    62.9,belief_find,50286a7a2e3fbed7ea5bbc9c7df22764c3c206917c449a465f94fc1372fb5214,"{""basis"":""x"",""d"":9,""p"":0.002,""rounds"":9}",
        71,         5,         0,    63.0,bp_osd,d97d8aa4b13209c48fd683be924d1fef96197c53329a95d507618f0d6bc13ac4,"{""basis"":""x"",""d"":7,""p"":0.008,""rounds"":7}",
         2,         0,         0,    3.24,bp_osd,b6dad9c90c8f2c730e10c773f02ee37f8b522e8eacb860a5f6088f55ef19c415,"{""basis"":""x"",""d"":9,""p"":0.004,""rounds"":9}",
        70,        12,         0,    63.4,belief_find,e2b4f4ac410d9363f40c0bd034f2631ce15a6962af45fd07ac9891d17e809a3c,"{""basis"":""x"",""d"":7,""p"":0.008,""rounds"":7}",
        36,         0,         0,    64.3,bp_osd,2d73ea91da0935aeafe2d7ca60ec6f0e9077dde8f43e8ace1585847c2d1cd948,"{""basis"":""x"",""d"":9,""p"":0.002,""rounds"":9}",
         3,         0,         0,    4.49,bp_osd,b6dad9c90c8f2c730e10c773f02ee37f8b522e8eacb860a5f6088f55ef19c415,"{""basis"":""x"",""d"":9,""p"":0.004,""rounds"":9}",
     13184,        18,         0,    63.1,bp_osd,1da0e12676298acb068722f0806e2392354cf9f83bb925f4e526b6dbabd44b9f,"{""basis"":""x"",""d"":5,""p"":0.002,""rounds"":5}",
        15,         0,         0,    12.1,bp_osd,bea659dce592d9e7dac18f52c515962b5cbd335311a89f928680c06a69db9fa0,"{""basis"":""x"",""d"":7,""p"":0.004,""rounds"":7}",
        16,         1,         0,    11.7,belief_find,08c351f14149e77f75508015fc09a988b4c3c6d7829ffc9c3b4f3f80f7e42ed9,"{""basis"":""x"",""d"":7,""p"":0.004,""rounds"":7}",
        36,         0,         0,    65.3,bp_osd,b6dad9c90c8f2c730e10c773f02ee37f8b522e8eacb860a5f6088f55ef19c415,"{""basis"":""x"",""d"":9,""p"":0.004,""rounds"":9}",
         3,         0,         0,    5.73,bp_osd,b6dad9c90c8f2c730e10c773f02ee37f8b522e8eacb860a5f6088f55ef19c415,"{""basis"":""x"",""d"":9,""p"":0.004,""rounds"":9}",
     12544,        31,         0,    63.0,belief_find,fb346a467f737aabcb9aba63dd7faf2005530c4b22c77f1d00dacd3a7873437a,"{""basis"":""x"",""d"":5,""p"":0.002,""rounds"":5}",
        34,         0,         0,    64.0,bp_osd,f61743ccff3d8a1cd76876798066ba1f0231db9250063f361c9f349986c7cfc1,"{""basis"":""x"",""d"":9,""p"":0.006,""rounds"":9}",
        32,         1,         0,    63.5,belief_find,929d2f23fbab2e31fea8f507eea8efc347f347671a02a93806f9e90581c1bc13,"{""basis"":""x"",""d"":9,""p"":0.006,""rounds"":9}",
         3,         0,         0,    7.56,bp_osd,b6dad9c90c8f2c730e10c773f02ee37f8b522e8eacb860a5f6088f55ef19c415,"{""basis"":""x"",""d"":9,""p"":0.004,""rounds"":9}",
        69,         0,         0,    63.0,bp_osd,0e39c1138d6c1114c36527bb081603ff7322700376901eea078c7a4c266aacb7,"{""basis"":""x"",""d"":7,""p"":0.002,""rounds"":7}",
      3840,        58,         0,    32.7,belief_find,0fb7771dbd9887db4b6fc218263bbd2e3969225adaa47ea7567eb9e8ad439bb6,"{""basis"":""x"",""d"":5,""p"":0.004,""rounds"":5}",
        17,         0,         0,    17.2,bp_osd,bea659dce592d9e7dac18f52c515962b5cbd335311a89f928680c06a69db9fa0,"{""basis"":""x"",""d"":7,""p"":0.004,""rounds"":7}",
        31,         6,         0,    63.3,bp_osd,7de2ce8f480ae8106b52da5287de3b5e3a63220e82625b29377c8675e7f17c4d,"{""basis"":""x"",""d"":9,""p"":0.008,""rounds"":9}",
         4,         0,         0,    8.94,bp_osd,b6dad9c90c8f2c730e10c773f02ee37f8b522e8eacb860a5f6088f55ef19c415,"{""basis"":""x"",""d"":9,""p"":0.004,""rounds"":9}",
        17,         0,         0,    17.2,belief_find,08c351f14149e77f75508015fc09a988b4c3c6d7829ffc9c3b4f3f80f7e42ed9,"{""basis"":""x"",""d"":7,""p"":0.004,""rounds"":7}",
        29,         4,         0,    64.1,belief_find,dec05d9e8d0eed19645a4c343a38ffa4ad7e069f7c117399ba2c1dab59569267,"{""basis"":""x"",""d"":9,""p"":0.008,""rounds"":9}",
        67,         0,         0,    63.1,belief_find,d51b11287f46a3bcc136577b149fb14f59784df0ca4f66e423e8124e96cab3be,"{""basis"":""x"",""d"":7,""p"":0.002,""rounds"":7}",
         6,         0,         0,    13.6,bp_osd,b6dad9c90c8f2c730e10c773f02ee37f8b522e8eacb860a5f6088f55ef19c415,"{""basis"":""x"",""d"":9,""p"":0.004,""rounds"":9}",
        22,         1,         0,    23.7,bp_osd,bea659dce592d9e7dac18f52c515962b5cbd335311a89f928680c06a69db9fa0,"{""basis"":""x"",""d"":7,""p"":0.004,""rounds"":7}",
        22,         0,         0,    23.1,belief_find,08c351f14149e77f75508015fc09a988b4c3c6d7829ffc9c3b4f3f80f7e42ed9,"{""basis"":""x"",""d"":7,""p"":0.004,""rounds"":7}",
      9536,       130,         0,    88.1,belief_find,0fb7771dbd9887db4b6fc218263bbd2e3969225adaa47ea7567eb9e8ad439bb6,"{""basis"":""x"",""d"":5,""p"":0.004,""rounds"":5}",
     13184,       143,         0,    88.7,bp_osd,eadd520de7a8aab6cc9278546305b2159b96f6aa8193b0f38bcac88a86353a49,"{""basis"":""x"",""d"":5,""p"":0.004,""rounds"":5}",
     17792,        32,         0,    88.2,bp_osd,1da0e12676298acb068722f0806e2392354cf9f83bb925f4e526b6dbabd44b9f,"{""basis"":""x"",""d"":5,""p"":0.002,""rounds"":5}",
     17920,        30,         0,    88.6,belief_find,fb346a467f737aabcb9aba63dd7faf2005530c4b22c77f1d00dacd3a7873437a,"{""basis"":""x"",""d"":5,""p"":0.002,""rounds"":5}",
      3200,        33,         0,    31.3,belief_find,0fb7771dbd9887db4b6fc218263bbd2e3969225adaa47ea7567eb9e8ad439bb6,"{""basis"":""x"",""d"":5,""p"":0.004,""rounds"":5}",
        64,         1,         0,   0.647,belief_find,0fb7771dbd9887db4b6fc218263bbd2e3969225adaa47ea7567eb9e8ad439bb6,"{""basis"":""x"",""d"":5,""p"":0.004,""rounds"":5}",
         1,         0,         0,    1.16,bp_osd,bde4c648d79cf1e3365396e7e32b8cc1e1780aa5479672ca740622ea9617b293,"{""basis"":""x"",""d"":7,""p"":0.006,""rounds"":7}",
         1,         0,         0,    1.10,bp_osd,bde4c648d79cf1e3365396e7e32b8cc1e1780aa5479672ca740622ea9617b293,"{""basis"":""x"",""d"":7,""p"":0.006,""rounds"":7}",
         7,         0,         0,    18.2,bp_osd,b6dad9c90c8f2c730e10c773f02ee37f8b522e8eacb860a5f6088f55ef19c415,"{""basis"":""x"",""d"":9,""p"":0.004,""rounds"":9}",
        28,         0,         0,    63.0,bp_osd,2d73ea91da0935aeafe2d7ca60ec6f0e9077dde8f43e8ace1585847c2d1cd948,"{""basis"":""x"",""d"":9,""p"":0.002,""rounds"":9}",
         1,         0,         0,    1.32,bp_osd,bde4c648d79cf1e3365396e7e32b8cc1e1780aa5479672ca740622ea9617b293,"{""basis"":""x"",""d"":7,""p"":0.006,""rounds"":7}",
         1,         0,         0,    2.48,belief_find,61b66453647c0a31f60a3d02c40fbc31e29d23b7241dcb9c131c924dd2125464,"{""basis"":""x"",""d"":9,""p"":0.004,""rounds"":9}",
         1,         0,         0,   0.926,bp_osd,bde4c648d79cf1e3365396e7e32b8cc1e1780aa5479672ca740622ea9617b293,"{""basis"":""x"",""d"":7,""p"":0.006,""rounds"":7}",
        29,         0,         0,    64.0,belief_find,50286a7a2e3fbed7ea5bbc9c7df22764c3c206917c449a465f94fc1372fb5214,"{""basis"":""x"",""d"":9,""p"":0.002,""rounds"":9}",
         1,         0,         0,    1.05,bp_osd,bde4c648d79cf1e3365396e7e32b8cc1e1780aa5479672ca740622ea9617b293,"{""basis"":""x"",""d"":7,""p"":0.006,""rounds"":7}",
      9856,       112,         0,    63.2,bp_osd,eadd520de7a8aab6cc9278546305b2159b96f6aa8193b0f38bcac88a86353a49,"{""basis"":""x"",""d"":5,""p"":0.004,""rounds"":5}",
      1024,         7,         0,    6.96,bp_osd,eadd520de7a8aab6cc9278546305b2159b96f6aa8193b0f38bcac88a86353a49,"{""basis"":""x"",""d"":5,""p"":0.004,""rounds"":5}",
         1,         0,         0,   0.804,bp_osd,bde4c648d79cf1e3365396e7e32b8cc1e1780aa5479672ca740622ea9617b293,"{""basis"":""x"",""d"":7,""p"":0.006,""rounds"":7}",
         1,         0,         0,    2.17,belief_find,61b66453647c0a31f60a3d02c40fbc31e29d23b7241dcb9c131c924dd2125464,"{""basis"":""x"",""d"":9,""p"":0.004,""rounds"":9}",
         1,         0,         0,   0.975,bp_osd,bde4c648d79cf1e3365396e7e32b8cc1e1780aa5479672ca740622ea9617b293,"{""basis"":""x"",""d"":7,""p"":0.006,""rounds"":7}",
         1,         0,         0,   0.999,belief_find,0d02f2c07f1d8ae6fff2baf3dc54b145177b3ae3671f2968798ca03aeb160059,"{""basis"":""x"",""d"":7,""p"":0.006,""rounds"":7}",
         1,         0,         0,   0.856,bp_osd,bde4c648d79cf1e3365396e7e32b8cc1e1780aa5479672ca740622ea9617b293,"{""basis"":""x"",""d"":7,""p"":0.006,""rounds"":7}",
         1,         1,         0,   0.944,belief_find,0d02f2c07f1d8ae6fff2baf3dc54b145177b3ae3671f2968798ca03aeb160059,"{""basis"":""x"",""d"":7,""p"":0.006,""rounds"":7}",
         1,         0,         0,    2.17,belief_find,61b66453647c0a31f60a3d02c40fbc31e29d23b7241dcb9c131c924dd2125464,"{""basis"":""x"",""d"":9,""p"":0.004,""rounds"":9}",
         1,         0,         0,   0.775,bp_osd,bde4c648d79cf1e3365396e7e32b8cc1e1780aa5479672ca740622ea9617b293,"{""basis"":""x"",""d"":7,""p"":0.006,""rounds"":7}",
         1,         0,         0,   0.710,belief_find,0d02f2c07f1d8ae6fff2baf3dc54b145177b3ae3671f2968798ca03aeb160059,"{""basis"":""x"",""d"":7,""p"":0.006,""rounds"":7}",
        91,         1,         0,    88.7,bp_osd,0e39c1138d6c1114c36527bb081603ff7322700376901eea078c7a4c266aacb7,"{""basis"":""x"",""d"":7,""p"":0.002,""rounds"":7}",
         1,         0,         0,    2.09,bp_osd,f61743ccff3d8a1cd76876798066ba1f0231db9250063f361c9f349986c7cfc1,"{""basis"":""x"",""d"":9,""p"":0.006,""rounds"":9}",
         1,         0,         0,   0.851,bp_osd,bde4c648d79cf1e3365396e7e32b8cc1e1780aa5479672ca740622ea9617b293,"{""basis"":""x"",""d"":7,""p"":0.006,""rounds"":7}",
         1,         0,         0,    1.07,belief_find,0d02f2c07f1d8ae6fff2baf3dc54b145177b3ae3671f2968798ca03aeb160059,"{""basis"":""x"",""d"":7,""p"":0.006,""rounds"":7}",
         1,         0,         0,   0.584,belief_find,0d02f2c07f1d8ae6fff2baf3dc54b145177b3ae3671f2968798ca03aeb160059,"{""basis"":""x"",""d"":7,""p"":0.006,""rounds"":7}",
        91,         0,         0,    88.7,belief_find,d51b11287f46a3bcc136577b149fb14f59784df0ca4f66e423e8124e96cab3be,"{""basis"":""x"",""d"":7,""p"":0.002,""rounds"":7}",
         1,         0,         0,    1.03,bp_osd,bde4c648d79cf1e3365396e7e32b8cc1e1780aa5479672ca740622ea9617b293,"{""basis"":""x"",""d"":7,""p"":0.006,""rounds"":7}",
        91,         2,         0,    88.8,bp_osd,bea659dce592d9e7dac18f52c515962b5cbd335311a89f928680c06a69db9fa0,"{""basis"":""x"",""d"":7,""p"":0.004,""rounds"":7}",
         1,         0,         0,    2.50,belief_find,61b66453647c0a31f60a3d02c40fbc31e29d23b7241dcb9c131c924dd2125464,"{""basis"":""x"",""d"":9,""p"":0.004,""rounds"":9}",
         1,         0,         0,    2.17,bp_osd,f61743ccff3d8a1cd76876798066ba1f0231db9250063f361c9f349986c7cfc1,"{""basis"":""x"",""d"":9,""p"":0.006,""rounds"":9}",
         1,         0,         0,    1.02,belief_find,0d02f2c07f1d8ae6fff2baf3dc54b145177b3ae3671f2968798ca03aeb160059,"{""basis"":""x"",""d"":7,""p"":0.006,""rounds"":7}",
         1,         0,         0,    1.01,bp_osd,bde4c648d79cf1e3365396e7e32b8cc1e1780aa5479672ca740622ea9617b293,"{""basis"":""x"",""d"":7,""p"":0.006,""rounds"":7}",
        92,         2,         0,    89.2,belief_find,08c351f14149e77f75508015fc09a988b4c3c6d7829ffc9c3b4f3f80f7e42ed9,"{""basis"":""x"",""d"":7,""p"":0.004,""rounds"":7}",
         1,         1,         0,   0.916,belief_find,0d02f2c07f1d8ae6fff2baf3dc54b145177b3ae3671f2968798ca03aeb160059,"{""basis"":""x"",""d"":7,""p"":0.006,""rounds"":7}",
         1,         0,         0,    1.04,bp_osd,bde4c648d79cf1e3365396e7e32b8cc1e1780aa5479672ca740622ea9617b293,"{""basis"":""x"",""d"":7,""p"":0.006,""rounds"":7}",
         1,         0,         0,    1.86,bp_osd,f61743ccff3d8a1cd76876798066ba1f0231db9250063f361c9f349986c7cfc1,"{""basis"":""x"",""d"":9,""p"":0.006,""rounds"":9}",
         1,         0,         0,    2.40,belief_find,61b66453647c0a31f60a3d02c40fbc31e29d23b7241dcb9c131c924dd2125464,"{""basis"":""x"",""d"":9,""p"":0.004,""rounds"":9}",
         1,         0,         0,   0.976,belief_find,0d02f2c07f1d8ae6fff2baf3dc54b145177b3ae3671f2968798ca03aeb160059,"{""basis"":""x"",""d"":7,""p"":0.006,""rounds"":7}",
         1,         0,         0,   0.943,bp_osd,bde4c648d79cf1e3365396e7e32b8cc1e1780aa5479672ca740622ea9617b293,"{""basis"":""x"",""d"":7,""p"":0.006,""rounds"":7}",
         1,         0,         0,    1.15,belief_find,0d02f2c07f1d8ae6fff2baf3dc54b145177b3ae3671f2968798ca03aeb160059,"{""basis"":""x"",""d"":7,""p"":0.006,""rounds"":7}",
        89,         1,         0,    88.2,bp_osd,bde4c648d79cf1e3365396e7e32b8cc1e1780aa5479672ca740622ea9617b293,"{""basis"":""x"",""d"":7,""p"":0.006,""rounds"":7}",
         1,         0,         0,    2.28,bp_osd,f61743ccff3d8a1cd76876798066ba1f0231db9250063f361c9f349986c7cfc1,"{""basis"":""x"",""d"":9,""p"":0.006,""rounds"":9}",
         1,         0,         0,   0.790,belief_find,0d02f2c07f1d8ae6fff2baf3dc54b145177b3ae3671f2968798ca03aeb160059,"{""basis"":""x"",""d"":7,""p"":0.006,""rounds"":7}",
         1,         0,         0,    1.98,belief_find,61b66453647c0a31f60a3d02c40fbc31e29d23b7241dcb9c131c924dd2125464,"{""basis"":""x"",""d"":9,""p"":0.004,""rounds"":9}",
         2,         0,         0,    2.10,bp_osd,bde4c648d79cf1e3365396e7e32b8cc1e1780aa5479672ca740622ea9617b293,"{""basis"":""x"",""d"":7,""p"":0.006,""rounds"":7}",
         1,         0,         0,   0.806,belief_find,0d02f2c07f1d8ae6fff2baf3dc54b145177b3ae3671f2968798ca03aeb160059,"{""basis"":""x"",""d"":7,""p"":0.006,""rounds"":7}",
         1,         0,         0,   0.776,belief_find,0d02f2c07f1d8ae6fff2baf3dc54b145177b3ae3671f2968798ca03aeb160059,"{""basis"":""x"",""d"":7,""p"":0.006,""rounds"":7}",
         1,         0,         0,    2.17,bp_osd,f61743ccff3d8a1cd76876798066ba1f0231db9250063f361c9f349986c7cfc1,"{""basis"":""x"",""d"":9,""p"":0.006,""rounds"":9}",
         1,         0,         0,    2.25,belief_find,61b66453647c0a31f60a3d02c40fbc31e29d23b7241dcb9c131c924dd2125464,"{""basis"":""x"",""d"":9,""p"":0.004,""rounds"":9}",
         2,         0,         0,    2.00,bp_osd,bde4c648d79cf1e3365396e7e32b8cc1e1780aa5479672ca740622ea9617b293,"{""basis"":""x"",""d"":7,""p"":0.006,""rounds"":7}",
        90,         7,         0,    89.1,belief_find,0d02f2c07f1d8ae6fff2baf3dc54b145177b3ae3671f2968798ca03aeb160059,"{""basis"":""x"",""d"":7,""p"":0.006,""rounds"":7}",
         1,         1,         0,    1.03,belief_find,0d02f2c07f1d8ae6fff2baf3dc54b145177b3ae3671f2968798ca03aeb160059,"{""basis"":""x"",""d"":7,""p"":0.006,""rounds"":7}",
         1,         0,         0,   0.985,belief_find,0d02f2c07f1d8ae6fff2baf3dc54b145177b3ae3671f2968798ca03aeb160059,"{""basis"":""x"",""d"":7,""p"":0.006,""rounds"":7}",
         1,         0,         0,    2.26,belief_find,61b66453647c0a31f60a3d02c40fbc31e29d23b7241dcb9c131c924dd2125464,"{""basis"":""x"",""d"":9,""p"":0.004,""rounds"":9}",
         1,         0,         0,    2.42,bp_osd,f61743ccff3d8a1cd76876798066ba1f0231db9250063f361c9f349986c7cfc1,"{""basis"":""x"",""d"":9,""p"":0.006,""rounds"":9}",
         3,         0,         0,    3.21,bp_osd,bde4c648d79cf1e3365396e7e32b8cc1e1780aa5479672ca740622ea9617b293,"{""basis"":""x"",""d"":7,""p"":0.006,""rounds"":7}",
         2,         0,         0,    2.15,belief_find,0d02f2c07f1d8ae6fff2baf3dc54b145177b3ae3671f2968798ca03aeb160059,"{""basis"":""x"",""d"":7,""p"":0.006,""rounds"":7}",
         1,         0,         0,    1.84,bp_osd,f61743ccff3d8a1cd76876798066ba1f0231db9250063f361c9f349986c7cfc1,"{""basis"":""x"",""d"":9,""p"":0.006,""rounds"":9}",
         1,         0,         0,    1.94,belief_find,61b66453647c0a31f60a3d02c40fbc31e29d23b7241dcb9c131c924dd2125464,"{""basis"":""x"",""d"":9,""p"":0.004,""rounds"":9}",
         1,         0,         0,    1.75,belief_find,61b66453647c0a31f60a3d02c40fbc31e29d23b7241dcb9c131c924dd2125464,"{""basis"":""x"",""d"":9,""p"":0.004,""rounds"":9}",
         3,         0,         0,    2.64,belief_find,0d02f2c07f1d8ae6fff2baf3dc54b145177b3ae3671f2968798ca03aeb160059,"{""basis"":""x"",""d"":7,""p"":0.006,""rounds"":7}",
         1,         0,         0,    2.31,bp_osd,f61743ccff3d8a1cd76876798066ba1f0231db9250063f361c9f349986c7cfc1,"{""basis"":""x"",""d"":9,""p"":0.006,""rounds"":9}",
         4,         0,         0,    3.57,bp_osd,bde4c648d79cf1e3365396e7e32b8cc1e1780aa5479672ca740622ea9617b293,"{""basis"":""x"",""d"":7,""p"":0.006,""rounds"":7}",
        33,         1,         0,    32.5,bp_osd,bea659dce592d9e7dac18f52c515962b5cbd335311a89f928680c06a69db9fa0,"{""basis"":""x"",""d"":7,""p"":0.004,""rounds"":7}",
         1,         0,         0,    2.18,belief_find,61b66453647c0a31f60a3d02c40fbc31e29d23b7241dcb9c131c924dd2125464,"{""basis"":""x"",""d"":9,""p"":0.004,""rounds"":9}",
         1,         0,         0,    2.06,bp_osd,f61743ccff3d8a1cd76876798066ba1f0231db9250063f361c9f349986c7cfc1,"{""basis"":""x"",""d"":9,""p"":0.006,""rounds"":9}",
        11,         0,         0,    23.4,bp_osd,b6dad9c90c8f2c730e10c773f02ee37f8b522e8eacb860a5f6088f55ef19c415,"{""basis"":""x"",""d"":9,""p"":0.004,""rounds"":9}",
        32,         1,         0,    32.3,belief_find,08c351f14149e77f75508015fc09a988b4c3c6d7829ffc9c3b4f3f80f7e42ed9,"{""basis"":""x"",""d"":7,""p"":0.004,""rounds"":7}",
         3,         0,         0,    2.99,belief_find,0d02f2c07f1d8ae6fff2baf3dc54b145177b3ae3671f2968798ca03aeb160059,"{""basis"":""x"",""d"":7,""p"":0.006,""rounds"":7}",
         1,         0,         0,    1.89,belief_find,61b66453647c0a31f60a3d02c40fbc31e29d23b7241dcb9c131c924dd2125464,"{""basis"":""x"",""d"":9,""p"":0.004,""rounds"":9}",
         1,         0,         0,    2.14,bp_osd,f61743ccff3d8a1cd76876798066ba1f0231db9250063f361c9f349986c7cfc1,"{""basis"":""x"",""d"":9,""p"":0.006,""rounds"":9}",
         5,         0,         0,    4.86,bp_osd,bde4c648d79cf1e3365396e7e32b8cc1e1780aa5479672ca740622ea9617b293,"{""basis"":""x"",""d"":7,""p"":0.006,""rounds"":7}",
         1,         0,         0,    2.15,belief_find,61b66453647c0a31f60a3d02c40fbc31e29d23b7241dcb9c131c924dd2125464,"{""basis"":""x"",""d"":9,""p"":0.004,""rounds"":9}",
         4,         0,         0,    3.52,belief_find,0d02f2c07f1d8ae6fff2baf3dc54b145177b3ae3671f2968798ca03aeb160059,"{""basis"":""x"",""d"":7,""p"":0.006,""rounds"":7}",
         1,         0,         0,    2.09,bp_osd,f61743ccff3d8a1cd76876798066ba1f0231db9250063f361c9f349986c7cfc1,"{""basis"":""x"",""d"":9,""p"":0.006,""rounds"":9}",
         1,         0,         0,    2.17,belief_find,61b66453647c0a31f60a3d02c40fbc31e29d23b7241dcb9c131c924dd2125464,"{""basis"":""x"",""d"":9,""p"":0.004,""rounds"":9}",
        41,         0,         0,    88.5,belief_find,50286a7a2e3fbed7ea5bbc9c7df22764c3c206917c449a465f94fc1372fb5214,"{""basis"":""x"",""d"":9,""p"":0.002,""rounds"":9}",
        89,         6,         0,    88.4,bp_osd,d97d8aa4b13209c48fd683be924d1fef96197c53329a95d507618f0d6bc13ac4,"{""basis"":""x"",""d"":7,""p"":0.008,""rounds"":7}",
        41,         1,         0,    89.4,belief_find,61b66453647c0a31f60a3d02c40fbc31e29d23b7241dcb9c131c924dd2125464,"{""basis"":""x"",""d"":9,""p"":0.004,""rounds"":9}",
         1,         0,         0,    2.33,bp_osd,f61743ccff3d8a1cd76876798066ba1f0231db9250063f361c9f349986c7cfc1,"{""basis"":""x"",""d"":9,""p"":0.006,""rounds"":9}",
        89,        16,         0,    88.7,belief_find,e2b4f4ac410d9363f40c0bd034f2631ce15a6962af45fd07ac9891d17e809a3c,"{""basis"":""x"",""d"":7,""p"":0.008,""rounds"":7}",
         1,         0,         0,    2.11,belief_find,61b66453647c0a31f60a3d02c40fbc31e29d23b7241dcb9c131c924dd2125464,"{""basis"":""x"",""d"":9,""p"":0.004,""rounds"":9}",
         1,         0,         0,    2.18,bp_osd,f61743ccff3d8a1cd76876798066ba1f0231db9250063f361c9f349986c7cfc1,"{""basis"":""x"",""d"":9,""p"":0.006,""rounds"":9}",
         5,         0,         0,    4.59,belief_find,0d02f2c07f1d8ae6fff2baf3dc54b145177b3ae3671f2968798ca03aeb160059,"{""basis"":""x"",""d"":7,""p"":0.006,""rounds"":7}",
         7,         0,         0,    6.73,bp_osd,bde4c648d79cf1e3365396e7e32b8cc1e1780aa5479672ca740622ea9617b293,"{""basis"":""x"",""d"":7,""p"":0.006,""rounds"":7}",
         1,         0,         0,    2.26,belief_find,61b66453647c0a31f60a3d02c40fbc31e29d23b7241dcb9c131c924dd2125464,"{""basis"":""x"",""d"":9,""p"":0.004,""rounds"":9}",
         1,         0,         0,    2.09,bp_osd,f61743ccff3d8a1cd76876798066ba1f0231db9250063f361c9f349986c7cfc1,"{""basis"":""x"",""d"":9,""p"":0.006,""rounds"":9}",
     17664,        27,         0,    88.4,bp_osd,1da0e12676298acb068722f0806e2392354cf9f83bb925f4e526b6dbabd44b9f,"{""basis"":""x"",""d"":5,""p"":0.002,""rounds"":5}",
        40,         0,         0,    89.5,bp_osd,2d73ea91da0935aeafe2d7ca60ec6f0e9077dde8f43e8ace1585847c2d1cd948,"{""basis"":""x"",""d"":9,""p"":0.002,""rounds"":9}",
         1,         0,         0,    2.38,belief_find,61b66453647c0a31f60a3d02c40fbc31e29d23b7241dcb9c131c924dd2125464,"{""basis"":""x"",""d"":9,""p"":0.004,""rounds"":9}",
         1,         1,         0,    2.44,bp_osd,f61743ccff3d8a1cd76876798066ba1f0231db9250063f361c9f349986c7cfc1,"{""basis"":""x"",""d"":9,""p"":0.006,""rounds"":9}",
         6,         0,         0,    6.32,belief_find,0d02f2c07f1d8ae6fff2baf3dc54b145177b3ae3671f2968798ca03aeb160059,"{""basis"":""x"",""d"":7,""p"":0.006,""rounds"":7}",
         1,         0,         0,    2.37,bp_osd,f61743ccff3d8a1cd76876798066ba1f0231db9250063f361c9f349986c7cfc1,"{""basis"":""x"",""d"":9,""p"":0.006,""rounds"":9}",
         2,         0,         0,    4.12,belief_find,61b66453647c0a31f60a3d02c40fbc31e29d23b7241dcb9c131c924dd2125464,"{""basis"":""x"",""d"":9,""p"":0.004,""rounds"":9}",
        39,         0,         0,    89.6,bp_osd,b6dad9c90c8f2c730e10c773f02ee37f8b522e8eacb860a5f6088f55ef19c415,"{""basis"":""x"",""d"":9,""p"":0.004,""rounds"":9}",
         8,         0,         0,    8.42,bp_osd,bde4c648d79cf1e3365396e7e32b8cc1e1780aa5479672ca740622ea9617b293,"{""basis"":""x"",""d"":7,""p"":0.006,""rounds"":7}",
     17536,        41,         0,    88.6,belief_find,fb346a467f737aabcb9aba63dd7faf2005530c4b22c77f1d00dacd3a7873437a,"{""basis"":""x"",""d"":5,""p"":0.002,""rounds"":5}",
         2,         0,         0,    4.33,bp_osd,f61743ccff3d8a1cd76876798066ba1f0231db9250063f361c9f349986c7cfc1,"{""basis"":""x"",""d"":9,""p"":0.006,""rounds"":9}",
         2,         0,         0,    4.37,belief_find,61b66453647c0a31f60a3d02c40fbc31e29d23b7241dcb9c131c924dd2125464,"{""basis"":""x"",""d"":9,""p"":0.004,""rounds"":9}",
        38,         2,         0,    89.4,belief_find,929d2f23fbab2e31fea8f507eea8efc347f347671a02a93806f9e90581c1bc13,"{""basis"":""x"",""d"":9,""p"":0.006,""rounds"":9}",
        40,         0,         0,    89.7,bp_osd,f61743ccff3d8a1cd76876798066ba1f0231db9250063f361c9f349986c7cfc1,"{""basis"":""x"",""d"":9,""p"":0.006,""rounds"":9}",
         9,         0,         0,    8.72,belief_find,0d02f2c07f1d8ae6fff2baf3dc54b145177b3ae3671f2968798ca03aeb160059,"{""basis"":""x"",""d"":7,""p"":0.006,""rounds"":7}",
         2,         0,         0,    4.67,bp_osd,f61743ccff3d8a1cd76876798066ba1f0231db9250063f361c9f349986c7cfc1,"{""basis"":""x"",""d"":9,""p"":0.006,""rounds"":9}",
         3,         0,         0,    6.69,belief_find,61b66453647c0a31f60a3d02c40fbc31e29d23b7241dcb9c131c924dd2125464,"{""basis"":""x"",""d"":9,""p"":0.004,""rounds"":9}",
        89,         2,         0,    88.2,bp_osd,0e39c1138d6c1114c36527bb081603ff7322700376901eea078c7a4c266aacb7,"{""basis"":""x"",""d"":7,""p"":0.002,""rounds"":7}",
         2,         0,         0,    4.63,bp_osd,f61743ccff3d8a1cd76876798066ba1f0231db9250063f361c9f349986c7cfc1,"{""basis"":""x"",""d"":9,""p"":0.006,""rounds"":9}",
        13,         0,         0,    12.5,bp_osd,bde4c648d79cf1e3365396e7e32b8cc1e1780aa5479672ca740622ea9617b293,"{""basis"":""x"",""d"":7,""p"":0.006,""rounds"":7}",
        42,         5,         0,    89.9,bp_osd,7de2ce8f480ae8106b52da5287de3b5e3a63220e82625b29377c8675e7f17c4d,"{""basis"":""x"",""d"":9,""p"":0.008,""rounds"":9}",
        16,         0,         0,    34.6,bp_osd,b6dad9c90c8f2c730e10c773f02ee37f8b522e8eacb860a5f6088f55ef19c415,"{""basis"":""x"",""d"":9,""p"":0.004,""rounds"":9}",
         3,         0,         0,    6.16,bp_osd,f61743ccff3d8a1cd76876798066ba1f0231db9250063f361c9f349986c7cfc1,"{""basis"":""x"",""d"":9,""p"":0.006,""rounds"":9}",
        13,         0,         0,    12.7,belief_find,0d02f2c07f1d8ae6fff2baf3dc54b145177b3ae3671f2968798ca03aeb160059,"{""basis"":""x"",""d"":7,""p"":0.006,""rounds"":7}",
         5,         0,         0,    9.52,belief_find,61b66453647c0a31f60a3d02c40fbc31e29d23b7241dcb9c131c924dd2125464,"{""basis"":""x"",""d"":9,""p"":0.004,""rounds"":9}",
        39,         1,         0,    90.2,belief_find,dec05d9e8d0eed19645a4c343a38ffa4ad7e069f7c117399ba2c1dab59569267,"{""basis"":""x"",""d"":9,""p"":0.008,""rounds"":9}",
         4,         0,         0,    8.84,bp_osd,f61743ccff3d8a1cd76876798066ba1f0231db9250063f361c9f349986c7cfc1,"{""basis"":""x"",""d"":9,""p"":0.006,""rounds"":9}",
        48,         0,         0,    45.7,bp_osd,bea659dce592d9e7dac18f52c515962b5cbd335311a89f928680c06a69db9fa0,"{""basis"":""x"",""d"":7,""p"":0.004,""rounds"":7}",
        94,         0,         0,    88.6,belief_find,d51b11287f46a3bcc136577b149fb14f59784df0ca4f66e423e8124e96cab3be,"{""basis"":""x"",""d"":7,""p"":0.002,""rounds"":7}",
        48,         3,         0,    45.4,belief_find,08c351f14149e77f75508015fc09a988b4c3c6d7829ffc9c3b4f3f80f7e42ed9,"{""basis"":""x"",""d"":7,""p"":0.004,""rounds"":7}",
        16,         0,         0,    16.9,bp_osd,bde4c648d79cf1e3365396e7e32b8cc1e1780aa5479672ca740622ea9617b293,"{""basis"":""x"",""d"":7,""p"":0.006,""rounds"":7}",
         5,         0,         0,    11.9,belief_find,61b66453647c0a31f60a3d02c40fbc31e29d23b7241dcb9c131c924dd2125464,"{""basis"":""x"",""d"":9,""p"":0.004,""rounds"":9}",
        18,         1,         0,    17.3,belief_find,0d02f2c07f1d8ae6fff2baf3dc54b145177b3ae3671f2968798ca03aeb160059,"{""basis"":""x"",""d"":7,""p"":0.006,""rounds"":7}",
         6,         0,         0,    13.2,bp_osd,f61743ccff3d8a1cd76876798066ba1f0231db9250063f361c9f349986c7cfc1,"{""basis"":""x"",""d"":9,""p"":0.006,""rounds"":9}",
        42,         0,         0,    90.1,bp_osd,2d73ea91da0935aeafe2d7ca60ec6f0e9077dde8f43e8ace1585847c2d1cd948,"{""basis"":""x"",""d"":9,""p"":0.002,""rounds"":9}",
        42,         0,         0,    88.3,belief_find,50286a7a2e3fbed7ea5bbc9c7df22764c3c206917c449a465f94fc1372fb5214,"{""basis"":""x"",""d"":9,""p"":0.002,""rounds"":9}",
         9,         0,         0,    18.4,belief_find,61b66453647c0a31f60a3d02c40fbc31e29d23b7241dcb9c131c924dd2125464,"{""basis"":""x"",""d"":9,""p"":0.004,""rounds"":9}",
        24,         1,         0,    23.7,bp_osd,bde4c648d79cf1e3365396e7e32b8cc1e1780aa5479672ca740622ea9617b293,"{""basis"":""x"",""d"":7,""p"":0.006,""rounds"":7}",
         8,         0,         0,    17.0,bp_osd,f61743ccff3d8a1cd76876798066ba1f0231db9250063f361c9f349986c7cfc1,"{""basis"":""x"",""d"":9,""p"":0.006,""rounds"":9}",
        23,         0,         0,    23.0,belief_find,0d02f2c07f1d8ae6fff2baf3dc54b145177b3ae3671f2968798ca03aeb160059,"{""basis"":""x"",""d"":7,""p"":0.006,""rounds"":7}",
        20,         0,         0,    45.9,bp_osd,b6dad9c90c8f2c730e10c773f02ee37f8b522e8eacb860a5f6088f55ef19c415,"{""basis"":""x"",""d"":9,""p"":0.004,""rounds"":9}",
        11,         0,         0,    23.4,belief_find,61b66453647c0a31f60a3d02c40fbc31e29d23b7241dcb9c131c924dd2125464,"{""basis"":""x"",""d"":9,""p"":0.004,""rounds"":9}",
     24576,        39,         0,   120.1,bp_osd,1da0e12676298acb068722f0806e2392354cf9f83bb925f4e526b6dbabd44b9f,"{""basis"":""x"",""d"":5,""p"":0.002,""rounds"":5}",
     24960,        55,         0,   120.2,belief_find,fb346a467f737aabcb9aba63dd7faf2005530c4b22c77f1d00dacd3a7873437a,"{""basis"":""x"",""d"":5,""p"":0.002,""rounds"":5}",
        11,         0,         0,    23.8,bp_osd,f61743ccff3d8a1cd76876798066ba1f0231db9250063f361c9f349986c7cfc1,"{""basis"":""x"",""d"":9,""p"":0.006,""rounds"":9}",
       127,         0,         0,   120.3,bp_osd,0e39c1138d6c1114c36527bb081603ff7322700376901eea078c7a4c266aacb7,"{""basis"":""x"",""d"":7,""p"":0.002,""rounds"":7}",
        35,         1,         0,    32.2,bp_osd,bde4c648d79cf1e3365396e7e32b8cc1e1780aa5479672ca740622ea9617b293,"{""basis"":""x"",""d"":7,""p"":0.006,""rounds"":7}",
       128,         1,         0,   120.0,bp_osd,bea659dce592d9e7dac18f52c515962b5cbd335311a89f928680c06a69db9fa0,"{""basis"":""x"",""d"":7,""p"":0.004,""rounds"":7}",
       127,         0,         0,   120.7,belief_find,d51b11287f46a3bcc136577b149fb14f59784df0ca4f66e423e8124e96cab3be,"{""basis"":""x"",""d"":7,""p"":0.002,""rounds"":7}",
       127,         5,         0,   120.4,belief_find,08c351f14149e77f75508015fc09a988b4c3c6d7829ffc9c3b4f3f80f7e42ed9,"{""basis"":""x"",""d"":7,""p"":0.004,""rounds"":7}",
        67,         0,         0,    63.3,bp_osd,bea659dce592d9e7dac18f52c515962b5cbd335311a89f928680c06a69db9fa0,"{""basis"":""x"",""d"":7,""p"":0.004,""rounds"":7}",
       124,         3,         0,   120.1,bp_osd,bde4c648d79cf1e3365396e7e32b8cc1e1780aa5479672ca740622ea9617b293,"{""basis"":""x"",""d"":7,""p"":0.006,""rounds"":7}",
        33,         1,         0,    32.8,belief_find,0d02f2c07f1d8ae6fff2baf3dc54b145177b3ae3671f2968798ca03aeb160059,"{""basis"":""x"",""d"":7,""p"":0.006,""rounds"":7}",
        66,         1,         0,    63.9,belief_find,08c351f14149e77f75508015fc09a988b4c3c6d7829ffc9c3b4f3f80f7e42ed9,"{""basis"":""x"",""d"":7,""p"":0.004,""rounds"":7}",
       121,         6,         0,   120.1,belief_find,0d02f2c07f1d8ae6fff2baf3dc54b145177b3ae3671f2968798ca03aeb160059,"{""basis"":""x"",""d"":7,""p"":0.006,""rounds"":7}",
        16,         1,         0,    32.8,belief_find,61b66453647c0a31f60a3d02c40fbc31e29d23b7241dcb9c131c924dd2125464,"{""basis"":""x"",""d"":9,""p"":0.004,""rounds"":9}",
       124,         7,         0,   120.0,bp_osd,d97d8aa4b13209c48fd683be924d1fef96197c53329a95d507618f0d6bc13ac4,"{""basis"":""x"",""d"":7,""p"":0.008,""rounds"":7}",
        57,         1,         0,   120.4,belief_find,61b66453647c0a31f60a3d02c40fbc31e29d23b7241dcb9c131c924dd2125464,"{""basis"":""x"",""d"":9,""p"":0.004,""rounds"":9}",
       121,        17,         0,   120.5,belief_find,e2b4f4ac410d9363f40c0bd034f2631ce15a6962af45fd07ac9891d17e809a3c,"{""basis"":""x"",""d"":7,""p"":0.008,""rounds"":7}",
        57,         1,         0,   122.1,belief_find,50286a7a2e3fbed7ea5bbc9c7df22764c3c206917c449a465f94fc1372fb5214,"{""basis"":""x"",""d"":9,""p"":0.002,""rounds"":9}",
     26112,        41,         0,   120.4,bp_osd,1da0e12676298acb068722f0806e2392354cf9f83bb925f4e526b6dbabd44b9f,"{""basis"":""x"",""d"":5,""p"":0.002,""rounds"":5}",
        16,         2,         0,    34.5,bp_osd,f61743ccff3d8a1cd76876798066ba1f0231db9250063f361c9f349986c7cfc1,"{""basis"":""x"",""d"":9,""p"":0.006,""rounds"":9}",
        56,         0,         0,   121.0,bp_osd,2d73ea91da0935aeafe2d7ca60ec6f0e9077dde8f43e8ace1585847c2d1cd948,"{""basis"":""x"",""d"":9,""p"":0.002,""rounds"":9}",
        56,         1,         0,   121.5,bp_osd,b6dad9c90c8f2c730e10c773f02ee37f8b522e8eacb860a5f6088f55ef19c415,"{""basis"":""x"",""d"":9,""p"":0.004,""rounds"":9}",
     25472,        49,         0,   120.4,belief_find,fb346a467f737aabcb9aba63dd7faf2005530c4b22c77f1d00dacd3a7873437a,"{""basis"":""x"",""d"":5,""p"":0.002,""rounds"":5}",
        57,         0,         0,   120.2,bp_osd,f61743ccff3d8a1cd76876798066ba1f0231db9250063f361c9f349986c7cfc1,"{""basis"":""x"",""d"":9,""p"":0.006,""rounds"":9}",
        56,         5,         0,   121.1,belief_find,929d2f23fbab2e31fea8f507eea8efc347f347671a02a93806f9e90581c1bc13,"{""basis"":""x"",""d"":9,""p"":0.006,""rounds"":9}",
        30,         0,         0,    65.1,bp_osd,b6dad9c90c8f2c730e10c773f02ee37f8b522e8eacb860a5f6088f55ef19c415,"{""basis"":""x"",""d"":9,""p"":0.004,""rounds"":9}",
        47,         2,         0,    45.3,bp_osd,bde4c648d79cf1e3365396e7e32b8cc1e1780aa5479672ca740622ea9617b293,"{""basis"":""x"",""d"":7,""p"":0.006,""rounds"":7}",
       128,         0,         0,   120.4,bp_osd,0e39c1138d6c1114c36527bb081603ff7322700376901eea078c7a4c266aacb7,"{""basis"":""x"",""d"":7,""p"":0.002,""rounds"":7}",
        56,         7,         0,   120.6,bp_osd,7de2ce8f480ae8106b52da5287de3b5e3a63220e82625b29377c8675e7f17c4d,"{""basis"":""x"",""d"":9,""p"":0.008,""rounds"":9}",
        47,         4,         0,    45.6,belief_find,0d02f2c07f1d8ae6fff2baf3dc54b145177b3ae3671f2968798ca03aeb160059,"{""basis"":""x"",""d"":7,""p"":0.006,""rounds"":7}",
        54,        14,         0,   121.4,belief_find,dec05d9e8d0eed19645a4c343a38ffa4ad7e069f7c117399ba2c1dab59569267,"{""basis"":""x"",""d"":9,""p"":0.008,""rounds"":9}",
       127,         0,         0,   121.2,belief_find,d51b11287f46a3bcc136577b149fb14f59784df0ca4f66e423e8124e96cab3be,"{""basis"":""x"",""d"":7,""p"":0.002,""rounds"":7}",
        20,         0,         0,    45.9,belief_find,61b66453647c0a31f60a3d02c40fbc31e29d23b7241dcb9c131c924dd2125464,"{""basis"":""x"",""d"":9,""p"":0.004,""rounds"":9}",
        19,         1,         0,    45.2,bp_osd,f61743ccff3d8a1cd76876798066ba1f0231db9250063f361c9f349986c7cfc1,"{""basis"":""x"",""d"":9,""p"":0.006,""rounds"":9}",
        57,         0,         0,   120.2,belief_find,50286a7a2e3fbed7ea5bbc9c7df22764c3c206917c449a465f94fc1372fb5214,"{""basis"":""x"",""d"":9,""p"":0.002,""rounds"":9}",
        55,         0,         0,   120.9,bp_osd,2d73ea91da0935aeafe2d7ca60ec6f0e9077dde8f43e8ace1585847c2d1cd948,"{""basis"":""x"",""d"":9,""p"":0.002,""rounds"":9}",
        92,         2,         0,    88.2,bp_osd,bea659dce592d9e7dac18f52c515962b5cbd335311a89f928680c06a69db9fa0,"{""basis"":""x"",""d"":7,""p"":0.004,""rounds"":7}",
        92,         2,         0,    88.9,belief_find,08c351f14149e77f75508015fc09a988b4c3c6d7829ffc9c3b4f3f80f7e42ed9,"{""basis"":""x"",""d"":7,""p"":0.004,""rounds"":7}",
        61,         2,         0,    63.7,bp_osd,bde4c648d79cf1e3365396e7e32b8cc1e1780aa5479672ca740622ea9617b293,"{""basis"":""x"",""d"":7,""p"":0.006,""rounds"":7}",
     24576,        50,         0,   119.9,bp_osd,1da0e12676298acb068722f0806e2392354cf9f83bb925f4e526b6dbabd44b9f,"{""basis"":""x"",""d"":5,""p"":0.002,""rounds"":5}",
     30592,        60,         0,   120.6,belief_find,fb346a467f737aabcb9aba63dd7faf2005530c4b22c77f1d00dacd3a7873437a,"{""basis"":""x"",""d"":5,""p"":0.002,""rounds"":5}",
        64,         4,         0,    63.8,belief_find,0d02f2c07f1d8ae6fff2baf3dc54b145177b3ae3671f2968798ca03aeb160059,"{""basis"":""x"",""d"":7,""p"":0.006,""rounds"":7}",
       122,         0,         0,   120.1,bp_osd,0e39c1138d6c1114c36527bb081603ff7322700376901eea078c7a4c266aacb7,"{""basis"":""x"",""d"":7,""p"":0.002,""rounds"":7}",
       123,         1,         0,   120.4,bp_osd,bea659dce592d9e7dac18f52c515962b5cbd335311a89f928680c06a69db9fa0,"{""basis"":""x"",""d"":7,""p"":0.004,""rounds"":7}",
       126,         0,         0,   120.1,belief_find,d51b11287f46a3bcc136577b149fb14f59784df0ca4f66e423e8124e96cab3be,"{""basis"":""x"",""d"":7,""p"":0.002,""rounds"":7}",
       127,         0,         0,   120.6,belief_find,08c351f14149e77f75508015fc09a988b4c3c6d7829ffc9c3b4f3f80f7e42ed9,"{""basis"":""x"",""d"":7,""p"":0.004,""rounds"":7}",
       121,         4,         0,   120.2,bp_osd,bde4c648d79cf1e3365396e7e32b8cc1e1780aa5479672ca740622ea9617b293,"{""basis"":""x"",""d"":7,""p"":0.006,""rounds"":7}",
       120,        11,         0,   120.1,belief_find,0d02f2c07f1d8ae6fff2baf3dc54b145177b3ae3671f2968798ca03aeb160059,"{""basis"":""x"",""d"":7,""p"":0.006,""rounds"":7}",
        40,         1,         0,    88.5,bp_osd,b6dad9c90c8f2c730e10c773f02ee37f8b522e8eacb860a5f6088f55ef19c415,"{""basis"":""x"",""d"":9,""p"":0.004,""rounds"":9}",
        30,         0,         0,    64.6,belief_find,61b66453647c0a31f60a3d02c40fbc31e29d23b7241dcb9c131c924dd2125464,"{""basis"":""x"",""d"":9,""p"":0.004,""rounds"":9}",
        30,         0,         0,    64.3,bp_osd,f61743ccff3d8a1cd76876798066ba1f0231db9250063f361c9f349986c7cfc1,"{""basis"":""x"",""d"":9,""p"":0.006,""rounds"":9}",
       123,        10,         0,   120.6,bp_osd,d97d8aa4b13209c48fd683be924d1fef96197c53329a95d507618f0d6bc13ac4,"{""basis"":""x"",""d"":7,""p"":0.008,""rounds"":7}",
        56,         2,         0,   120.8,belief_find,61b66453647c0a31f60a3d02c40fbc31e29d23b7241dcb9c131c924dd2125464,"{""basis"":""x"",""d"":9,""p"":0.004,""rounds"":9}",
       125,        17,         0,   120.8,belief_find,e2b4f4ac410d9363f40c0bd034f2631ce15a6962af45fd07ac9891d17e809a3c,"{""basis"":""x"",""d"":7,""p"":0.008,""rounds"":7}",
        57,         0,         0,   121.7,belief_find,50286a7a2e3fbed7ea5bbc9c7df22764c3c206917c449a465f94fc1372fb5214,"{""basis"":""x"",""d"":9,""p"":0.002,""rounds"":9}",
     24832,        40,         0,   120.0,bp_osd,1da0e12676298acb068722f0806e2392354cf9f83bb925f4e526b6dbabd44b9f,"{""basis"":""x"",""d"":5,""p"":0.002,""rounds"":5}",
        55,         0,         0,   120.1,bp_osd,2d73ea91da0935aeafe2d7ca60ec6f0e9077dde8f43e8ace1585847c2d1cd948,"{""basis"":""x"",""d"":9,""p"":0.002,""rounds"":9}",
     24704,        56,         0,   120.1,belief_find,fb346a467f737aabcb9aba63dd7faf2005530c4b22c77f1d00dacd3a7873437a,"{""basis"":""x"",""d"":5,""p"":0.002,""rounds"":5}",
        55,         0,         0,   121.7,bp_osd,b6dad9c90c8f2c730e10c773f02ee37f8b522e8eacb860a5f6088f55ef19c415,"{""basis"":""x"",""d"":9,""p"":0.004,""rounds"":9}",
        57,         2,         0,   121.0,bp_osd,f61743ccff3d8a1cd76876798066ba1f0231db9250063f361c9f349986c7cfc1,"{""basis"":""x"",""d"":9,""p"":0.006,""rounds"":9}",
        55,         2,         0,   122.0,belief_find,929d2f23fbab2e31fea8f507eea8efc347f347671a02a93806f9e90581c1bc13,"{""basis"":""x"",""d"":9,""p"":0.006,""rounds"":9}",
       126,         0,         0,   120.5,bp_osd,0e39c1138d6c1114c36527bb081603ff7322700376901eea078c7a4c266aacb7,"{""basis"":""x"",""d"":7,""p"":0.002,""rounds"":7}",
        59,         3,         0,   120.1,bp_osd,7de2ce8f480ae8106b52da5287de3b5e3a63220e82625b29377c8675e7f17c4d,"{""basis"":""x"",""d"":9,""p"":0.008,""rounds"":9}",
        60,         9,         0,   120.0,belief_find,dec05d9e8d0eed19645a4c343a38ffa4ad7e069f7c117399ba2c1dab59569267,"{""basis"":""x"",""d"":9,""p"":0.008,""rounds"":9}",
       148,         0,         0,   120.1,belief_find,d51b11287f46a3bcc136577b149fb14f59784df0ca4f66e423e8124e96cab3be,"{""basis"":""x"",""d"":7,""p"":0.002,""rounds"":7}",
       122,         3,         0,    89.2,bp_osd,bde4c648d79cf1e3365396e7e32b8cc1e1780aa5479672ca740622ea9617b293,"{""basis"":""x"",""d"":7,""p"":0.006,""rounds"":7}",
        74,         0,         0,   120.2,belief_find,50286a7a2e3fbed7ea5bbc9c7df22764c3c206917c449a465f94fc1372fb5214,"{""basis"":""x"",""d"":9,""p"":0.002,""rounds"":9}",
       115,         8,         0,    89.1,belief_find,0d02f2c07f1d8ae6fff2baf3dc54b145177b3ae3671f2968798ca03aeb160059,"{""basis"":""x"",""d"":7,""p"":0.006,""rounds"":7}",
        75,         0,         0,   120.7,bp_osd,2d73ea91da0935aeafe2d7ca60ec6f0e9077dde8f43e8ace1585847c2d1cd948,"{""basis"":""x"",""d"":9,""p"":0.002,""rounds"":9}",
       153,         2,         0,   120.0,bp_osd,bea659dce592d9e7dac18f52c515962b5cbd335311a89f928680c06a69db9fa0,"{""basis"":""x"",""d"":7,""p"":0.004,""rounds"":7}",
       158,         1,         0,   120.5,belief_find,08c351f14149e77f75508015fc09a988b4c3c6d7829ffc9c3b4f3f80f7e42ed9,"{""basis"":""x"",""d"":7,""p"":0.004,""rounds"":7}",
        60,         1,         0,    90.0,belief_find,61b66453647c0a31f60a3d02c40fbc31e29d23b7241dcb9c131c924dd2125464,"{""basis"":""x"",""d"":9,""p"":0.004,""rounds"":9}",
        58,         3,         0,    90.1,bp_osd,f61743ccff3d8a1cd76876798066ba1f0231db9250063f361c9f349986c7cfc1,"{""basis"":""x"",""d"":9,""p"":0.006,""rounds"":9}",
     37376,        56,         0,   120.6,bp_osd,1da0e12676298acb068722f0806e2392354cf9f83bb925f4e526b6dbabd44b9f,"{""basis"":""x"",""d"":5,""p"":0.002,""rounds"":5}",
     41472,        76,         0,   120.9,belief_find,fb346a467f737aabcb9aba63dd7faf2005530c4b22c77f1d00dacd3a7873437a,"{""basis"":""x"",""d"":5,""p"":0.002,""rounds"":5}",
       191,         0,         0,   120.5,bp_osd,0e39c1138d6c1114c36527bb081603ff7322700376901eea078c7a4c266aacb7,"{""basis"":""x"",""d"":7,""p"":0.002,""rounds"":7}",
       194,         1,         0,   120.7,bp_osd,bea659dce592d9e7dac18f52c515962b5cbd335311a89f928680c06a69db9fa0,"{""basis"":""x"",""d"":7,""p"":0.004,""rounds"":7}",
       151,         1,         0,   120.8,belief_find,d51b11287f46a3bcc136577b149fb14f59784df0ca4f66e423e8124e96cab3be,"{""basis"":""x"",""d"":7,""p"":0.002,""rounds"":7}",
       151,         2,         0,   120.4,belief_find,08c351f14149e77f75508015fc09a988b4c3c6d7829ffc9c3b4f3f80f7e42ed9,"{""basis"":""x"",""d"":7,""p"":0.004,""rounds"":7}",
       156,         5,         0,   120.6,bp_osd,bde4c648d79cf1e3365396e7e32b8cc1e1780aa5479672ca740622ea9617b293,"{""basis"":""x"",""d"":7,""p"":0.006,""rounds"":7}",
       151,         6,         0,   120.3,belief_find,0d02f2c07f1d8ae6fff2baf3dc54b145177b3ae3671f2968798ca03aeb160059,"{""basis"":""x"",""d"":7,""p"":0.006,""rounds"":7}",
        72,         0,         0,   121.3,bp_osd,b6dad9c90c8f2c730e10c773f02ee37f8b522e8eacb860a5f6088f55ef19c415,"{""basis"":""x"",""d"":9,""p"":0.004,""rounds"":9}",
       146,        16,         0,   120.4,bp_osd,d97d8aa4b13209c48fd683be924d1fef96197c53329a95d507618f0d6bc13ac4,"{""basis"":""x"",""d"":7,""p"":0.008,""rounds"":7}",
        70,         1,         0,   121.5,belief_find,61b66453647c0a31f60a3d02c40fbc31e29d23b7241dcb9c131c924dd2125464,"{""basis"":""x"",""d"":9,""p"":0.004,""rounds"":9}",
       143,        17,         0,   120.8,belief_find,e2b4f4ac410d9363f40c0bd034f2631ce15a6962af45fd07ac9891d17e809a3c,"{""basis"":""x"",""d"":7,""p"":0.008,""rounds"":7}",
        71,         0,         0,   120.1,belief_find,50286a7a2e3fbed7ea5bbc9c7df22764c3c206917c449a465f94fc1372fb5214,"{""basis"":""x"",""d"":9,""p"":0.002,""rounds"":9}",
     35072,        60,         0,   120.0,bp_osd,1da0e12676298acb068722f0806e2392354cf9f83bb925f4e526b6dbabd44b9f,"{""basis"":""x"",""d"":5,""p"":0.002,""rounds"":5}",
        70,         0,         0,   121.0,bp_osd,2d73ea91da0935aeafe2d7ca60ec6f0e9077dde8f43e8ace1585847c2d1cd948,"{""basis"":""x"",""d"":9,""p"":0.002,""rounds"":9}",
     32000,        80,         0,   120.4,belief_find,fb346a467f737aabcb9aba63dd7faf2005530c4b22c77f1d00dacd3a7873437a,"{""basis"":""x"",""d"":5,""p"":0.002,""rounds"":5}",
     10368,        18,         0,    45.9,belief_find,fb346a467f737aabcb9aba63dd7faf2005530c4b22c77f1d00dacd3a7873437a,"{""basis"":""x"",""d"":5,""p"":0.002,""rounds"":5}",
        72,         0,         0,   120.8,bp_osd,b6dad9c90c8f2c730e10c773f02ee37f8b522e8eacb860a5f6088f55ef19c415,"{""basis"":""x"",""d"":9,""p"":0.004,""rounds"":9}",
         1,         0,         0,    1.14,bp_osd,d97d8aa4b13209c48fd683be924d1fef96197c53329a95d507618f0d6bc13ac4,"{""basis"":""x"",""d"":7,""p"":0.008,""rounds"":7}",
         1,         1,         0,    2.62,belief_find,929d2f23fbab2e31fea8f507eea8efc347f347671a02a93806f9e90581c1bc13,"{""basis"":""x"",""d"":9,""p"":0.006,""rounds"":9}",
         1,         1,         0,   0.974,bp_osd,d97d8aa4b13209c48fd683be924d1fef96197c53329a95d507618f0d6bc13ac4,"{""basis"":""x"",""d"":7,""p"":0.008,""rounds"":7}",
         1,         0,         0,    1.08,bp_osd,d97d8aa4b13209c48fd683be924d1fef96197c53329a95d507618f0d6bc13ac4,"{""basis"":""x"",""d"":7,""p"":0.008,""rounds"":7}",
        72,         3,         0,   121.8,bp_osd,f61743ccff3d8a1cd76876798066ba1f0231db9250063f361c9f349986c7cfc1,"{""basis"":""x"",""d"":9,""p"":0.006,""rounds"":9}",
         1,         0,         0,    2.13,belief_find,929d2f23fbab2e31fea8f507eea8efc347f347671a02a93806f9e90581c1bc13,"{""basis"":""x"",""d"":9,""p"":0.006,""rounds"":9}",
         1,         1,         0,    1.17,bp_osd,d97d8aa4b13209c48fd683be924d1fef96197c53329a95d507618f0d6bc13ac4,"{""basis"":""x"",""d"":7,""p"":0.008,""rounds"":7}",
         1,         0,         0,   0.806,bp_osd,d97d8aa4b13209c48fd683be924d1fef96197c53329a95d507618f0d6bc13ac4,"{""basis"":""x"",""d"":7,""p"":0.008,""rounds"":7}",
         1,         0,         0,   0.929,bp_osd,d97d8aa4b13209c48fd683be924d1fef96197c53329a95d507618f0d6bc13ac4,"{""basis"":""x"",""d"":7,""p"":0.008,""rounds"":7}",
        69,         4,         0,   122.4,belief_find,929d2f23fbab2e31fea8f507eea8efc347f347671a02a93806f9e90581c1bc13,"{""basis"":""x"",""d"":9,""p"":0.006,""rounds"":9}",
         1,         0,         0,    2.15,belief_find,929d2f23fbab2e31fea8f507eea8efc347f347671a02a93806f9e90581c1bc13,"{""basis"":""x"",""d"":9,""p"":0.006,""rounds"":9}",
         1,         0,         0,   0.985,bp_osd,d97d8aa4b13209c48fd683be924d1fef96197c53329a95d507618f0d6bc13ac4,"{""basis"":""x"",""d"":7,""p"":0.008,""rounds"":7}",
         1,         0,         0,    1.02,bp_osd,d97d8aa4b13209c48fd683be924d1fef96197c53329a95d507618f0d6bc13ac4,"{""basis"":""x"",""d"":7,""p"":0.008,""rounds"":7}",
         1,         0,         0,    2.53,belief_find,929d2f23fbab2e31fea8f507eea8efc347f347671a02a93806f9e90581c1bc13,"{""basis"":""x"",""d"":9,""p"":0.006,""rounds"":9}",
         1,         0,         0,   1.000,bp_osd,d97d8aa4b13209c48fd683be924d1fef96197c53329a95d507618f0d6bc13ac4,"{""basis"":""x"",""d"":7,""p"":0.008,""rounds"":7}",
       148,         1,         0,   120.7,bp_osd,0e39c1138d6c1114c36527bb081603ff7322700376901eea078c7a4c266aacb7,"{""basis"":""x"",""d"":7,""p"":0.002,""rounds"":7}",
         1,         0,         0,   0.833,bp_osd,d97d8aa4b13209c48fd683be924d1fef96197c53329a95d507618f0d6bc13ac4,"{""basis"":""x"",""d"":7,""p"":0.008,""rounds"":7}",
         1,         0,         0,   0.940,bp_osd,d97d8aa4b13209c48fd683be924d1fef96197c53329a95d507618f0d6bc13ac4,"{""basis"":""x"",""d"":7,""p"":0.008,""rounds"":7}",
         1,         1,         0,    2.36,belief_find,929d2f23fbab2e31fea8f507eea8efc347f347671a02a93806f9e90581c1bc13,"{""basis"":""x"",""d"":9,""p"":0.006,""rounds"":9}",
         1,         0,         0,   0.863,bp_osd,d97d8aa4b13209c48fd683be924d1fef96197c53329a95d507618f0d6bc13ac4,"{""basis"":""x"",""d"":7,""p"":0.008,""rounds"":7}",
         1,         0,         0,    1.03,belief_find,929d2f23fbab2e31fea8f507eea8efc347f347671a02a93806f9e90581c1bc13,"{""basis"":""x"",""d"":9,""p"":0.006,""rounds"":9}",
         1,         0,         0,   0.666,bp_osd,d97d8aa4b13209c48fd683be924d1fef96197c53329a95d507618f0d6bc13ac4,"{""basis"":""x"",""d"":7,""p"":0.008,""rounds"":7}",
         1,         0,         0,   0.836,belief_find,929d2f23fbab2e31fea8f507eea8efc347f347671a02a93806f9e90581c1bc13,"{""basis"":""x"",""d"":9,""p"":0.006,""rounds"":9}",
        70,        13,         0,   120.1,bp_osd,7de2ce8f480ae8106b52da5287de3b5e3a63220e82625b29377c8675e7f17c4d,"{""basis"":""x"",""d"":9,""p"":0.008,""rounds"":9}",
         3,         0,         0,    1.27,bp_osd,d97d8aa4b13209c48fd683be924d1fef96197c53329a95d507618f0d6bc13ac4,"{""basis"":""x"",""d"":7,""p"":0.008,""rounds"":7}",
         1,         0,         0,    1.30,belief_find,929d2f23fbab2e31fea8f507eea8efc347f347671a02a93806f9e90581c1bc13,"{""basis"":""x"",""d"":9,""p"":0.006,""rounds"":9}",
         2,         0,         0,    2.00,bp_osd,d97d8aa4b13209c48fd683be924d1fef96197c53329a95d507618f0d6bc13ac4,"{""basis"":""x"",""d"":7,""p"":0.008,""rounds"":7}",
         1,         0,         0,    2.07,belief_find,929d2f23fbab2e31fea8f507eea8efc347f347671a02a93806f9e90581c1bc13,"{""basis"":""x"",""d"":9,""p"":0.006,""rounds"":9}",
         2,         0,         0,    1.87,bp_osd,d97d8aa4b13209c48fd683be924d1fef96197c53329a95d507618f0d6bc13ac4,"{""basis"":""x"",""d"":7,""p"":0.008,""rounds"":7}",
         1,         0,         0,    1.80,belief_find,929d2f23fbab2e31fea8f507eea8efc347f347671a02a93806f9e90581c1bc13,"{""basis"":""x"",""d"":9,""p"":0.006,""rounds"":9}",
         3,         0,         0,    2.79,bp_osd,d97d8aa4b13209c48fd683be924d1fef96197c53329a95d507618f0d6bc13ac4,"{""basis"":""x"",""d"":7,""p"":0.008,""rounds"":7}",
         1,         0,         0,    2.17,belief_find,929d2f23fbab2e31fea8f507eea8efc347f347671a02a93806f9e90581c1bc13,"{""basis"":""x"",""d"":9,""p"":0.006,""rounds"":9}",
        62,        15,         0,   120.8,belief_find,dec05d9e8d0eed19645a4c343a38ffa4ad7e069f7c117399ba2c1dab59569267,"{""basis"":""x"",""d"":9,""p"":0.008,""rounds"":9}",
         1,         0,         0,    2.10,belief_find,929d2f23fbab2e31fea8f507eea8efc347f347671a02a93806f9e90581c1bc13,"{""basis"":""x"",""d"":9,""p"":0.006,""rounds"":9}",
         4,         1,         0,    3.73,bp_osd,d97d8aa4b13209c48fd683be924d1fef96197c53329a95d507618f0d6bc13ac4,"{""basis"":""x"",""d"":7,""p"":0.008,""rounds"":7}",
         1,         0,         0,    2.31,belief_find,929d2f23fbab2e31fea8f507eea8efc347f347671a02a93806f9e90581c1bc13,"{""basis"":""x"",""d"":9,""p"":0.006,""rounds"":9}",
       154,         0,         0,   120.5,belief_find,d51b11287f46a3bcc136577b149fb14f59784df0ca4f66e423e8124e96cab3be,"{""basis"":""x"",""d"":7,""p"":0.002,""rounds"":7}",
         1,         0,         0,    2.32,belief_find,929d2f23fbab2e31fea8f507eea8efc347f347671a02a93806f9e90581c1bc13,"{""basis"":""x"",""d"":9,""p"":0.006,""rounds"":9}",
         6,         1,         0,    5.07,bp_osd,d97d8aa4b13209c48fd683be924d1fef96197c53329a95d507618f0d6bc13ac4,"{""basis"":""x"",""d"":7,""p"":0.008,""rounds"":7}",
         1,         0,         0,    2.09,belief_find,929d2f23fbab2e31fea8f507eea8efc347f347671a02a93806f9e90581c1bc13,"{""basis"":""x"",""d"":9,""p"":0.006,""rounds"":9}",
         1,         0,         0,    2.03,belief_find,929d2f23fbab2e31fea8f507eea8efc347f347671a02a93806f9e90581c1bc13,"{""basis"":""x"",""d"":9,""p"":0.006,""rounds"":9}",
         2,         0,         0,    3.63,belief_find,929d2f23fbab2e31fea8f507eea8efc347f347671a02a93806f9e90581c1bc13,"{""basis"":""x"",""d"":9,""p"":0.006,""rounds"":9}",
         8,         0,         0,    6.45,bp_osd,d97d8aa4b13209c48fd683be924d1fef96197c53329a95d507618f0d6bc13ac4,"{""basis"":""x"",""d"":7,""p"":0.008,""rounds"":7}",
         2,         0,         0,    4.05,belief_find,929d2f23fbab2e31fea8f507eea8efc347f347671a02a93806f9e90581c1bc13,"{""basis"":""x"",""d"":9,""p"":0.006,""rounds"":9}",
       121,         0,         0,   120.2,bp_osd,bde4c648d79cf1e3365396e7e32b8cc1e1780aa5479672ca740622ea9617b293,"{""basis"":""x"",""d"":7,""p"":0.006,""rounds"":7}",
         2,         0,         0,    4.32,belief_find,929d2f23fbab2e31fea8f507eea8efc347f347671a02a93806f9e90581c1bc13,"{""basis"":""x"",""d"":9,""p"":0.006,""rounds"":9}",
        10,         3,         0,    8.70,bp_osd,d97d8aa4b13209c48fd683be924d1fef96197c53329a95d507618f0d6bc13ac4,"{""basis"":""x"",""d"":7,""p"":0.008,""rounds"":7}",
        57,         0,         0,   120.4,belief_find,50286a7a2e3fbed7ea5bbc9c7df22764c3c206917c449a465f94fc1372fb5214,"{""basis"":""x"",""d"":9,""p"":0.002,""rounds"":9}",
       126,         8,         0,   120.4,belief_find,0d02f2c07f1d8ae6fff2baf3dc54b145177b3ae3671f2968798ca03aeb160059,"{""basis"":""x"",""d"":7,""p"":0.006,""rounds"":7}",
        57,         0,         0,   121.4,bp_osd,2d73ea91da0935aeafe2d7ca60ec6f0e9077dde8f43e8ace1585847c2d1cd948,"{""basis"":""x"",""d"":9,""p"":0.002,""rounds"":9}",
         3,         0,         0,    6.14,belief_find,929d2f23fbab2e31fea8f507eea8efc347f347671a02a93806f9e90581c1bc13,"{""basis"":""x"",""d"":9,""p"":0.006,""rounds"":9}",
       126,         2,         0,   120.2,bp_osd,bea659dce592d9e7dac18f52c515962b5cbd335311a89f928680c06a69db9fa0,"{""basis"":""x"",""d"":7,""p"":0.004,""rounds"":7}",
        14,         0,         0,    11.9,bp_osd,d97d8aa4b13209c48fd683be924d1fef96197c53329a95d507618f0d6bc13ac4,"{""basis"":""x"",""d"":7,""p"":0.008,""rounds"":7}",
       127,         1,         0,   120.2,belief_find,08c351f14149e77f75508015fc09a988b4c3c6d7829ffc9c3b4f3f80f7e42ed9,"{""basis"":""x"",""d"":7,""p"":0.004,""rounds"":7}",
         5,         0,         0,    9.18,belief_find,929d2f23fbab2e31fea8f507eea8efc347f347671a02a93806f9e90581c1bc13,"{""basis"":""x"",""d"":9,""p"":0.006,""rounds"":9}",
        56,         2,         0,   121.5,belief_find,61b66453647c0a31f60a3d02c40fbc31e29d23b7241dcb9c131c924dd2125464,"{""basis"":""x"",""d"":9,""p"":0.004,""rounds"":9}",
         7,         0,         0,    12.8,belief_find,929d2f23fbab2e31fea8f507eea8efc347f347671a02a93806f9e90581c1bc13,"{""basis"":""x"",""d"":9,""p"":0.006,""rounds"":9}",
     26624,        46,         0,   119.9,bp_osd,1da0e12676298acb068722f0806e2392354cf9f83bb925f4e526b6dbabd44b9f,"{""basis"":""x"",""d"":5,""p"":0.002,""rounds"":5}",
     18048,        36,         0,    80.9,bp_osd,1da0e12676298acb068722f0806e2392354cf9f83bb925f4e526b6dbabd44b9f,"{""basis"":""x"",""d"":5,""p"":0.002,""rounds"":5}",
       128,         0,         0,   0.464,bp_osd,1da0e12676298acb068722f0806e2392354cf9f83bb925f4e526b6dbabd44b9f,"{""basis"":""x"",""d"":5,""p"":0.002,""rounds"":5}",
        58,         3,         0,   121.4,bp_osd,f61743ccff3d8a1cd76876798066ba1f0231db9250063f361c9f349986c7cfc1,"{""basis"":""x"",""d"":9,""p"":0.006,""rounds"":9}",
        21,         2,         0,    16.7,bp_osd,d97d8aa4b13209c48fd683be924d1fef96197c53329a95d507618f0d6bc13ac4,"{""basis"":""x"",""d"":7,""p"":0.008,""rounds"":7}",
         1,         0,         0,    1.06,belief_find,e2b4f4ac410d9363f40c0bd034f2631ce15a6962af45fd07ac9891d17e809a3c,"{""basis"":""x"",""d"":7,""p"":0.008,""rounds"":7}",
         1,         0,         0,   0.981,belief_find,e2b4f4ac410d9363f40c0bd034f2631ce15a6962af45fd07ac9891d17e809a3c,"{""basis"":""x"",""d"":7,""p"":0.008,""rounds"":7}",
         1,         0,         0,   0.760,belief_find,e2b4f4ac410d9363f40c0bd034f2631ce15a6962af45fd07ac9891d17e809a3c,"{""basis"":""x"",""d"":7,""p"":0.008,""rounds"":7}",
         1,         0,         0,    1.60,bp_osd,7de2ce8f480ae8106b52da5287de3b5e3a63220e82625b29377c8675e7f17c4d,"{""basis"":""x"",""d"":9,""p"":0.008,""rounds"":9}",
         1,         0,         0,   0.600,belief_find,e2b4f4ac410d9363f40c0bd034f2631ce15a6962af45fd07ac9891d17e809a3c,"{""basis"":""x"",""d"":7,""p"":0.008,""rounds"":7}",
         1,         0,         0,   0.614,belief_find,e2b4f4ac410d9363f40c0bd034f2631ce15a6962af45fd07ac9891d17e809a3c,"{""basis"":""x"",""d"":7,""p"":0.008,""rounds"":7}",
         1,         0,         0,   0.773,belief_find,e2b4f4ac410d9363f40c0bd034f2631ce15a6962af45fd07ac9891d17e809a3c,"{""basis"":""x"",""d"":7,""p"":0.008,""rounds"":7}",
         1,         0,         0,    1.81,bp_osd,7de2ce8f480ae8106b52da5287de3b5e3a63220e82625b29377c8675e7f17c4d,"{""basis"":""x"",""d"":9,""p"":0.008,""rounds"":9}",
         1,         0,         0,   0.722,belief_find,e2b4f4ac410d9363f40c0bd034f2631ce15a6962af45fd07ac9891d17e809a3c,"{""basis"":""x"",""d"":7,""p"":0.008,""rounds"":7}",
         1,         0,         0,   0.910,belief_find,e2b4f4ac410d9363f40c0bd034f2631ce15a6962af45fd07ac9891d17e809a3c,"{""basis"":""x"",""d"":7,""p"":0.008,""rounds"":7}",
         1,         0,         0,    1.46,bp_osd,7de2ce8f480ae8106b52da5287de3b5e3a63220e82625b29377c8675e7f17c4d,"{""basis"":""x"",""d"":9,""p"":0.008,""rounds"":9}",
         1,         0,         0,   0.747,belief_find,e2b4f4ac410d9363f40c0bd034f2631ce15a6962af45fd07ac9891d17e809a3c,"{""basis"":""x"",""d"":7,""p"":0.008,""rounds"":7}",
         1,         0,         0,   0.515,belief_find,e2b4f4ac410d9363f40c0bd034f2631ce15a6962af45fd07ac9891d17e809a3c,"{""basis"":""x"",""d"":7,""p"":0.008,""rounds"":7}",
         1,         0,         0,   0.312,belief_find,e2b4f4ac410d9363f40c0bd034f2631ce15a6962af45fd07ac9891d17e809a3c,"{""basis"":""x"",""d"":7,""p"":0.008,""rounds"":7}",
         1,         0,         0,    1.69,bp_osd,7de2ce8f480ae8106b52da5287de3b5e3a63220e82625b29377c8675e7f17c4d,"{""basis"":""x"",""d"":9,""p"":0.008,""rounds"":9}",
         1,         0,         0,   0.503,belief_find,e2b4f4ac410d9363f40c0bd034f2631ce15a6962af45fd07ac9891d17e809a3c,"{""basis"":""x"",""d"":7,""p"":0.008,""rounds"":7}",
         1,         1,         0,   0.797,belief_find,e2b4f4ac410d9363f40c0bd034f2631ce15a6962af45fd07ac9891d17e809a3c,"{""basis"":""x"",""d"":7,""p"":0.008,""rounds"":7}",
         1,         0,         0,    1.68,bp_osd,7de2ce8f480ae8106b52da5287de3b5e3a63220e82625b29377c8675e7f17c4d,"{""basis"":""x"",""d"":9,""p"":0.008,""rounds"":9}",
         1,         0,         0,    1.27,belief_find,e2b4f4ac410d9363f40c0bd034f2631ce15a6962af45fd07ac9891d17e809a3c,"{""basis"":""x"",""d"":7,""p"":0.008,""rounds"":7}",
       134,         0,         0,   120.9,bp_osd,0e39c1138d6c1114c36527bb081603ff7322700376901eea078c7a4c266aacb7,"{""basis"":""x"",""d"":7,""p"":0.002,""rounds"":7}",
       132,         2,         0,   120.0,bp_osd,bea659dce592d9e7dac18f52c515962b5cbd335311a89f928680c06a69db9fa0,"{""basis"":""x"",""d"":7,""p"":0.004,""rounds"":7}",
         1,         1,         0,    2.08,bp_osd,7de2ce8f480ae8106b52da5287de3b5e3a63220e82625b29377c8675e7f17c4d,"{""basis"":""x"",""d"":9,""p"":0.008,""rounds"":9}",
       137,         0,         0,   120.5,belief_find,d51b11287f46a3bcc136577b149fb14f59784df0ca4f66e423e8124e96cab3be,"{""basis"":""x"",""d"":7,""p"":0.002,""rounds"":7}",
         2,         1,         0,    2.13,belief_find,e2b4f4ac410d9363f40c0bd034f2631ce15a6962af45fd07ac9891d17e809a3c,"{""basis"":""x"",""d"":7,""p"":0.008,""rounds"":7}",
         1,         0,         0,    1.89,bp_osd,7de2ce8f480ae8106b52da5287de3b5e3a63220e82625b29377c8675e7f17c4d,"{""basis"":""x"",""d"":9,""p"":0.008,""rounds"":9}",
       134,         3,         0,   120.5,belief_find,08c351f14149e77f75508015fc09a988b4c3c6d7829ffc9c3b4f3f80f7e42ed9,"{""basis"":""x"",""d"":7,""p"":0.004,""rounds"":7}",
         2,         1,         0,    1.79,belief_find,e2b4f4ac410d9363f40c0bd034f2631ce15a6962af45fd07ac9891d17e809a3c,"{""basis"":""x"",""d"":7,""p"":0.008,""rounds"":7}",
         9,         1,         0,    16.9,belief_find,929d2f23fbab2e31fea8f507eea8efc347f347671a02a93806f9e90581c1bc13,"{""basis"":""x"",""d"":9,""p"":0.006,""rounds"":9}",
         1,         0,         0,    2.03,bp_osd,7de2ce8f480ae8106b52da5287de3b5e3a63220e82625b29377c8675e7f17c4d,"{""basis"":""x"",""d"":9,""p"":0.008,""rounds"":9}",
       134,         6,         0,   119.9,bp_osd,bde4c648d79cf1e3365396e7e32b8cc1e1780aa5479672ca740622ea9617b293,"{""basis"":""x"",""d"":7,""p"":0.006,""rounds"":7}",
         3,         0,         0,    2.28,belief_find,e2b4f4ac410d9363f40c0bd034f2631ce15a6962af45fd07ac9891d17e809a3c,"{""basis"":""x"",""d"":7,""p"":0.008,""rounds"":7}",
         1,         0,         0,    1.79,bp_osd,7de2ce8f480ae8106b52da5287de3b5e3a63220e82625b29377c8675e7f17c4d,"{""basis"":""x"",""d"":9,""p"":0.008,""rounds"":9}",
       134,         7,         0,   120.2,belief_find,0d02f2c07f1d8ae6fff2baf3dc54b145177b3ae3671f2968798ca03aeb160059,"{""basis"":""x"",""d"":7,""p"":0.006,""rounds"":7}",
         4,         1,         0,    3.22,belief_find,e2b4f4ac410d9363f40c0bd034f2631ce15a6962af45fd07ac9891d17e809a3c,"{""basis"":""x"",""d"":7,""p"":0.008,""rounds"":7}",
         1,         0,         0,    2.26,bp_osd,7de2ce8f480ae8106b52da5287de3b5e3a63220e82625b29377c8675e7f17c4d,"{""basis"":""x"",""d"":9,""p"":0.008,""rounds"":9}",
         1,         0,         0,    1.96,bp_osd,7de2ce8f480ae8106b52da5287de3b5e3a63220e82625b29377c8675e7f17c4d,"{""basis"":""x"",""d"":9,""p"":0.008,""rounds"":9}",
        62,         0,         0,   120.9,bp_osd,b6dad9c90c8f2c730e10c773f02ee37f8b522e8eacb860a5f6088f55ef19c415,"{""basis"":""x"",""d"":9,""p"":0.004,""rounds"":9}",
         1,         0,         0,    1.72,bp_osd,7de2ce8f480ae8106b52da5287de3b5e3a63220e82625b29377c8675e7f17c4d,"{""basis"":""x"",""d"":9,""p"":0.008,""rounds"":9}",
        29,         2,         0,    23.7,bp_osd,d97d8aa4b13209c48fd683be924d1fef96197c53329a95d507618f0d6bc13ac4,"{""basis"":""x"",""d"":7,""p"":0.008,""rounds"":7}",
         5,         0,         0,    4.54,belief_find,e2b4f4ac410d9363f40c0bd034f2631ce15a6962af45fd07ac9891d17e809a3c,"{""basis"":""x"",""d"":7,""p"":0.008,""rounds"":7}",
         1,         1,         0,    2.02,bp_osd,7de2ce8f480ae8106b52da5287de3b5e3a63220e82625b29377c8675e7f17c4d,"{""basis"":""x"",""d"":9,""p"":0.008,""rounds"":9}",
         1,         0,         0,    1.72,bp_osd,7de2ce8f480ae8106b52da5287de3b5e3a63220e82625b29377c8675e7f17c4d,"{""basis"":""x"",""d"":9,""p"":0.008,""rounds"":9}",
         1,         0,         0,    1.64,bp_osd,7de2ce8f480ae8106b52da5287de3b5e3a63220e82625b29377c8675e7f17c4d,"{""basis"":""x"",""d"":9,""p"":0.008,""rounds"":9}",
         1,         0,         0,    1.78,bp_osd,7de2ce8f480ae8106b52da5287de3b5e3a63220e82625b29377c8675e7f17c4d,"{""basis"":""x"",""d"":9,""p"":0.008,""rounds"":9}",
         8,         0,         0,    6.50,belief_find,e2b4f4ac410d9363f40c0bd034f2631ce15a6962af45fd07ac9891d17e809a3c,"{""basis"":""x"",""d"":7,""p"":0.008,""rounds"":7}",
       138,        16,         0,   120.4,bp_osd,d97d8aa4b13209c48fd683be924d1fef96197c53329a95d507618f0d6bc13ac4,"{""basis"":""x"",""d"":7,""p"":0.008,""rounds"":7}",
         2,         1,         0,    3.58,bp_osd,7de2ce8f480ae8106b52da5287de3b5e3a63220e82625b29377c8675e7f17c4d,"{""basis"":""x"",""d"":9,""p"":0.008,""rounds"":9}",
       137,        19,         0,   120.5,belief_find,e2b4f4ac410d9363f40c0bd034f2631ce15a6962af45fd07ac9891d17e809a3c,"{""basis"":""x"",""d"":7,""p"":0.008,""rounds"":7}",
        63,         0,         0,   120.2,belief_find,50286a7a2e3fbed7ea5bbc9c7df22764c3c206917c449a465f94fc1372fb5214,"{""basis"":""x"",""d"":9,""p"":0.002,""rounds"":9}",
        64,         1,         0,   121.2,belief_find,61b66453647c0a31f60a3d02c40fbc31e29d23b7241dcb9c131c924dd2125464,"{""basis"":""x"",""d"":9,""p"":0.004,""rounds"":9}",
         2,         0,         0,    3.70,bp_osd,7de2ce8f480ae8106b52da5287de3b5e3a63220e82625b29377c8675e7f17c4d,"{""basis"":""x"",""d"":9,""p"":0.008,""rounds"":9}",
        12,         1,         0,    24.3,belief_find,929d2f23fbab2e31fea8f507eea8efc347f347671a02a93806f9e90581c1bc13,"{""basis"":""x"",""d"":9,""p"":0.006,""rounds"":9}",
        12,         2,         0,    9.46,belief_find,e2b4f4ac410d9363f40c0bd034f2631ce15a6962af45fd07ac9891d17e809a3c,"{""basis"":""x"",""d"":7,""p"":0.008,""rounds"":7}",
        64,         0,         0,   120.1,bp_osd,2d73ea91da0935aeafe2d7ca60ec6f0e9077dde8f43e8ace1585847c2d1cd948,"{""basis"":""x"",""d"":9,""p"":0.002,""rounds"":9}",
         3,         0,         0,    5.19,bp_osd,7de2ce8f480ae8106b52da5287de3b5e3a63220e82625b29377c8675e7f17c4d,"{""basis"":""x"",""d"":9,""p"":0.008,""rounds"":9}",
        65,         0,         0,   121.7,bp_osd,b6dad9c90c8f2c730e10c773f02ee37f8b522e8eacb860a5f6088f55ef19c415,"{""basis"":""x"",""d"":9,""p"":0.004,""rounds"":9}",
         4,         1,         0,    7.11,bp_osd,7de2ce8f480ae8106b52da5287de3b5e3a63220e82625b29377c8675e7f17c4d,"{""basis"":""x"",""d"":9,""p"":0.008,""rounds"":9}",
        65,         3,         0,   120.3,bp_osd,f61743ccff3d8a1cd76876798066ba1f0231db9250063f361c9f349986c7cfc1,"{""basis"":""x"",""d"":9,""p"":0.006,""rounds"":9}",
        15,         1,         0,    12.3,belief_find,e2b4f4ac410d9363f40c0bd034f2631ce15a6962af45fd07ac9891d17e809a3c,"{""basis"":""x"",""d"":7,""p"":0.008,""rounds"":7}",
        63,         5,         0,   120.0,belief_find,929d2f23fbab2e31fea8f507eea8efc347f347671a02a93806f9e90581c1bc13,"{""basis"":""x"",""d"":9,""p"":0.006,""rounds"":9}",
        40,         5,         0,    32.5,bp_osd,d97d8aa4b13209c48fd683be924d1fef96197c53329a95d507618f0d6bc13ac4,"{""basis"":""x"",""d"":7,""p"":0.008,""rounds"":7}",
       145,         0,         0,   120.3,bp_osd,0e39c1138d6c1114c36527bb081603ff7322700376901eea078c7a4c266aacb7,"{""basis"":""x"",""d"":7,""p"":0.002,""rounds"":7}",
         5,         0,         0,    10.0,bp_osd,7de2ce8f480ae8106b52da5287de3b5e3a63220e82625b29377c8675e7f17c4d,"{""basis"":""x"",""d"":9,""p"":0.008,""rounds"":9}",
        64,         6,         0,   120.6,bp_osd,7de2ce8f480ae8106b52da5287de3b5e3a63220e82625b29377c8675e7f17c4d,"{""basis"":""x"",""d"":9,""p"":0.008,""rounds"":9}",
        61,        11,         0,   120.1,belief_find,dec05d9e8d0eed19645a4c343a38ffa4ad7e069f7c117399ba2c1dab59569267,"{""basis"":""x"",""d"":9,""p"":0.008,""rounds"":9}",
        20,         3,         0,    16.7,belief_find,e2b4f4ac410d9363f40c0bd034f2631ce15a6962af45fd07ac9891d17e809a3c,"{""basis"":""x"",""d"":7,""p"":0.008,""rounds"":7}",
       286,         1,         0,   120.1,belief_find,d51b11287f46a3bcc136577b149fb14f59784df0ca4f66e423e8124e96cab3be,"{""basis"":""x"",""d"":7,""p"":0.002,""rounds"":7}",
         7,         1,         0,    13.3,bp_osd,7de2ce8f480ae8106b52da5287de3b5e3a63220e82625b29377c8675e7f17c4d,"{""basis"":""x"",""d"":9,""p"":0.008,""rounds"":9}",
        18,         0,         0,    34.1,belief_find,929d2f23fbab2e31fea8f507eea8efc347f347671a02a93806f9e90581c1bc13,"{""basis"":""x"",""d"":9,""p"":0.006,""rounds"":9}",
       142,         4,         0,   120.2,bp_osd,bde4c648d79cf1e3365396e7e32b8cc1e1780aa5479672ca740622ea9617b293,"{""basis"":""x"",""d"":7,""p"":0.006,""rounds"":7}",
        10,         1,         0,    18.3,bp_osd,7de2ce8f480ae8106b52da5287de3b5e3a63220e82625b29377c8675e7f17c4d,"{""basis"":""x"",""d"":9,""p"":0.008,""rounds"":9}",
        28,         3,         0,    23.1,belief_find,e2b4f4ac410d9363f40c0bd034f2631ce15a6962af45fd07ac9891d17e809a3c,"{""basis"":""x"",""d"":7,""p"":0.008,""rounds"":7}",
        66,         0,         0,   120.4,belief_find,50286a7a2e3fbed7ea5bbc9c7df22764c3c206917c449a465f94fc1372fb5214,"{""basis"":""x"",""d"":9,""p"":0.002,""rounds"":9}",
       143,         9,         0,   120.4,belief_find,0d02f2c07f1d8ae6fff2baf3dc54b145177b3ae3671f2968798ca03aeb160059,"{""basis"":""x"",""d"":7,""p"":0.006,""rounds"":7}",
        66,         0,         0,   120.6,bp_osd,2d73ea91da0935aeafe2d7ca60ec6f0e9077dde8f43e8ace1585847c2d1cd948,"{""basis"":""x"",""d"":9,""p"":0.002,""rounds"":9}",
        56,         4,         0,    45.3,bp_osd,d97d8aa4b13209c48fd683be924d1fef96197c53329a95d507618f0d6bc13ac4,"{""basis"":""x"",""d"":7,""p"":0.008,""rounds"":7}",
       146,         1,         0,   120.2,bp_osd,bea659dce592d9e7dac18f52c515962b5cbd335311a89f928680c06a69db9fa0,"{""basis"":""x"",""d"":7,""p"":0.004,""rounds"":7}",
       148,         3,         0,   120.0,belief_find,08c351f14149e77f75508015fc09a988b4c3c6d7829ffc9c3b4f3f80f7e42ed9,"{""basis"":""x"",""d"":7,""p"":0.004,""rounds"":7}",
        66,         2,         0,   120.9,belief_find,61b66453647c0a31f60a3d02c40fbc31e29d23b7241dcb9c131c924dd2125464,"{""basis"":""x"",""d"":9,""p"":0.004,""rounds"":9}",
        13,         1,         0,    24.0,bp_osd,7de2ce8f480ae8106b52da5287de3b5e3a63220e82625b29377c8675e7f17c4d,"{""basis"":""x"",""d"":9,""p"":0.008,""rounds"":9}",
        24,         2,         0,    45.9,belief_find,929d2f23fbab2e31fea8f507eea8efc347f347671a02a93806f9e90581c1bc13,"{""basis"":""x"",""d"":9,""p"":0.006,""rounds"":9}",
        66,         3,         0,   120.8,bp_osd,f61743ccff3d8a1cd76876798066ba1f0231db9250063f361c9f349986c7cfc1,"{""basis"":""x"",""d"":9,""p"":0.006,""rounds"":9}",
        40,         8,         0,    32.6,belief_find,e2b4f4ac410d9363f40c0bd034f2631ce15a6962af45fd07ac9891d17e809a3c,"{""basis"":""x"",""d"":7,""p"":0.008,""rounds"":7}",
       145,         0,         0,   120.2,bp_osd,0e39c1138d6c1114c36527bb081603ff7322700376901eea078c7a4c266aacb7,"{""basis"":""x"",""d"":7,""p"":0.002,""rounds"":7}",
       148,         0,         0,   120.6,bp_osd,bea659dce592d9e7dac18f52c515962b5cbd335311a89f928680c06a69db9fa0,"{""basis"":""x"",""d"":7,""p"":0.004,""rounds"":7}",
       152,         0,         0,   120.4,belief_find,d51b11287f46a3bcc136577b149fb14f59784df0ca4f66e423e8124e96cab3be,"{""basis"":""x"",""d"":7,""p"":0.002,""rounds"":7}",
       148,         3,         0,   120.6,belief_find,08c351f14149e77f75508015fc09a988b4c3c6d7829ffc9c3b4f3f80f7e42ed9,"{""basis"":""x"",""d"":7,""p"":0.004,""rounds"":7}",
       145,         4,         0,   120.1,bp_osd,bde4c648d79cf1e3365396e7e32b8cc1e1780aa5479672ca740622ea9617b293,"{""basis"":""x"",""d"":7,""p"":0.006,""rounds"":7}",
       146,         4,         0,   120.1,belief_find,0d02f2c07f1d8ae6fff2baf3dc54b145177b3ae3671f2968798ca03aeb160059,"{""basis"":""x"",""d"":7,""p"":0.006,""rounds"":7}",
        65,         2,         0,   120.5,bp_osd,b6dad9c90c8f2c730e10c773f02ee37f8b522e8eacb860a5f6088f55ef19c415,"{""basis"":""x"",""d"":9,""p"":0.004,""rounds"":9}",
        18,         3,         0,    32.7,bp_osd,7de2ce8f480ae8106b52da5287de3b5e3a63220e82625b29377c8675e7f17c4d,"{""basis"":""x"",""d"":9,""p"":0.008,""rounds"":9}",
       146,        14,         0,   120.2,bp_osd,d97d8aa4b13209c48fd683be924d1fef96197c53329a95d507618f0d6bc13ac4,"{""basis"":""x"",""d"":7,""p"":0.008,""rounds"":7}",
       145,        18,         0,   120.7,belief_find,e2b4f4ac410d9363f40c0bd034f2631ce15a6962af45fd07ac9891d17e809a3c,"{""basis"":""x"",""d"":7,""p"":0.008,""rounds"":7}",
        68,         0,         0,   121.1,belief_find,50286a7a2e3fbed7ea5bbc9c7df22764c3c206917c449a465f94fc1372fb5214,"{""basis"":""x"",""d"":9,""p"":0.002,""rounds"":9}",
        66,         2,         0,   121.3,belief_find,61b66453647c0a31f60a3d02c40fbc31e29d23b7241dcb9c131c924dd2125464,"{""basis"":""x"",""d"":9,""p"":0.004,""rounds"":9}",
        68,         0,         0,   121.5,bp_osd,2d73ea91da0935aeafe2d7ca60ec6f0e9077dde8f43e8ace1585847c2d1cd948,"{""basis"":""x"",""d"":9,""p"":0.002,""rounds"":9}",
        84,         8,         0,    63.5,bp_osd,d97d8aa4b13209c48fd683be924d1fef96197c53329a95d507618f0d6bc13ac4,"{""basis"":""x"",""d"":7,""p"":0.008,""rounds"":7}",
        57,         4,         0,    45.2,belief_find,e2b4f4ac410d9363f40c0bd034f2631ce15a6962af45fd07ac9891d17e809a3c,"{""basis"":""x"",""d"":7,""p"":0.008,""rounds"":7}",
        68,         0,         0,   121.2,bp_osd,b6dad9c90c8f2c730e10c773f02ee37f8b522e8eacb860a5f6088f55ef19c415,"{""basis"":""x"",""d"":9,""p"":0.004,""rounds"":9}",
        68,         1,         0,   120.5,bp_osd,f61743ccff3d8a1cd76876798066ba1f0231db9250063f361c9f349986c7cfc1,"{""basis"":""x"",""d"":9,""p"":0.006,""rounds"":9}",
        69,         8,         0,   121.8,belief_find,929d2f23fbab2e31fea8f507eea8efc347f347671a02a93806f9e90581c1bc13,"{""basis"":""x"",""d"":9,""p"":0.006,""rounds"":9}",
       148,         0,         0,   119.9,bp_osd,0e39c1138d6c1114c36527bb081603ff7322700376901eea078c7a4c266aacb7,"{""basis"":""x"",""d"":7,""p"":0.002,""rounds"":7}",
        67,         9,         0,   120.2,bp_osd,7de2ce8f480ae8106b52da5287de3b5e3a63220e82625b29377c8675e7f17c4d,"{""basis"":""x"",""d"":9,""p"":0.008,""rounds"":9}",
        35,         3,         0,    63.3,belief_find,929d2f23fbab2e31fea8f507eea8efc347f347671a02a93806f9e90581c1bc13,"{""basis"":""x"",""d"":9,""p"":0.006,""rounds"":9}",
        64,        12,         0,   120.8,belief_find,dec05d9e8d0eed19645a4c343a38ffa4ad7e069f7c117399ba2c1dab59569267,"{""basis"":""x"",""d"":9,""p"":0.008,""rounds"":9}",
       298,         0,         0,   120.3,belief_find,d51b11287f46a3bcc136577b149fb14f59784df0ca4f66e423e8124e96cab3be,"{""basis"":""x"",""d"":7,""p"":0.002,""rounds"":7}",
        26,         2,         0,    46.7,bp_osd,7de2ce8f480ae8106b52da5287de3b5e3a63220e82625b29377c8675e7f17c4d,"{""basis"":""x"",""d"":9,""p"":0.008,""rounds"":9}",
       148,         4,         0,   120.1,bp_osd,bde4c648d79cf1e3365396e7e32b8cc1e1780aa5479672ca740622ea9617b293,"{""basis"":""x"",""d"":7,""p"":0.006,""rounds"":7}",
        67,         0,         0,   120.8,belief_find,50286a7a2e3fbed7ea5bbc9c7df22764c3c206917c449a465f94fc1372fb5214,"{""basis"":""x"",""d"":9,""p"":0.002,""rounds"":9}",
       150,         8,         0,   120.5,belief_find,0d02f2c07f1d8ae6fff2baf3dc54b145177b3ae3671f2968798ca03aeb160059,"{""basis"":""x"",""d"":7,""p"":0.006,""rounds"":7}",
        66,         0,         0,   120.5,bp_osd,2d73ea91da0935aeafe2d7ca60ec6f0e9077dde8f43e8ace1585847c2d1cd948,"{""basis"":""x"",""d"":9,""p"":0.002,""rounds"":9}",
       148,         1,         0,   120.1,bp_osd,bea659dce592d9e7dac18f52c515962b5cbd335311a89f928680c06a69db9fa0,"{""basis"":""x"",""d"":7,""p"":0.004,""rounds"":7}",
       149,         4,         0,   120.5,belief_find,08c351f14149e77f75508015fc09a988b4c3c6d7829ffc9c3b4f3f80f7e42ed9,"{""basis"":""x"",""d"":7,""p"":0.004,""rounds"":7}",
        66,         0,         0,   121.0,belief_find,61b66453647c0a31f60a3d02c40fbc31e29d23b7241dcb9c131c924dd2125464,"{""basis"":""x"",""d"":9,""p"":0.004,""rounds"":9}",
        77,         6,         0,    63.8,belief_find,e2b4f4ac410d9363f40c0bd034f2631ce15a6962af45fd07ac9891d17e809a3c,"{""basis"":""x"",""d"":7,""p"":0.008,""rounds"":7}",
        68,         2,         0,   121.6,bp_osd,f61743ccff3d8a1cd76876798066ba1f0231db9250063f361c9f349986c7cfc1,"{""basis"":""x"",""d"":9,""p"":0.006,""rounds"":9}",
       149,         0,         0,   120.7,bp_osd,0e39c1138d6c1114c36527bb081603ff7322700376901eea078c7a4c266aacb7,"{""basis"":""x"",""d"":7,""p"":0.002,""rounds"":7}",
       147,         1,         0,   120.6,bp_osd,bea659dce592d9e7dac18f52c515962b5cbd335311a89f928680c06a69db9fa0,"{""basis"":""x"",""d"":7,""p"":0.004,""rounds"":7}",
       147,         0,         0,   120.2,belief_find,d51b11287f46a3bcc136577b149fb14f59784df0ca4f66e423e8124e96cab3be,"{""basis"":""x"",""d"":7,""p"":0.002,""rounds"":7}",
       109,         4,         0,    88.7,bp_osd,d97d8aa4b13209c48fd683be924d1fef96197c53329a95d507618f0d6bc13ac4,"{""basis"":""x"",""d"":7,""p"":0.008,""rounds"":7}",
       148,         4,         0,   120.3,belief_find,08c351f14149e77f75508015fc09a988b4c3c6d7829ffc9c3b4f3f80f7e42ed9,"{""basis"":""x"",""d"":7,""p"":0.004,""rounds"":7}",
       145,         3,         0,   120.6,bp_osd,bde4c648d79cf1e3365396e7e32b8cc1e1780aa5479672ca740622ea9617b293,"{""basis"":""x"",""d"":7,""p"":0.006,""rounds"":7}",
        35,         6,         0,    63.0,bp_osd,7de2ce8f480ae8106b52da5287de3b5e3a63220e82625b29377c8675e7f17c4d,"{""basis"":""x"",""d"":9,""p"":0.008,""rounds"":9}",
       146,        10,         0,   120.7,belief_find,0d02f2c07f1d8ae6fff2baf3dc54b145177b3ae3671f2968798ca03aeb160059,"{""basis"":""x"",""d"":7,""p"":0.006,""rounds"":7}",
        66,         0,         0,   121.7,bp_osd,b6dad9c90c8f2c730e10c773f02ee37f8b522e8eacb860a5f6088f55ef19c415,"{""basis"":""x"",""d"":9,""p"":0.004,""rounds"":9}",
        48,         7,         0,    88.3,belief_find,929d2f23fbab2e31fea8f507eea8efc347f347671a02a93806f9e90581c1bc13,"{""basis"":""x"",""d"":9,""p"":0.006,""rounds"":9}",
       150,        18,         0,   120.3,bp_osd,d97d8aa4b13209c48fd683be924d1fef96197c53329a95d507618f0d6bc13ac4,"{""basis"":""x"",""d"":7,""p"":0.008,""rounds"":7}",
       143,        17,         0,   120.0,belief_find,e2b4f4ac410d9363f40c0bd034f2631ce15a6962af45fd07ac9891d17e809a3c,"{""basis"":""x"",""d"":7,""p"":0.008,""rounds"":7}",
        66,         0,         0,   120.5,belief_find,50286a7a2e3fbed7ea5bbc9c7df22764c3c206917c449a465f94fc1372fb5214,"{""basis"":""x"",""d"":9,""p"":0.002,""rounds"":9}",
        66,         0,         0,   120.3,belief_find,61b66453647c0a31f60a3d02c40fbc31e29d23b7241dcb9c131c924dd2125464,"{""basis"":""x"",""d"":9,""p"":0.004,""rounds"":9}",
        66,         0,         0,   120.2,bp_osd,2d73ea91da0935aeafe2d7ca60ec6f0e9077dde8f43e8ace1585847c2d1cd948,"{""basis"":""x"",""d"":9,""p"":0.002,""rounds"":9}",
        66,         1,         0,   121.0,bp_osd,b6dad9c90c8f2c730e10c773f02ee37f8b522e8eacb860a5f6088f55ef19c415,"{""basis"":""x"",""d"":9,""p"":0.004,""rounds"":9}",
        67,         0,         0,   121.6,bp_osd,f61743ccff3d8a1cd76876798066ba1f0231db9250063f361c9f349986c7cfc1,"{""basis"":""x"",""d"":9,""p"":0.006,""rounds"":9}",
        64,         2,         0,   120.9,belief_find,929d2f23fbab2e31fea8f507eea8efc347f347671a02a93806f9e90581c1bc13,"{""basis"":""x"",""d"":9,""p"":0.006,""rounds"":9}",
       149,         1,         0,   120.8,bp_osd,0e39c1138d6c1114c36527bb081603ff7322700376901eea078c7a4c266aacb7,"{""basis"":""x"",""d"":7,""p"":0.002,""rounds"":7}",
        65,         4,         0,   121.2,bp_osd,7de2ce8f480ae8106b52da5287de3b5e3a63220e82625b29377c8675e7f17c4d,"{""basis"":""x"",""d"":9,""p"":0.008,""rounds"":9}",
        63,        11,         0,   121.1,belief_find,dec05d9e8d0eed19645a4c343a38ffa4ad7e069f7c117399ba2c1dab59569267,"{""basis"":""x"",""d"":9,""p"":0.008,""rounds"":9}",
       206,         0,         0,   120.5,belief_find,d51b11287f46a3bcc136577b149fb14f59784df0ca4f66e423e8124e96cab3be,"{""basis"":""x"",""d"":7,""p"":0.002,""rounds"":7}",
       107,        11,         0,    88.5,belief_find,e2b4f4ac410d9363f40c0bd034f2631ce15a6962af45fd07ac9891d17e809a3c,"{""basis"":""x"",""d"":7,""p"":0.008,""rounds"":7}",
       145,         7,         0,   120.4,bp_osd,bde4c648d79cf1e3365396e7e32b8cc1e1780aa5479672ca740622ea9617b293,"{""basis"":""x"",""d"":7,""p"":0.006,""rounds"":7}",
       147,         3,         0,   120.0,belief_find,0d02f2c07f1d8ae6fff2baf3dc54b145177b3ae3671f2968798ca03aeb160059,"{""basis"":""x"",""d"":7,""p"":0.006,""rounds"":7}",
        67,         0,         0,   121.6,belief_find,50286a7a2e3fbed7ea5bbc9c7df22764c3c206917c449a465f94fc1372fb5214,"{""basis"":""x"",""d"":9,""p"":0.002,""rounds"":9}",
        67,         0,         0,   121.4,bp_osd,2d73ea91da0935aeafe2d7ca60ec6f0e9077dde8f43e8ace1585847c2d1cd948,"{""basis"":""x"",""d"":9,""p"":0.002,""rounds"":9}",
       146,         1,         0,   120.1,bp_osd,bea659dce592d9e7dac18f52c515962b5cbd335311a89f928680c06a69db9fa0,"{""basis"":""x"",""d"":7,""p"":0.004,""rounds"":7}",
       147,         4,         0,   120.9,belief_find,08c351f14149e77f75508015fc09a988b4c3c6d7829ffc9c3b4f3f80f7e42ed9,"{""basis"":""x"",""d"":7,""p"":0.004,""rounds"":7}",
        48,         5,         0,    89.5,bp_osd,7de2ce8f480ae8106b52da5287de3b5e3a63220e82625b29377c8675e7f17c4d,"{""basis"":""x"",""d"":9,""p"":0.008,""rounds"":9}",
        65,         1,         0,   120.3,belief_find,61b66453647c0a31f60a3d02c40fbc31e29d23b7241dcb9c131c924dd2125464,"{""basis"":""x"",""d"":9,""p"":0.004,""rounds"":9}",
        65,         4,         0,   120.3,bp_osd,f61743ccff3d8a1cd76876798066ba1f0231db9250063f361c9f349986c7cfc1,"{""basis"":""x"",""d"":9,""p"":0.006,""rounds"":9}",
       143,         0,         0,   120.3,bp_osd,0e39c1138d6c1114c36527bb081603ff7322700376901eea078c7a4c266aacb7,"{""basis"":""x"",""d"":7,""p"":0.002,""rounds"":7}",
       146,         0,         0,   120.6,bp_osd,bea659dce592d9e7dac18f52c515962b5cbd335311a89f928680c06a69db9fa0,"{""basis"":""x"",""d"":7,""p"":0.004,""rounds"":7}",
       146,         0,         0,   120.5,belief_find,d51b11287f46a3bcc136577b149fb14f59784df0ca4f66e423e8124e96cab3be,"{""basis"":""x"",""d"":7,""p"":0.002,""rounds"":7}",
       144,         7,         0,   120.5,bp_osd,d97d8aa4b13209c48fd683be924d1fef96197c53329a95d507618f0d6bc13ac4,"{""basis"":""x"",""d"":7,""p"":0.008,""rounds"":7}",
       146,         2,         0,   120.8,belief_find,08c351f14149e77f75508015fc09a988b4c3c6d7829ffc9c3b4f3f80f7e42ed9,"{""basis"":""x"",""d"":7,""p"":0.004,""rounds"":7}",
       144,         2,         0,   120.0,bp_osd,bde4c648d79cf1e3365396e7e32b8cc1e1780aa5479672ca740622ea9617b293,"{""basis"":""x"",""d"":7,""p"":0.006,""rounds"":7}",
       143,         9,         0,   120.4,belief_find,0d02f2c07f1d8ae6fff2baf3dc54b145177b3ae3671f2968798ca03aeb160059,"{""basis"":""x"",""d"":7,""p"":0.006,""rounds"":7}",
        64,         0,         0,   120.7,bp_osd,b6dad9c90c8f2c730e10c773f02ee37f8b522e8eacb860a5f6088f55ef19c415,"{""basis"":""x"",""d"":9,""p"":0.004,""rounds"":9}",
        63,         5,         0,   120.8,belief_find,929d2f23fbab2e31fea8f507eea8efc347f347671a02a93806f9e90581c1bc13,"{""basis"":""x"",""d"":9,""p"":0.006,""rounds"":9}",
       139,         8,         0,   120.3,bp_osd,d97d8aa4b13209c48fd683be924d1fef96197c53329a95d507618f0d6bc13ac4,"{""basis"":""x"",""d"":7,""p"":0.008,""rounds"":7}",
       139,        18,         0,   120.7,belief_find,e2b4f4ac410d9363f40c0bd034f2631ce15a6962af45fd07ac9891d17e809a3c,"{""basis"":""x"",""d"":7,""p"":0.008,""rounds"":7}",
        64,         0,         0,   121.2,belief_find,50286a7a2e3fbed7ea5bbc9c7df22764c3c206917c449a465f94fc1372fb5214,"{""basis"":""x"",""d"":9,""p"":0.002,""rounds"":9}",
        64,         0,         0,   121.3,belief_find,61b66453647c0a31f60a3d02c40fbc31e29d23b7241dcb9c131c924dd2125464,"{""basis"":""x"",""d"":9,""p"":0.004,""rounds"":9}",
        64,         0,         0,   120.0,bp_osd,2d73ea91da0935aeafe2d7ca60ec6f0e9077dde8f43e8ace1585847c2d1cd948,"{""basis"":""x"",""d"":9,""p"":0.002,""rounds"":9}",
        65,         0,         0,   121.4,bp_osd,b6dad9c90c8f2c730e10c773f02ee37f8b522e8eacb860a5f6088f55ef19c415,"{""basis"":""x"",""d"":9,""p"":0.004,""rounds"":9}",
        65,         3,         0,   120.5,bp_osd,f61743ccff3d8a1cd76876798066ba1f0231db9250063f361c9f349986c7cfc1,"{""basis"":""x"",""d"":9,""p"":0.006,""rounds"":9}",
        62,         6,         0,   120.7,belief_find,929d2f23fbab2e31fea8f507eea8efc347f347671a02a93806f9e90581c1bc13,"{""basis"":""x"",""d"":9,""p"":0.006,""rounds"":9}",
       145,         0,         0,   120.2,bp_osd,0e39c1138d6c1114c36527bb081603ff7322700376901eea078c7a4c266aacb7,"{""basis"":""x"",""d"":7,""p"":0.002,""rounds"":7}",
        65,         5,         0,   121.0,bp_osd,7de2ce8f480ae8106b52da5287de3b5e3a63220e82625b29377c8675e7f17c4d,"{""basis"":""x"",""d"":9,""p"":0.008,""rounds"":9}",
        62,         8,         0,   120.7,belief_find,dec05d9e8d0eed19645a4c343a38ffa4ad7e069f7c117399ba2c1dab59569267,"{""basis"":""x"",""d"":9,""p"":0.008,""rounds"":9}",
       146,         1,         0,   120.7,belief_find,d51b11287f46a3bcc136577b149fb14f59784df0ca4f66e423e8124e96cab3be,"{""basis"":""x"",""d"":7,""p"":0.002,""rounds"":7}",
       141,        13,         0,   120.7,belief_find,e2b4f4ac410d9363f40c0bd034f2631ce15a6962af45fd07ac9891d17e809a3c,"{""basis"":""x"",""d"":7,""p"":0.008,""rounds"":7}",
       141,         4,         0,   120.2,bp_osd,bde4c648d79cf1e3365396e7e32b8cc1e1780aa5479672ca740622ea9617b293,"{""basis"":""x"",""d"":7,""p"":0.006,""rounds"":7}",
       139,         4,         0,   120.3,belief_find,0d02f2c07f1d8ae6fff2baf3dc54b145177b3ae3671f2968798ca03aeb160059,"{""basis"":""x"",""d"":7,""p"":0.006,""rounds"":7}",
        65,         0,         0,   121.3,belief_find,50286a7a2e3fbed7ea5bbc9c7df22764c3c206917c449a465f94fc1372fb5214,"{""basis"":""x"",""d"":9,""p"":0.002,""rounds"":9}",
        63,         0,         0,   120.0,bp_osd,2d73ea91da0935aeafe2d7ca60ec6f0e9077dde8f43e8ace1585847c2d1cd948,"{""basis"":""x"",""d"":9,""p"":0.002,""rounds"":9}",
       139,         0,         0,   120.4,bp_osd,bea659dce592d9e7dac18f52c515962b5cbd335311a89f928680c06a69db9fa0,"{""basis"":""x"",""d"":7,""p"":0.004,""rounds"":7}",
       143,         2,         0,   120.4,belief_find,08c351f14149e77f75508015fc09a988b4c3c6d7829ffc9c3b4f3f80f7e42ed9,"{""basis"":""x"",""d"":7,""p"":0.004,""rounds"":7}",
        64,         3,         0,   120.4,bp_osd,7de2ce8f480ae8106b52da5287de3b5e3a63220e82625b29377c8675e7f17c4d,"{""basis"":""x"",""d"":9,""p"":0.008,""rounds"":9}",
        65,         0,         0,   120.1,belief_find,61b66453647c0a31f60a3d02c40fbc31e29d23b7241dcb9c131c924dd2125464,"{""basis"":""x"",""d"":9,""p"":0.004,""rounds"":9}",
        65,         2,         0,   121.3,bp_osd,f61743ccff3d8a1cd76876798066ba1f0231db9250063f361c9f349986c7cfc1,"{""basis"":""x"",""d"":9,""p"":0.006,""rounds"":9}",
       148,         0,         0,   120.0,bp_osd,0e39c1138d6c1114c36527bb081603ff7322700376901eea078c7a4c266aacb7,"{""basis"":""x"",""d"":7,""p"":0.002,""rounds"":7}",
       147,         1,         0,   120.2,bp_osd,bea659dce592d9e7dac18f52c515962b5cbd335311a89f928680c06a69db9fa0,"{""basis"":""x"",""d"":7,""p"":0.004,""rounds"":7}",
       150,         0,         0,   120.5,belief_find,d51b11287f46a3bcc136577b149fb14f59784df0ca4f66e423e8124e96cab3be,"{""basis"":""x"",""d"":7,""p"":0.002,""rounds"":7}",
       147,         5,         0,   120.4,bp_osd,d97d8aa4b13209c48fd683be924d1fef96197c53329a95d507618f0d6bc13ac4,"{""basis"":""x"",""d"":7,""p"":0.008,""rounds"":7}",
       150,         2,         0,   120.3,belief_find,08c351f14149e77f75508015fc09a988b4c3c6d7829ffc9c3b4f3f80f7e42ed9,"{""basis"":""x"",""d"":7,""p"":0.004,""rounds"":7}",
       147,         6,         0,   120.6,bp_osd,bde4c648d79cf1e3365396e7e32b8cc1e1780aa5479672ca740622ea9617b293,"{""basis"":""x"",""d"":7,""p"":0.006,""rounds"":7}",
       147,         8,         0,   120.4,belief_find,0d02f2c07f1d8ae6fff2baf3dc54b145177b3ae3671f2968798ca03aeb160059,"{""basis"":""x"",""d"":7,""p"":0.006,""rounds"":7}",
        67,         0,         0,   120.8,bp_osd,b6dad9c90c8f2c730e10c773f02ee37f8b522e8eacb860a5f6088f55ef19c415,"{""basis"":""x"",""d"":9,""p"":0.004,""rounds"":9}",
        66,         8,         0,   120.4,belief_find,929d2f23fbab2e31fea8f507eea8efc347f347671a02a93806f9e90581c1bc13,"{""basis"":""x"",""d"":9,""p"":0.006,""rounds"":9}",
       149,         7,         0,   120.2,bp_osd,d97d8aa4b13209c48fd683be924d1fef96197c53329a95d507618f0d6bc13ac4,"{""basis"":""x"",""d"":7,""p"":0.008,""rounds"":7}",
       148,        17,         0,   120.3,belief_find,e2b4f4ac410d9363f40c0bd034f2631ce15a6962af45fd07ac9891d17e809a3c,"{""basis"":""x"",""d"":7,""p"":0.008,""rounds"":7}",
        68,         1,         0,   120.7,belief_find,61b66453647c0a31f60a3d02c40fbc31e29d23b7241dcb9c131c924dd2125464,"{""basis"":""x"",""d"":9,""p"":0.004,""rounds"":9}",
        70,         0,         0,   121.1,belief_find,50286a7a2e3fbed7ea5bbc9c7df22764c3c206917c449a465f94fc1372fb5214,"{""basis"":""x"",""d"":9,""p"":0.002,""rounds"":9}",
        69,         0,         0,   120.4,bp_osd,2d73ea91da0935aeafe2d7ca60ec6f0e9077dde8f43e8ace1585847c2d1cd948,"{""basis"":""x"",""d"":9,""p"":0.002,""rounds"":9}",
        70,         0,         0,   120.4,bp_osd,b6dad9c90c8f2c730e10c773f02ee37f8b522e8eacb860a5f6088f55ef19c415,"{""basis"":""x"",""d"":9,""p"":0.004,""rounds"":9}",
        71,         2,         0,   120.9,bp_osd,f61743ccff3d8a1cd76876798066ba1f0231db9250063f361c9f349986c7cfc1,"{""basis"":""x"",""d"":9,""p"":0.006,""rounds"":9}",
        69,         2,         0,   121.2,belief_find,929d2f23fbab2e31fea8f507eea8efc347f347671a02a93806f9e90581c1bc13,"{""basis"":""x"",""d"":9,""p"":0.006,""rounds"":9}",
       158,         0,         0,   120.4,bp_osd,0e39c1138d6c1114c36527bb081603ff7322700376901eea078c7a4c266aacb7,"{""basis"":""x"",""d"":7,""p"":0.002,""rounds"":7}",
        71,         5,         0,   121.2,bp_osd,7de2ce8f480ae8106b52da5287de3b5e3a63220e82625b29377c8675e7f17c4d,"{""basis"":""x"",""d"":9,""p"":0.008,""rounds"":9}",
        67,        10,         0,   121.4,belief_find,dec05d9e8d0eed19645a4c343a38ffa4ad7e069f7c117399ba2c1dab59569267,"{""basis"":""x"",""d"":9,""p"":0.008,""rounds"":9}",
       163,         0,         0,   120.1,belief_find,d51b11287f46a3bcc136577b149fb14f59784df0ca4f66e423e8124e96cab3be,"{""basis"":""x"",""d"":7,""p"":0.002,""rounds"":7}",
       162,        21,         0,   120.4,belief_find,e2b4f4ac410d9363f40c0bd034f2631ce15a6962af45fd07ac9891d17e809a3c,"{""basis"":""x"",""d"":7,""p"":0.008,""rounds"":7}",
       162,         4,         0,   120.4,bp_osd,bde4c648d79cf1e3365396e7e32b8cc1e1780aa5479672ca740622ea9617b293,"{""basis"":""x"",""d"":7,""p"":0.006,""rounds"":7}",
       164,         9,         0,   120.1,belief_find,0d02f2c07f1d8ae6fff2baf3dc54b145177b3ae3671f2968798ca03aeb160059,"{""basis"":""x"",""d"":7,""p"":0.006,""rounds"":7}",
        75,         0,         0,   120.0,belief_find,50286a7a2e3fbed7ea5bbc9c7df22764c3c206917c449a465f94fc1372fb5214,"{""basis"":""x"",""d"":9,""p"":0.002,""rounds"":9}",
        76,         0,         0,   121.9,bp_osd,2d73ea91da0935aeafe2d7ca60ec6f0e9077dde8f43e8ace1585847c2d1cd948,"{""basis"":""x"",""d"":9,""p"":0.002,""rounds"":9}",
       169,         1,         0,   120.4,bp_osd,bea659dce592d9e7dac18f52c515962b5cbd335311a89f928680c06a69db9fa0,"{""basis"":""x"",""d"":7,""p"":0.004,""rounds"":7}",
       169,         3,         0,   120.4,belief_find,08c351f14149e77f75508015fc09a988b4c3c6d7829ffc9c3b4f3f80f7e42ed9,"{""basis"":""x"",""d"":7,""p"":0.004,""rounds"":7}",
        76,        11,         0,   121.4,bp_osd,7de2ce8f480ae8106b52da5287de3b5e3a63220e82625b29377c8675e7f17c4d,"{""basis"":""x"",""d"":9,""p"":0.008,""rounds"":9}",
        73,         1,         0,   121.2,belief_find,61b66453647c0a31f60a3d02c40fbc31e29d23b7241dcb9c131c924dd2125464,"{""basis"":""x"",""d"":9,""p"":0.004,""rounds"":9}",
        73,         0,         0,   121.5,bp_osd,f61743ccff3d8a1cd76876798066ba1f0231db9250063f361c9f349986c7cfc1,"{""basis"":""x"",""d"":9,""p"":0.006,""rounds"":9}",
       161,         1,         0,   120.3,bp_osd,0e39c1138d6c1114c36527bb081603ff7322700376901eea078c7a4c266aacb7,"{""basis"":""x"",""d"":7,""p"":0.002,""rounds"":7}",
       160,         0,         0,   119.9,bp_osd,bea659dce592d9e7dac18f52c515962b5cbd335311a89f928680c06a69db9fa0,"{""basis"":""x"",""d"":7,""p"":0.004,""rounds"":7}",
       163,         1,         0,   120.0,belief_find,d51b11287f46a3bcc136577b149fb14f59784df0ca4f66e423e8124e96cab3be,"{""basis"":""x"",""d"":7,""p"":0.002,""rounds"":7}",
       161,        10,         0,   120.4,bp_osd,d97d8aa4b13209c48fd683be924d1fef96197c53329a95d507618f0d6bc13ac4,"{""basis"":""x"",""d"":7,""p"":0.008,""rounds"":7}",
       160,         2,         0,   120.6,belief_find,08c351f14149e77f75508015fc09a988b4c3c6d7829ffc9c3b4f3f80f7e42ed9,"{""basis"":""x"",""d"":7,""p"":0.004,""rounds"":7}",
       157,         4,         0,   120.0,bp_osd,bde4c648d79cf1e3365396e7e32b8cc1e1780aa5479672ca740622ea9617b293,"{""basis"":""x"",""d"":7,""p"":0.006,""rounds"":7}",
       158,         7,         0,   120.3,belief_find,0d02f2c07f1d8ae6fff2baf3dc54b145177b3ae3671f2968798ca03aeb160059,"{""basis"":""x"",""d"":7,""p"":0.006,""rounds"":7}",
        69,         0,         0,   120.4,bp_osd,b6dad9c90c8f2c730e10c773f02ee37f8b522e8eacb860a5f6088f55ef19c415,"{""basis"":""x"",""d"":9,""p"":0.004,""rounds"":9}",
        66,         6,         0,   122.1,belief_find,929d2f23fbab2e31fea8f507eea8efc347f347671a02a93806f9e90581c1bc13,"{""basis"":""x"",""d"":9,""p"":0.006,""rounds"":9}",
       154,         9,         0,   121.0,bp_osd,d97d8aa4b13209c48fd683be924d1fef96197c53329a95d507618f0d6bc13ac4,"{""basis"":""x"",""d"":7,""p"":0.008,""rounds"":7}",
       150,        18,         0,   120.5,belief_find,e2b4f4ac410d9363f40c0bd034f2631ce15a6962af45fd07ac9891d17e809a3c,"{""basis"":""x"",""d"":7,""p"":0.008,""rounds"":7}",
        67,         1,         0,   121.1,belief_find,61b66453647c0a31f60a3d02c40fbc31e29d23b7241dcb9c131c924dd2125464,"{""basis"":""x"",""d"":9,""p"":0.004,""rounds"":9}",
        68,         0,         0,   121.1,belief_find,50286a7a2e3fbed7ea5bbc9c7df22764c3c206917c449a465f94fc1372fb5214,"{""basis"":""x"",""d"":9,""p"":0.002,""rounds"":9}",
        67,         0,         0,   121.2,bp_osd,2d73ea91da0935aeafe2d7ca60ec6f0e9077dde8f43e8ace1585847c2d1cd948,"{""basis"":""x"",""d"":9,""p"":0.002,""rounds"":9}",
        65,         1,         0,   121.0,bp_osd,b6dad9c90c8f2c730e10c773f02ee37f8b522e8eacb860a5f6088f55ef19c415,"{""basis"":""x"",""d"":9,""p"":0.004,""rounds"":9}",
        66,         1,         0,   120.9,bp_osd,f61743ccff3d8a1cd76876798066ba1f0231db9250063f361c9f349986c7cfc1,"{""basis"":""x"",""d"":9,""p"":0.006,""rounds"":9}",
        63,         2,         0,   120.3,belief_find,929d2f23fbab2e31fea8f507eea8efc347f347671a02a93806f9e90581c1bc13,"{""basis"":""x"",""d"":9,""p"":0.006,""rounds"":9}",
       142,         0,         0,   120.2,bp_osd,0e39c1138d6c1114c36527bb081603ff7322700376901eea078c7a4c266aacb7,"{""basis"":""x"",""d"":7,""p"":0.002,""rounds"":7}",
        64,         2,         0,   121.4,bp_osd,7de2ce8f480ae8106b52da5287de3b5e3a63220e82625b29377c8675e7f17c4d,"{""basis"":""x"",""d"":9,""p"":0.008,""rounds"":9}",
        59,        17,         0,   121.6,belief_find,dec05d9e8d0eed19645a4c343a38ffa4ad7e069f7c117399ba2c1dab59569267,"{""basis"":""x"",""d"":9,""p"":0.008,""rounds"":9}",
       137,         0,         0,   120.1,belief_find,d51b11287f46a3bcc136577b149fb14f59784df0ca4f66e423e8124e96cab3be,"{""basis"":""x"",""d"":7,""p"":0.002,""rounds"":7}",
       134,        15,         0,   120.3,belief_find,e2b4f4ac410d9363f40c0bd034f2631ce15a6962af45fd07ac9891d17e809a3c,"{""basis"":""x"",""d"":7,""p"":0.008,""rounds"":7}",
       134,         2,         0,   120.2,bp_osd,bde4c648d79cf1e3365396e7e32b8cc1e1780aa5479672ca740622ea9617b293,"{""basis"":""x"",""d"":7,""p"":0.006,""rounds"":7}",
       131,         6,         0,   120.2,belief_find,0d02f2c07f1d8ae6fff2baf3dc54b145177b3ae3671f2968798ca03aeb160059,"{""basis"":""x"",""d"":7,""p"":0.006,""rounds"":7}",
        59,         0,         0,   121.3,belief_find,50286a7a2e3fbed7ea5bbc9c7df22764c3c206917c449a465f94fc1372fb5214,"{""basis"":""x"",""d"":9,""p"":0.002,""rounds"":9}",
        61,         0,         0,   121.0,bp_osd,2d73ea91da0935aeafe2d7ca60ec6f0e9077dde8f43e8ace1585847c2d1cd948,"{""basis"":""x"",""d"":9,""p"":0.002,""rounds"":9}",
       132,         0,         0,   120.9,bp_osd,bea659dce592d9e7dac18f52c515962b5cbd335311a89f928680c06a69db9fa0,"{""basis"":""x"",""d"":7,""p"":0.004,""rounds"":7}",
       132,         3,         0,   120.0,belief_find,08c351f14149e77f75508015fc09a988b4c3c6d7829ffc9c3b4f3f80f7e42ed9,"{""basis"":""x"",""d"":7,""p"":0.004,""rounds"":7}",
        58,         3,         0,   120.4,bp_osd,7de2ce8f480ae8106b52da5287de3b5e3a63220e82625b29377c8675e7f17c4d,"{""basis"":""x"",""d"":9,""p"":0.008,""rounds"":9}",
        59,         3,         0,   122.1,belief_find,61b66453647c0a31f60a3d02c40fbc31e29d23b7241dcb9c131c924dd2125464,"{""basis"":""x"",""d"":9,""p"":0.004,""rounds"":9}",
        58,         2,         0,   121.1,bp_osd,f61743ccff3d8a1cd76876798066ba1f0231db9250063f361c9f349986c7cfc1,"{""basis"":""x"",""d"":9,""p"":0.006,""rounds"":9}",
       128,         0,         0,   120.2,bp_osd,0e39c1138d6c1114c36527bb081603ff7322700376901eea078c7a4c266aacb7,"{""basis"":""x"",""d"":7,""p"":0.002,""rounds"":7}",
       129,         1,         0,   120.7,bp_osd,bea659dce592d9e7dac18f52c515962b5cbd335311a89f928680c06a69db9fa0,"{""basis"":""x"",""d"":7,""p"":0.004,""rounds"":7}",
       128,         0,         0,   120.3,belief_find,d51b11287f46a3bcc136577b149fb14f59784df0ca4f66e423e8124e96cab3be,"{""basis"":""x"",""d"":7,""p"":0.002,""rounds"":7}",
       127,        13,         0,   120.8,bp_osd,d97d8aa4b13209c48fd683be924d1fef96197c53329a95d507618f0d6bc13ac4,"{""basis"":""x"",""d"":7,""p"":0.008,""rounds"":7}",
       125,         0,         0,   120.6,belief_find,08c351f14149e77f75508015fc09a988b4c3c6d7829ffc9c3b4f3f80f7e42ed9,"{""basis"":""x"",""d"":7,""p"":0.004,""rounds"":7}",
       125,         4,         0,   120.2,bp_osd,bde4c648d79cf1e3365396e7e32b8cc1e1780aa5479672ca740622ea9617b293,"{""basis"":""x"",""d"":7,""p"":0.006,""rounds"":7}",
       124,         6,         0,   120.4,belief_find,0d02f2c07f1d8ae6fff2baf3dc54b145177b3ae3671f2968798ca03aeb160059,"{""basis"":""x"",""d"":7,""p"":0.006,""rounds"":7}",
        55,         0,         0,   120.6,bp_osd,b6dad9c90c8f2c730e10c773f02ee37f8b522e8eacb860a5f6088f55ef19c415,"{""basis"":""x"",""d"":9,""p"":0.004,""rounds"":9}",
        54,         3,         0,   120.8,belief_find,929d2f23fbab2e31fea8f507eea8efc347f347671a02a93806f9e90581c1bc13,"{""basis"":""x"",""d"":9,""p"":0.006,""rounds"":9}",
       125,         9,         0,   120.2,bp_osd,d97d8aa4b13209c48fd683be924d1fef96197c53329a95d507618f0d6bc13ac4,"{""basis"":""x"",""d"":7,""p"":0.008,""rounds"":7}",
       122,        18,         0,   120.7,belief_find,e2b4f4ac410d9363f40c0bd034f2631ce15a6962af45fd07ac9891d17e809a3c,"{""basis"":""x"",""d"":7,""p"":0.008,""rounds"":7}",
        55,         1,         0,   120.1,belief_find,61b66453647c0a31f60a3d02c40fbc31e29d23b7241dcb9c131c924dd2125464,"{""basis"":""x"",""d"":9,""p"":0.004,""rounds"":9}",
        57,         0,         0,   121.3,belief_find,50286a7a2e3fbed7ea5bbc9c7df22764c3c206917c449a465f94fc1372fb5214,"{""basis"":""x"",""d"":9,""p"":0.002,""rounds"":9}",
        55,         0,         0,   121.2,bp_osd,2d73ea91da0935aeafe2d7ca60ec6f0e9077dde8f43e8ace1585847c2d1cd948,"{""basis"":""x"",""d"":9,""p"":0.002,""rounds"":9}",
        59,         1,         0,   120.6,bp_osd,b6dad9c90c8f2c730e10c773f02ee37f8b522e8eacb860a5f6088f55ef19c415,"{""basis"":""x"",""d"":9,""p"":0.004,""rounds"":9}",
        61,         1,         0,   120.4,bp_osd,f61743ccff3d8a1cd76876798066ba1f0231db9250063f361c9f349986c7cfc1,"{""basis"":""x"",""d"":9,""p"":0.006,""rounds"":9}",
        61,         4,         0,   120.3,belief_find,929d2f23fbab2e31fea8f507eea8efc347f347671a02a93806f9e90581c1bc13,"{""basis"":""x"",""d"":9,""p"":0.006,""rounds"":9}",
       136,         0,         0,   120.2,bp_osd,0e39c1138d6c1114c36527bb081603ff7322700376901eea078c7a4c266aacb7,"{""basis"":""x"",""d"":7,""p"":0.002,""rounds"":7}",
        67,         1,         0,   120.0,bp_osd,7de2ce8f480ae8106b52da5287de3b5e3a63220e82625b29377c8675e7f17c4d,"{""basis"":""x"",""d"":9,""p"":0.008,""rounds"":9}",
       148,         0,         0,   120.0,belief_find,d51b11287f46a3bcc136577b149fb14f59784df0ca4f66e423e8124e96cab3be,"{""basis"":""x"",""d"":7,""p"":0.002,""rounds"":7}",
        65,         5,         0,   122.1,belief_find,dec05d9e8d0eed19645a4c343a38ffa4ad7e069f7c117399ba2c1dab59569267,"{""basis"":""x"",""d"":9,""p"":0.008,""rounds"":9}",
       146,        16,         0,   120.3,belief_find,e2b4f4ac410d9363f40c0bd034f2631ce15a6962af45fd07ac9891d17e809a3c,"{""basis"":""x"",""d"":7,""p"":0.008,""rounds"":7}",
       147,         3,         0,   120.7,bp_osd,bde4c648d79cf1e3365396e7e32b8cc1e1780aa5479672ca740622ea9617b293,"{""basis"":""x"",""d"":7,""p"":0.006,""rounds"":7}",
       145,        10,         0,   120.4,belief_find,0d02f2c07f1d8ae6fff2baf3dc54b145177b3ae3671f2968798ca03aeb160059,"{""basis"":""x"",""d"":7,""p"":0.006,""rounds"":7}",
        71,         0,         0,   121.2,belief_find,50286a7a2e3fbed7ea5bbc9c7df22764c3c206917c449a465f94fc1372fb5214,"{""basis"":""x"",""d"":9,""p"":0.002,""rounds"":9}",
        73,         0,         0,   120.1,bp_osd,2d73ea91da0935aeafe2d7ca60ec6f0e9077dde8f43e8ace1585847c2d1cd948,"{""basis"":""x"",""d"":9,""p"":0.002,""rounds"":9}",
       153,         2,         0,   120.7,bp_osd,bea659dce592d9e7dac18f52c515962b5cbd335311a89f928680c06a69db9fa0,"{""basis"":""x"",""d"":7,""p"":0.004,""rounds"":7}",
       153,         2,         0,   120.9,belief_find,08c351f14149e77f75508015fc09a988b4c3c6d7829ffc9c3b4f3f80f7e42ed9,"{""basis"":""x"",""d"":7,""p"":0.004,""rounds"":7}",
        72,         6,         0,   120.2,bp_osd,7de2ce8f480ae8106b52da5287de3b5e3a63220e82625b29377c8675e7f17c4d,"{""basis"":""x"",""d"":9,""p"":0.008,""rounds"":9}",
        74,         4,         0,   121.9,belief_find,61b66453647c0a31f60a3d02c40fbc31e29d23b7241dcb9c131c924dd2125464,"{""basis"":""x"",""d"":9,""p"":0.004,""rounds"":9}",
        74,         1,         0,   121.2,bp_osd,f61743ccff3d8a1cd76876798066ba1f0231db9250063f361c9f349986c7cfc1,"{""basis"":""x"",""d"":9,""p"":0.006,""rounds"":9}",
       153,         0,         0,   120.1,bp_osd,0e39c1138d6c1114c36527bb081603ff7322700376901eea078c7a4c266aacb7,"{""basis"":""x"",""d"":7,""p"":0.002,""rounds"":7}",
       152,         1,         0,   120.5,bp_osd,bea659dce592d9e7dac18f52c515962b5cbd335311a89f928680c06a69db9fa0,"{""basis"":""x"",""d"":7,""p"":0.004,""rounds"":7}",
       149,         0,         0,   120.7,belief_find,d51b11287f46a3bcc136577b149fb14f59784df0ca4f66e423e8124e96cab3be,"{""basis"":""x"",""d"":7,""p"":0.002,""rounds"":7}",
       151,        10,         0,   120.2,bp_osd,d97d8aa4b13209c48fd683be924d1fef96197c53329a95d507618f0d6bc13ac4,"{""basis"":""x"",""d"":7,""p"":0.008,""rounds"":7}",
       155,         5,         0,   120.4,belief_find,08c351f14149e77f75508015fc09a988b4c3c6d7829ffc9c3b4f3f80f7e42ed9,"{""basis"":""x"",""d"":7,""p"":0.004,""rounds"":7}",
       148,         2,         0,   121.0,bp_osd,bde4c648d79cf1e3365396e7e32b8cc1e1780aa5479672ca740622ea9617b293,"{""basis"":""x"",""d"":7,""p"":0.006,""rounds"":7}",
       146,         9,         0,   120.7,belief_find,0d02f2c07f1d8ae6fff2baf3dc54b145177b3ae3671f2968798ca03aeb160059,"{""basis"":""x"",""d"":7,""p"":0.006,""rounds"":7}",
        72,         0,         0,   120.6,bp_osd,b6dad9c90c8f2c730e10c773f02ee37f8b522e8eacb860a5f6088f55ef19c415,"{""basis"":""x"",""d"":9,""p"":0.004,""rounds"":9}",
       147,        17,         0,   120.9,bp_osd,d97d8aa4b13209c48fd683be924d1fef96197c53329a95d507618f0d6bc13ac4,"{""basis"":""x"",""d"":7,""p"":0.008,""rounds"":7}",
        70,         4,         0,   122.0,belief_find,929d2f23fbab2e31fea8f507eea8efc347f347671a02a93806f9e90581c1bc13,"{""basis"":""x"",""d"":9,""p"":0.006,""rounds"":9}",
       146,        21,         0,   120.1,belief_find,e2b4f4ac410d9363f40c0bd034f2631ce15a6962af45fd07ac9891d17e809a3c,"{""basis"":""x"",""d"":7,""p"":0.008,""rounds"":7}",
        70,         0,         0,   120.0,belief_find,61b66453647c0a31f60a3d02c40fbc31e29d23b7241dcb9c131c924dd2125464,"{""basis"":""x"",""d"":9,""p"":0.004,""rounds"":9}",
        73,         1,         0,   120.5,belief_find,50286a7a2e3fbed7ea5bbc9c7df22764c3c206917c449a465f94fc1372fb5214,"{""basis"":""x"",""d"":9,""p"":0.002,""rounds"":9}",
        71,         0,         0,   120.7,bp_osd,2d73ea91da0935aeafe2d7ca60ec6f0e9077dde8f43e8ace1585847c2d1cd948,"{""basis"":""x"",""d"":9,""p"":0.002,""rounds"":9}",
        68,         0,         0,   120.7,bp_osd,b6dad9c90c8f2c730e10c773f02ee37f8b522e8eacb860a5f6088f55ef19c415,"{""basis"":""x"",""d"":9,""p"":0.004,""rounds"":9}",
        69,         1,         0,   120.3,bp_osd,f61743ccff3d8a1cd76876798066ba1f0231db9250063f361c9f349986c7cfc1,"{""basis"":""x"",""d"":9,""p"":0.006,""rounds"":9}",
       148,         0,         0,   120.3,bp_osd,0e39c1138d6c1114c36527bb081603ff7322700376901eea078c7a4c266aacb7,"{""basis"":""x"",""d"":7,""p"":0.002,""rounds"":7}",
        69,         6,         0,   120.8,belief_find,929d2f23fbab2e31fea8f507eea8efc347f347671a02a93806f9e90581c1bc13,"{""basis"":""x"",""d"":9,""p"":0.006,""rounds"":9}",
        67,         4,         0,   121.3,bp_osd,7de2ce8f480ae8106b52da5287de3b5e3a63220e82625b29377c8675e7f17c4d,"{""basis"":""x"",""d"":9,""p"":0.008,""rounds"":9}",
       137,         0,         0,   120.8,belief_find,d51b11287f46a3bcc136577b149fb14f59784df0ca4f66e423e8124e96cab3be,"{""basis"":""x"",""d"":7,""p"":0.002,""rounds"":7}",
        59,         8,         0,   121.1,belief_find,dec05d9e8d0eed19645a4c343a38ffa4ad7e069f7c117399ba2c1dab59569267,"{""basis"":""x"",""d"":9,""p"":0.008,""rounds"":9}",
       134,        12,         0,   120.7,belief_find,e2b4f4ac410d9363f40c0bd034f2631ce15a6962af45fd07ac9891d17e809a3c,"{""basis"":""x"",""d"":7,""p"":0.008,""rounds"":7}",
       134,         4,         0,   120.2,bp_osd,bde4c648d79cf1e3365396e7e32b8cc1e1780aa5479672ca740622ea9617b293,"{""basis"":""x"",""d"":7,""p"":0.006,""rounds"":7}",
       135,         8,         0,   120.3,belief_find,0d02f2c07f1d8ae6fff2baf3dc54b145177b3ae3671f2968798ca03aeb160059,"{""basis"":""x"",""d"":7,""p"":0.006,""rounds"":7}",
        63,         0,         0,   120.2,belief_find,50286a7a2e3fbed7ea5bbc9c7df22764c3c206917c449a465f94fc1372fb5214,"{""basis"":""x"",""d"":9,""p"":0.002,""rounds"":9}",
        63,         0,         0,   120.7,bp_osd,2d73ea91da0935aeafe2d7ca60ec6f0e9077dde8f43e8ace1585847c2d1cd948,"{""basis"":""x"",""d"":9,""p"":0.002,""rounds"":9}",
       133,         1,         0,   120.6,bp_osd,bea659dce592d9e7dac18f52c515962b5cbd335311a89f928680c06a69db9fa0,"{""basis"":""x"",""d"":7,""p"":0.004,""rounds"":7}",
       139,         2,         0,   120.7,belief_find,08c351f14149e77f75508015fc09a988b4c3c6d7829ffc9c3b4f3f80f7e42ed9,"{""basis"":""x"",""d"":7,""p"":0.004,""rounds"":7}",
        62,         6,         0,   120.8,bp_osd,7de2ce8f480ae8106b52da5287de3b5e3a63220e82625b29377c8675e7f17c4d,"{""basis"":""x"",""d"":9,""p"":0.008,""rounds"":9}",
        64,         0,         0,   120.3,belief_find,61b66453647c0a31f60a3d02c40fbc31e29d23b7241dcb9c131c924dd2125464,"{""basis"":""x"",""d"":9,""p"":0.004,""rounds"":9}",
        63,         3,         0,   121.4,bp_osd,f61743ccff3d8a1cd76876798066ba1f0231db9250063f361c9f349986c7cfc1,"{""basis"":""x"",""d"":9,""p"":0.006,""rounds"":9}",
       138,         1,         0,   120.1,bp_osd,0e39c1138d6c1114c36527bb081603ff7322700376901eea078c7a4c266aacb7,"{""basis"":""x"",""d"":7,""p"":0.002,""rounds"":7}",
       139,         0,         0,   120.3,bp_osd,bea659dce592d9e7dac18f52c515962b5cbd335311a89f928680c06a69db9fa0,"{""basis"":""x"",""d"":7,""p"":0.004,""rounds"":7}",
       140,         0,         0,   120.6,belief_find,d51b11287f46a3bcc136577b149fb14f59784df0ca4f66e423e8124e96cab3be,"{""basis"":""x"",""d"":7,""p"":0.002,""rounds"":7}",
       138,         9,         0,   120.5,bp_osd,d97d8aa4b13209c48fd683be924d1fef96197c53329a95d507618f0d6bc13ac4,"{""basis"":""x"",""d"":7,""p"":0.008,""rounds"":7}",
       139,         3,         0,   120.7,belief_find,08c351f14149e77f75508015fc09a988b4c3c6d7829ffc9c3b4f3f80f7e42ed9,"{""basis"":""x"",""d"":7,""p"":0.004,""rounds"":7}",
       137,         2,         0,   120.0,bp_osd,bde4c648d79cf1e3365396e7e32b8cc1e1780aa5479672ca740622ea9617b293,"{""basis"":""x"",""d"":7,""p"":0.006,""rounds"":7}",
       138,        10,         0,   120.3,belief_find,0d02f2c07f1d8ae6fff2baf3dc54b145177b3ae3671f2968798ca03aeb160059,"{""basis"":""x"",""d"":7,""p"":0.006,""rounds"":7}",
        64,         0,         0,   121.1,bp_osd,b6dad9c90c8f2c730e10c773f02ee37f8b522e8eacb860a5f6088f55ef19c415,"{""basis"":""x"",""d"":9,""p"":0.004,""rounds"":9}",
       137,        11,         0,   120.4,bp_osd,d97d8aa4b13209c48fd683be924d1fef96197c53329a95d507618f0d6bc13ac4,"{""basis"":""x"",""d"":7,""p"":0.008,""rounds"":7}",
        63,         0,         0,   121.4,belief_find,929d2f23fbab2e31fea8f507eea8efc347f347671a02a93806f9e90581c1bc13,"{""basis"":""x"",""d"":9,""p"":0.006,""rounds"":9}",
       140,        18,         0,   120.5,belief_find,e2b4f4ac410d9363f40c0bd034f2631ce15a6962af45fd07ac9891d17e809a3c,"{""basis"":""x"",""d"":7,""p"":0.008,""rounds"":7}",
        65,         2,         0,   121.9,belief_find,61b66453647c0a31f60a3d02c40fbc31e29d23b7241dcb9c131c924dd2125464,"{""basis"":""x"",""d"":9,""p"":0.004,""rounds"":9}",
        64,         0,         0,   120.3,belief_find,50286a7a2e3fbed7ea5bbc9c7df22764c3c206917c449a465f94fc1372fb5214,"{""basis"":""x"",""d"":9,""p"":0.002,""rounds"":9}",
        65,         0,         0,   121.0,bp_osd,2d73ea91da0935aeafe2d7ca60ec6f0e9077dde8f43e8ace1585847c2d1cd948,"{""basis"":""x"",""d"":9,""p"":0.002,""rounds"":9}",
        66,         0,         0,   121.5,bp_osd,b6dad9c90c8f2c730e10c773f02ee37f8b522e8eacb860a5f6088f55ef19c415,"{""basis"":""x"",""d"":9,""p"":0.004,""rounds"":9}",
        65,         1,         0,   121.5,bp_osd,f61743ccff3d8a1cd76876798066ba1f0231db9250063f361c9f349986c7cfc1,"{""basis"":""x"",""d"":9,""p"":0.006,""rounds"":9}",
       139,         0,         0,   120.9,bp_osd,0e39c1138d6c1114c36527bb081603ff7322700376901eea078c7a4c266aacb7,"{""basis"":""x"",""d"":7,""p"":0.002,""rounds"":7}",
        63,         3,         0,   121.5,belief_find,929d2f23fbab2e31fea8f507eea8efc347f347671a02a93806f9e90581c1bc13,"{""basis"":""x"",""d"":9,""p"":0.006,""rounds"":9}",
        61,         7,         0,   121.3,bp_osd,7de2ce8f480ae8106b52da5287de3b5e3a63220e82625b29377c8675e7f17c4d,"{""basis"":""x"",""d"":9,""p"":0.008,""rounds"":9}",
       137,         0,         0,   120.9,belief_find,d51b11287f46a3bcc136577b149fb14f59784df0ca4f66e423e8124e96cab3be,"{""basis"":""x"",""d"":7,""p"":0.002,""rounds"":7}",
        58,        11,         0,   121.7,belief_find,dec05d9e8d0eed19645a4c343a38ffa4ad7e069f7c117399ba2c1dab59569267,"{""basis"":""x"",""d"":9,""p"":0.008,""rounds"":9}",
       134,        18,         0,   120.2,belief_find,e2b4f4ac410d9363f40c0bd034f2631ce15a6962af45fd07ac9891d17e809a3c,"{""basis"":""x"",""d"":7,""p"":0.008,""rounds"":7}",
       136,         6,         0,   120.6,bp_osd,bde4c648d79cf1e3365396e7e32b8cc1e1780aa5479672ca740622ea9617b293,"{""basis"":""x"",""d"":7,""p"":0.006,""rounds"":7}",
       133,         8,         0,   120.4,belief_find,0d02f2c07f1d8ae6fff2baf3dc54b145177b3ae3671f2968798ca03aeb160059,"{""basis"":""x"",""d"":7,""p"":0.006,""rounds"":7}",
        63,         2,         0,   120.7,belief_find,50286a7a2e3fbed7ea5bbc9c7df22764c3c206917c449a465f94fc1372fb5214,"{""basis"":""x"",""d"":9,""p"":0.002,""rounds"":9}",
        62,         0,         0,   120.4,bp_osd,2d73ea91da0935aeafe2d7ca60ec6f0e9077dde8f43e8ace1585847c2d1cd948,"{""basis"":""x"",""d"":9,""p"":0.002,""rounds"":9}",
       139,         2,         0,   120.1,bp_osd,bea659dce592d9e7dac18f52c515962b5cbd335311a89f928680c06a69db9fa0,"{""basis"":""x"",""d"":7,""p"":0.004,""rounds"":7}",
       140,         3,         0,   120.8,belief_find,08c351f14149e77f75508015fc09a988b4c3c6d7829ffc9c3b4f3f80f7e42ed9,"{""basis"":""x"",""d"":7,""p"":0.004,""rounds"":7}",
        61,         7,         0,   120.3,bp_osd,7de2ce8f480ae8106b52da5287de3b5e3a63220e82625b29377c8675e7f17c4d,"{""basis"":""x"",""d"":9,""p"":0.008,""rounds"":9}",
        67,         2,         0,   120.6,belief_find,61b66453647c0a31f60a3d02c40fbc31e29d23b7241dcb9c131c924dd2125464,"{""basis"":""x"",""d"":9,""p"":0.004,""rounds"":9}",
        74,         0,         0,   122.8,bp_osd,f61743ccff3d8a1cd76876798066ba1f0231db9250063f361c9f349986c7cfc1,"{""basis"":""x"",""d"":9,""p"":0.006,""rounds"":9}",
       174,         0,         0,   120.3,bp_osd,0e39c1138d6c1114c36527bb081603ff7322700376901eea078c7a4c266aacb7,"{""basis"":""x"",""d"":7,""p"":0.002,""rounds"":7}",
       176,         2,         0,   120.8,bp_osd,bea659dce592d9e7dac18f52c515962b5cbd335311a89f928680c06a69db9fa0,"{""basis"":""x"",""d"":7,""p"":0.004,""rounds"":7}",
       157,         0,         0,   120.8,belief_find,d51b11287f46a3bcc136577b149fb14f59784df0ca4f66e423e8124e96cab3be,"{""basis"":""x"",""d"":7,""p"":0.002,""rounds"":7}",
       159,         8,         0,   120.2,bp_osd,d97d8aa4b13209c48fd683be924d1fef96197c53329a95d507618f0d6bc13ac4,"{""basis"":""x"",""d"":7,""p"":0.008,""rounds"":7}",
       153,         1,         0,   120.2,bp_osd,bde4c648d79cf1e3365396e7e32b8cc1e1780aa5479672ca740622ea9617b293,"{""basis"":""x"",""d"":7,""p"":0.006,""rounds"":7}",
       156,         2,         0,   120.7,belief_find,08c351f14149e77f75508015fc09a988b4c3c6d7829ffc9c3b4f3f80f7e42ed9,"{""basis"":""x"",""d"":7,""p"":0.004,""rounds"":7}",
       155,         9,         0,   120.4,belief_find,0d02f2c07f1d8ae6fff2baf3dc54b145177b3ae3671f2968798ca03aeb160059,"{""basis"":""x"",""d"":7,""p"":0.006,""rounds"":7}",
        74,         0,         0,   121.2,bp_osd,b6dad9c90c8f2c730e10c773f02ee37f8b522e8eacb860a5f6088f55ef19c415,"{""basis"":""x"",""d"":9,""p"":0.004,""rounds"":9}",
       199,        19,         0,   120.8,bp_osd,d97d8aa4b13209c48fd683be924d1fef96197c53329a95d507618f0d6bc13ac4,"{""basis"":""x"",""d"":7,""p"":0.008,""rounds"":7}",
        71,         5,         0,   120.4,belief_find,929d2f23fbab2e31fea8f507eea8efc347f347671a02a93806f9e90581c1bc13,"{""basis"":""x"",""d"":9,""p"":0.006,""rounds"":9}",
       151,        19,         0,   120.2,belief_find,e2b4f4ac410d9363f40c0bd034f2631ce15a6962af45fd07ac9891d17e809a3c,"{""basis"":""x"",""d"":7,""p"":0.008,""rounds"":7}",
        73,         1,         0,   120.6,belief_find,61b66453647c0a31f60a3d02c40fbc31e29d23b7241dcb9c131c924dd2125464,"{""basis"":""x"",""d"":9,""p"":0.004,""rounds"":9}",
        73,         0,         0,   120.3,belief_find,50286a7a2e3fbed7ea5bbc9c7df22764c3c206917c449a465f94fc1372fb5214,"{""basis"":""x"",""d"":9,""p"":0.002,""rounds"":9}",
        72,         0,         0,   121.2,bp_osd,2d73ea91da0935aeafe2d7ca60ec6f0e9077dde8f43e8ace1585847c2d1cd948,"{""basis"":""x"",""d"":9,""p"":0.002,""rounds"":9}",
        72,         0,         0,   121.2,bp_osd,b6dad9c90c8f2c730e10c773f02ee37f8b522e8eacb860a5f6088f55ef19c415,"{""basis"":""x"",""d"":9,""p"":0.004,""rounds"":9}",
        74,         3,         0,   120.8,bp_osd,f61743ccff3d8a1cd76876798066ba1f0231db9250063f361c9f349986c7cfc1,"{""basis"":""x"",""d"":9,""p"":0.006,""rounds"":9}",
       153,         0,         0,   120.2,bp_osd,0e39c1138d6c1114c36527bb081603ff7322700376901eea078c7a4c266aacb7,"{""basis"":""x"",""d"":7,""p"":0.002,""rounds"":7}",
        70,         5,         0,   121.0,belief_find,929d2f23fbab2e31fea8f507eea8efc347f347671a02a93806f9e90581c1bc13,"{""basis"":""x"",""d"":9,""p"":0.006,""rounds"":9}",
        73,         4,         0,   120.5,bp_osd,7de2ce8f480ae8106b52da5287de3b5e3a63220e82625b29377c8675e7f17c4d,"{""basis"":""x"",""d"":9,""p"":0.008,""rounds"":9}",
       160,         0,         0,   120.8,belief_find,d51b11287f46a3bcc136577b149fb14f59784df0ca4f66e423e8124e96cab3be,"{""basis"":""x"",""d"":7,""p"":0.002,""rounds"":7}",
        69,         8,         0,   121.4,belief_find,dec05d9e8d0eed19645a4c343a38ffa4ad7e069f7c117399ba2c1dab59569267,"{""basis"":""x"",""d"":9,""p"":0.008,""rounds"":9}",
       152,        20,         0,   120.8,belief_find,e2b4f4ac410d9363f40c0bd034f2631ce15a6962af45fd07ac9891d17e809a3c,"{""basis"":""x"",""d"":7,""p"":0.008,""rounds"":7}",
       152,         4,         0,   120.9,bp_osd,bde4c648d79cf1e3365396e7e32b8cc1e1780aa5479672ca740622ea9617b293,"{""basis"":""x"",""d"":7,""p"":0.006,""rounds"":7}",
       152,         9,         0,   120.0,belief_find,0d02f2c07f1d8ae6fff2baf3dc54b145177b3ae3671f2968798ca03aeb160059,"{""basis"":""x"",""d"":7,""p"":0.006,""rounds"":7}",
        70,         0,         0,   120.0,belief_find,50286a7a2e3fbed7ea5bbc9c7df22764c3c206917c449a465f94fc1372fb5214,"{""basis"":""x"",""d"":9,""p"":0.002,""rounds"":9}",
        70,         0,         0,   120.7,bp_osd,2d73ea91da0935aeafe2d7ca60ec6f0e9077dde8f43e8ace1585847c2d1cd948,"{""basis"":""x"",""d"":9,""p"":0.002,""rounds"":9}",
       148,         2,         0,   120.2,bp_osd,bea659dce592d9e7dac18f52c515962b5cbd335311a89f928680c06a69db9fa0,"{""basis"":""x"",""d"":7,""p"":0.004,""rounds"":7}",
       256,         2,         0,   120.2,belief_find,08c351f14149e77f75508015fc09a988b4c3c6d7829ffc9c3b4f3f80f7e42ed9,"{""basis"":""x"",""d"":7,""p"":0.004,""rounds"":7}",
        70,         8,         0,   121.4,bp_osd,7de2ce8f480ae8106b52da5287de3b5e3a63220e82625b29377c8675e7f17c4d,"{""basis"":""x"",""d"":9,""p"":0.008,""rounds"":9}",
        63,         0,         0,   121.1,belief_find,61b66453647c0a31f60a3d02c40fbc31e29d23b7241dcb9c131c924dd2125464,"{""basis"":""x"",""d"":9,""p"":0.004,""rounds"":9}",
       248,         0,         0,   120.9,bp_osd,0e39c1138d6c1114c36527bb081603ff7322700376901eea078c7a4c266aacb7,"{""basis"":""x"",""d"":7,""p"":0.002,""rounds"":7}",
        59,         4,         0,   122.1,bp_osd,f61743ccff3d8a1cd76876798066ba1f0231db9250063f361c9f349986c7cfc1,"{""basis"":""x"",""d"":9,""p"":0.006,""rounds"":9}",
       172,         1,         0,   120.5,bp_osd,bea659dce592d9e7dac18f52c515962b5cbd335311a89f928680c06a69db9fa0,"{""basis"":""x"",""d"":7,""p"":0.004,""rounds"":7}",
       127,        13,         0,   120.4,bp_osd,d97d8aa4b13209c48fd683be924d1fef96197c53329a95d507618f0d6bc13ac4,"{""basis"":""x"",""d"":7,""p"":0.008,""rounds"":7}",
       130,         0,         0,   120.9,belief_find,d51b11287f46a3bcc136577b149fb14f59784df0ca4f66e423e8124e96cab3be,"{""basis"":""x"",""d"":7,""p"":0.002,""rounds"":7}",
       126,         3,         0,   120.4,bp_osd,bde4c648d79cf1e3365396e7e32b8cc1e1780aa5479672ca740622ea9617b293,"{""basis"":""x"",""d"":7,""p"":0.006,""rounds"":7}",
       127,         4,         0,   120.9,belief_find,08c351f14149e77f75508015fc09a988b4c3c6d7829ffc9c3b4f3f80f7e42ed9,"{""basis"":""x"",""d"":7,""p"":0.004,""rounds"":7}",
       129,         5,         0,   120.4,belief_find,0d02f2c07f1d8ae6fff2baf3dc54b145177b3ae3671f2968798ca03aeb160059,"{""basis"":""x"",""d"":7,""p"":0.006,""rounds"":7}",
        57,         1,         0,   121.5,bp_osd,b6dad9c90c8f2c730e10c773f02ee37f8b522e8eacb860a5f6088f55ef19c415,"{""basis"":""x"",""d"":9,""p"":0.004,""rounds"":9}",
       170,        18,         0,   120.8,bp_osd,d97d8aa4b13209c48fd683be924d1fef96197c53329a95d507618f0d6bc13ac4,"{""basis"":""x"",""d"":7,""p"":0.008,""rounds"":7}",
        54,         1,         0,   120.6,belief_find,929d2f23fbab2e31fea8f507eea8efc347f347671a02a93806f9e90581c1bc13,"{""basis"":""x"",""d"":9,""p"":0.006,""rounds"":9}",
       124,        15,         0,   120.3,belief_find,e2b4f4ac410d9363f40c0bd034f2631ce15a6962af45fd07ac9891d17e809a3c,"{""basis"":""x"",""d"":7,""p"":0.008,""rounds"":7}",
        57,         0,         0,   121.4,belief_find,50286a7a2e3fbed7ea5bbc9c7df22764c3c206917c449a465f94fc1372fb5214,"{""basis"":""x"",""d"":9,""p"":0.002,""rounds"":9}",
        57,         0,         0,   122.0,belief_find,61b66453647c0a31f60a3d02c40fbc31e29d23b7241dcb9c131c924dd2125464,"{""basis"":""x"",""d"":9,""p"":0.004,""rounds"":9}",
        57,         0,         0,   121.3,bp_osd,2d73ea91da0935aeafe2d7ca60ec6f0e9077dde8f43e8ace1585847c2d1cd948,"{""basis"":""x"",""d"":9,""p"":0.002,""rounds"":9}",
        58,         2,         0,   120.5,bp_osd,f61743ccff3d8a1cd76876798066ba1f0231db9250063f361c9f349986c7cfc1,"{""basis"":""x"",""d"":9,""p"":0.006,""rounds"":9}",
        58,         0,         0,   121.4,bp_osd,b6dad9c90c8f2c730e10c773f02ee37f8b522e8eacb860a5f6088f55ef19c415,"{""basis"":""x"",""d"":9,""p"":0.004,""rounds"":9}",
       129,         1,         0,   120.4,bp_osd,0e39c1138d6c1114c36527bb081603ff7322700376901eea078c7a4c266aacb7,"{""basis"":""x"",""d"":7,""p"":0.002,""rounds"":7}",
        56,         3,         0,   120.7,belief_find,929d2f23fbab2e31fea8f507eea8efc347f347671a02a93806f9e90581c1bc13,"{""basis"":""x"",""d"":9,""p"":0.006,""rounds"":9}",
        56,         1,         0,   120.6,bp_osd,7de2ce8f480ae8106b52da5287de3b5e3a63220e82625b29377c8675e7f17c4d,"{""basis"":""x"",""d"":9,""p"":0.008,""rounds"":9}",
       126,         0,         0,   120.7,belief_find,d51b11287f46a3bcc136577b149fb14f59784df0ca4f66e423e8124e96cab3be,"{""basis"":""x"",""d"":7,""p"":0.002,""rounds"":7}",
        52,        10,         0,   121.2,belief_find,dec05d9e8d0eed19645a4c343a38ffa4ad7e069f7c117399ba2c1dab59569267,"{""basis"":""x"",""d"":9,""p"":0.008,""rounds"":9}",
       123,        26,         0,   120.3,belief_find,e2b4f4ac410d9363f40c0bd034f2631ce15a6962af45fd07ac9891d17e809a3c,"{""basis"":""x"",""d"":7,""p"":0.008,""rounds"":7}",
       125,         1,         0,   120.4,bp_osd,bde4c648d79cf1e3365396e7e32b8cc1e1780aa5479672ca740622ea9617b293,"{""basis"":""x"",""d"":7,""p"":0.006,""rounds"":7}",
       126,         4,         0,   120.7,belief_find,0d02f2c07f1d8ae6fff2baf3dc54b145177b3ae3671f2968798ca03aeb160059,"{""basis"":""x"",""d"":7,""p"":0.006,""rounds"":7}",
        57,         0,         0,   120.8,belief_find,50286a7a2e3fbed7ea5bbc9c7df22764c3c206917c449a465f94fc1372fb5214,"{""basis"":""x"",""d"":9,""p"":0.002,""rounds"":9}",
        58,         0,         0,   121.8,bp_osd,2d73ea91da0935aeafe2d7ca60ec6f0e9077dde8f43e8ace1585847c2d1cd948,"{""basis"":""x"",""d"":9,""p"":0.002,""rounds"":9}",
       127,         0,         0,   120.6,bp_osd,bea659dce592d9e7dac18f52c515962b5cbd335311a89f928680c06a69db9fa0,"{""basis"":""x"",""d"":7,""p"":0.004,""rounds"":7}",
       126,         3,         0,   119.9,belief_find,08c351f14149e77f75508015fc09a988b4c3c6d7829ffc9c3b4f3f80f7e42ed9,"{""basis"":""x"",""d"":7,""p"":0.004,""rounds"":7}",
        57,         3,         0,   121.0,bp_osd,7de2ce8f480ae8106b52da5287de3b5e3a63220e82625b29377c8675e7f17c4d,"{""basis"":""x"",""d"":9,""p"":0.008,""rounds"":9}",
        58,         2,         0,   120.0,belief_find,61b66453647c0a31f60a3d02c40fbc31e29d23b7241dcb9c131c924dd2125464,"{""basis"":""x"",""d"":9,""p"":0.004,""rounds"":9}",
       134,         1,         0,   120.1,bp_osd,0e39c1138d6c1114c36527bb081603ff7322700376901eea078c7a4c266aacb7,"{""basis"":""x"",""d"":7,""p"":0.002,""rounds"":7}",
        59,         1,         0,   121.6,bp_osd,f61743ccff3d8a1cd76876798066ba1f0231db9250063f361c9f349986c7cfc1,"{""basis"":""x"",""d"":9,""p"":0.006,""rounds"":9}",
       132,         1,         0,   120.2,bp_osd,bea659dce592d9e7dac18f52c515962b5cbd335311a89f928680c06a69db9fa0,"{""basis"":""x"",""d"":7,""p"":0.004,""rounds"":7}",
       130,        11,         0,   120.6,bp_osd,d97d8aa4b13209c48fd683be924d1fef96197c53329a95d507618f0d6bc13ac4,"{""basis"":""x"",""d"":7,""p"":0.008,""rounds"":7}",
       133,         1,         0,   120.7,belief_find,d51b11287f46a3bcc136577b149fb14f59784df0ca4f66e423e8124e96cab3be,"{""basis"":""x"",""d"":7,""p"":0.002,""rounds"":7}",
       129,         2,         0,   120.7,bp_osd,bde4c648d79cf1e3365396e7e32b8cc1e1780aa5479672ca740622ea9617b293,"{""basis"":""x"",""d"":7,""p"":0.006,""rounds"":7}",
       133,         4,         0,   120.7,belief_find,08c351f14149e77f75508015fc09a988b4c3c6d7829ffc9c3b4f3f80f7e42ed9,"{""basis"":""x"",""d"":7,""p"":0.004,""rounds"":7}",
       131,         4,         0,   120.2,belief_find,0d02f2c07f1d8ae6fff2baf3dc54b145177b3ae3671f2968798ca03aeb160059,"{""basis"":""x"",""d"":7,""p"":0.006,""rounds"":7}",
        59,         0,         0,   120.3,bp_osd,b6dad9c90c8f2c730e10c773f02ee37f8b522e8eacb860a5f6088f55ef19c415,"{""basis"":""x"",""d"":9,""p"":0.004,""rounds"":9}",
       128,        15,         0,   120.1,bp_osd,d97d8aa4b13209c48fd683be924d1fef96197c53329a95d507618f0d6bc13ac4,"{""basis"":""x"",""d"":7,""p"":0.008,""rounds"":7}",
       126,        13,         0,   120.1,belief_find,e2b4f4ac410d9363f40c0bd034f2631ce15a6962af45fd07ac9891d17e809a3c,"{""basis"":""x"",""d"":7,""p"":0.008,""rounds"":7}",
        57,         5,         0,   120.6,belief_find,929d2f23fbab2e31fea8f507eea8efc347f347671a02a93806f9e90581c1bc13,"{""basis"":""x"",""d"":9,""p"":0.006,""rounds"":9}",
        58,         0,         0,   120.7,belief_find,61b66453647c0a31f60a3d02c40fbc31e29d23b7241dcb9c131c924dd2125464,"{""basis"":""x"",""d"":9,""p"":0.004,""rounds"":9}",
        59,         0,         0,   121.5,belief_find,50286a7a2e3fbed7ea5bbc9c7df22764c3c206917c449a465f94fc1372fb5214,"{""basis"":""x"",""d"":9,""p"":0.002,""rounds"":9}",
        59,         0,         0,   121.4,bp_osd,2d73ea91da0935aeafe2d7ca60ec6f0e9077dde8f43e8ace1585847c2d1cd948,"{""basis"":""x"",""d"":9,""p"":0.002,""rounds"":9}",
        59,         2,         0,   120.4,bp_osd,b6dad9c90c8f2c730e10c773f02ee37f8b522e8eacb860a5f6088f55ef19c415,"{""basis"":""x"",""d"":9,""p"":0.004,""rounds"":9}",
        59,         3,         0,   121.3,bp_osd,f61743ccff3d8a1cd76876798066ba1f0231db9250063f361c9f349986c7cfc1,"{""basis"":""x"",""d"":9,""p"":0.006,""rounds"":9}",
       129,         0,         0,   120.2,bp_osd,0e39c1138d6c1114c36527bb081603ff7322700376901eea078c7a4c266aacb7,"{""basis"":""x"",""d"":7,""p"":0.002,""rounds"":7}",
        58,         4,         0,   121.5,belief_find,929d2f23fbab2e31fea8f507eea8efc347f347671a02a93806f9e90581c1bc13,"{""basis"":""x"",""d"":9,""p"":0.006,""rounds"":9}",
        58,         8,         0,   121.6,bp_osd,7de2ce8f480ae8106b52da5287de3b5e3a63220e82625b29377c8675e7f17c4d,"{""basis"":""x"",""d"":9,""p"":0.008,""rounds"":9}",
       129,         0,         0,   120.8,belief_find,d51b11287f46a3bcc136577b149fb14f59784df0ca4f66e423e8124e96cab3be,"{""basis"":""x"",""d"":7,""p"":0.002,""rounds"":7}",
        55,        10,         0,   121.8,belief_find,dec05d9e8d0eed19645a4c343a38ffa4ad7e069f7c117399ba2c1dab59569267,"{""basis"":""x"",""d"":9,""p"":0.008,""rounds"":9}",
       125,        20,         0,   120.6,belief_find,e2b4f4ac410d9363f40c0bd034f2631ce15a6962af45fd07ac9891d17e809a3c,"{""basis"":""x"",""d"":7,""p"":0.008,""rounds"":7}",
        48,         4,         0,    47.8,belief_find,e2b4f4ac410d9363f40c0bd034f2631ce15a6962af45fd07ac9891d17e809a3c,"{""basis"":""x"",""d"":7,""p"":0.008,""rounds"":7}",
         1,         0,         0,    1.11,belief_find,e2b4f4ac410d9363f40c0bd034f2631ce15a6962af45fd07ac9891d17e809a3c,"{""basis"":""x"",""d"":7,""p"":0.008,""rounds"":7}",
         1,         1,         0,    2.39,belief_find,dec05d9e8d0eed19645a4c343a38ffa4ad7e069f7c117399ba2c1dab59569267,"{""basis"":""x"",""d"":9,""p"":0.008,""rounds"":9}",
         1,         0,         0,    2.66,belief_find,dec05d9e8d0eed19645a4c343a38ffa4ad7e069f7c117399ba2c1dab59569267,"{""basis"":""x"",""d"":9,""p"":0.008,""rounds"":9}",
       129,         3,         0,   120.7,bp_osd,bde4c648d79cf1e3365396e7e32b8cc1e1780aa5479672ca740622ea9617b293,"{""basis"":""x"",""d"":7,""p"":0.006,""rounds"":7}",
         1,         0,         0,    2.11,belief_find,dec05d9e8d0eed19645a4c343a38ffa4ad7e069f7c117399ba2c1dab59569267,"{""basis"":""x"",""d"":9,""p"":0.008,""rounds"":9}",
         1,         0,         0,    2.37,belief_find,dec05d9e8d0eed19645a4c343a38ffa4ad7e069f7c117399ba2c1dab59569267,"{""basis"":""x"",""d"":9,""p"":0.008,""rounds"":9}",
         1,         0,         0,    2.28,belief_find,dec05d9e8d0eed19645a4c343a38ffa4ad7e069f7c117399ba2c1dab59569267,"{""basis"":""x"",""d"":9,""p"":0.008,""rounds"":9}",
         1,         0,         0,    2.41,belief_find,dec05d9e8d0eed19645a4c343a38ffa4ad7e069f7c117399ba2c1dab59569267,"{""basis"":""x"",""d"":9,""p"":0.008,""rounds"":9}",
         1,         0,         0,    2.14,belief_find,dec05d9e8d0eed19645a4c343a38ffa4ad7e069f7c117399ba2c1dab59569267,"{""basis"":""x"",""d"":9,""p"":0.008,""rounds"":9}",
       129,         6,         0,   120.6,belief_find,0d02f2c07f1d8ae6fff2baf3dc54b145177b3ae3671f2968798ca03aeb160059,"{""basis"":""x"",""d"":7,""p"":0.006,""rounds"":7}",
         1,         0,         0,    2.23,belief_find,dec05d9e8d0eed19645a4c343a38ffa4ad7e069f7c117399ba2c1dab59569267,"{""basis"":""x"",""d"":9,""p"":0.008,""rounds"":9}",
         1,         1,         0,    2.04,belief_find,dec05d9e8d0eed19645a4c343a38ffa4ad7e069f7c117399ba2c1dab59569267,"{""basis"":""x"",""d"":9,""p"":0.008,""rounds"":9}",
         1,         0,         0,    2.64,belief_find,dec05d9e8d0eed19645a4c343a38ffa4ad7e069f7c117399ba2c1dab59569267,"{""basis"":""x"",""d"":9,""p"":0.008,""rounds"":9}",
         1,         1,         0,    2.65,belief_find,dec05d9e8d0eed19645a4c343a38ffa4ad7e069f7c117399ba2c1dab59569267,"{""basis"":""x"",""d"":9,""p"":0.008,""rounds"":9}",
        58,         0,         0,   121.3,belief_find,50286a7a2e3fbed7ea5bbc9c7df22764c3c206917c449a465f94fc1372fb5214,"{""basis"":""x"",""d"":9,""p"":0.002,""rounds"":9}",
         1,         0,         0,    2.63,belief_find,dec05d9e8d0eed19645a4c343a38ffa4ad7e069f7c117399ba2c1dab59569267,"{""basis"":""x"",""d"":9,""p"":0.008,""rounds"":9}",
         1,         0,         0,    2.30,belief_find,dec05d9e8d0eed19645a4c343a38ffa4ad7e069f7c117399ba2c1dab59569267,"{""basis"":""x"",""d"":9,""p"":0.008,""rounds"":9}",
         1,         0,         0,    2.32,belief_find,dec05d9e8d0eed19645a4c343a38ffa4ad7e069f7c117399ba2c1dab59569267,"{""basis"":""x"",""d"":9,""p"":0.008,""rounds"":9}",
        58,         0,         0,   121.3,bp_osd,2d73ea91da0935aeafe2d7ca60ec6f0e9077dde8f43e8ace1585847c2d1cd948,"{""basis"":""x"",""d"":9,""p"":0.002,""rounds"":9}",
       129,         2,         0,   120.3,bp_osd,bea659dce592d9e7dac18f52c515962b5cbd335311a89f928680c06a69db9fa0,"{""basis"":""x"",""d"":7,""p"":0.004,""rounds"":7}",
         1,         1,         0,    2.55,belief_find,dec05d9e8d0eed19645a4c343a38ffa4ad7e069f7c117399ba2c1dab59569267,"{""basis"":""x"",""d"":9,""p"":0.008,""rounds"":9}",
         1,         0,         0,    2.44,belief_find,dec05d9e8d0eed19645a4c343a38ffa4ad7e069f7c117399ba2c1dab59569267,"{""basis"":""x"",""d"":9,""p"":0.008,""rounds"":9}",
         1,         0,         0,    2.55,belief_find,dec05d9e8d0eed19645a4c343a38ffa4ad7e069f7c117399ba2c1dab59569267,"{""basis"":""x"",""d"":9,""p"":0.008,""rounds"":9}",
       127,         4,         0,   120.3,belief_find,08c351f14149e77f75508015fc09a988b4c3c6d7829ffc9c3b4f3f80f7e42ed9,"{""basis"":""x"",""d"":7,""p"":0.004,""rounds"":7}",
         1,         0,         0,    2.64,belief_find,dec05d9e8d0eed19645a4c343a38ffa4ad7e069f7c117399ba2c1dab59569267,"{""basis"":""x"",""d"":9,""p"":0.008,""rounds"":9}",
         1,         0,         0,    2.37,belief_find,dec05d9e8d0eed19645a4c343a38ffa4ad7e069f7c117399ba2c1dab59569267,"{""basis"":""x"",""d"":9,""p"":0.008,""rounds"":9}",
         1,         0,         0,    2.49,belief_find,dec05d9e8d0eed19645a4c343a38ffa4ad7e069f7c117399ba2c1dab59569267,"{""basis"":""x"",""d"":9,""p"":0.008,""rounds"":9}",
        55,         4,         0,   120.5,bp_osd,7de2ce8f480ae8106b52da5287de3b5e3a63220e82625b29377c8675e7f17c4d,"{""basis"":""x"",""d"":9,""p"":0.008,""rounds"":9}",
         1,         0,         0,    2.62,belief_find,dec05d9e8d0eed19645a4c343a38ffa4ad7e069f7c117399ba2c1dab59569267,"{""basis"":""x"",""d"":9,""p"":0.008,""rounds"":9}",
         1,         0,         0,    2.82,belief_find,dec05d9e8d0eed19645a4c343a38ffa4ad7e069f7c117399ba2c1dab59569267,"{""basis"":""x"",""d"":9,""p"":0.008,""rounds"":9}",
         1,         0,         0,    2.78,belief_find,dec05d9e8d0eed19645a4c343a38ffa4ad7e069f7c117399ba2c1dab59569267,"{""basis"":""x"",""d"":9,""p"":0.008,""rounds"":9}",
         1,         0,         0,    2.51,belief_find,dec05d9e8d0eed19645a4c343a38ffa4ad7e069f7c117399ba2c1dab59569267,"{""basis"":""x"",""d"":9,""p"":0.008,""rounds"":9}",
         1,         0,         0,    2.37,belief_find,dec05d9e8d0eed19645a4c343a38ffa4ad7e069f7c117399ba2c1dab59569267,"{""basis"":""x"",""d"":9,""p"":0.008,""rounds"":9}",
         1,         0,         0,    2.77,belief_find,dec05d9e8d0eed19645a4c343a38ffa4ad7e069f7c117399ba2c1dab59569267,"{""basis"":""x"",""d"":9,""p"":0.008,""rounds"":9}",
        56,         0,         0,   120.6,belief_find,61b66453647c0a31f60a3d02c40fbc31e29d23b7241dcb9c131c924dd2125464,"{""basis"":""x"",""d"":9,""p"":0.004,""rounds"":9}",
         1,         0,         0,    2.22,belief_find,dec05d9e8d0eed19645a4c343a38ffa4ad7e069f7c117399ba2c1dab59569267,"{""basis"":""x"",""d"":9,""p"":0.008,""rounds"":9}",
         1,         0,         0,    2.01,belief_find,dec05d9e8d0eed19645a4c343a38ffa4ad7e069f7c117399ba2c1dab59569267,"{""basis"":""x"",""d"":9,""p"":0.008,""rounds"":9}",
         1,         0,         0,    2.34,belief_find,dec05d9e8d0eed19645a4c343a38ffa4ad7e069f7c117399ba2c1dab59569267,"{""basis"":""x"",""d"":9,""p"":0.008,""rounds"":9}",
         1,         0,         0,    2.21,belief_find,dec05d9e8d0eed19645a4c343a38ffa4ad7e069f7c117399ba2c1dab59569267,"{""basis"":""x"",""d"":9,""p"":0.008,""rounds"":9}",
         1,         0,         0,    1.79,belief_find,dec05d9e8d0eed19645a4c343a38ffa4ad7e069f7c117399ba2c1dab59569267,"{""basis"":""x"",""d"":9,""p"":0.008,""rounds"":9}",
         1,         0,         0,    1.99,belief_find,dec05d9e8d0eed19645a4c343a38ffa4ad7e069f7c117399ba2c1dab59569267,"{""basis"":""x"",""d"":9,""p"":0.008,""rounds"":9}",
         2,         1,         0,    4.22,belief_find,dec05d9e8d0eed19645a4c343a38ffa4ad7e069f7c117399ba2c1dab59569267,"{""basis"":""x"",""d"":9,""p"":0.008,""rounds"":9}",
         2,         1,         0,    4.19,belief_find,dec05d9e8d0eed19645a4c343a38ffa4ad7e069f7c117399ba2c1dab59569267,"{""basis"":""x"",""d"":9,""p"":0.008,""rounds"":9}",
       125,         1,         0,   120.4,bp_osd,0e39c1138d6c1114c36527bb081603ff7322700376901eea078c7a4c266aacb7,"{""basis"":""x"",""d"":7,""p"":0.002,""rounds"":7}",
         2,         1,         0,    4.41,belief_find,dec05d9e8d0eed19645a4c343a38ffa4ad7e069f7c117399ba2c1dab59569267,"{""basis"":""x"",""d"":9,""p"":0.008,""rounds"":9}",
        56,         1,         0,   120.2,bp_osd,f61743ccff3d8a1cd76876798066ba1f0231db9250063f361c9f349986c7cfc1,"{""basis"":""x"",""d"":9,""p"":0.006,""rounds"":9}",
         2,         0,         0,    4.41,belief_find,dec05d9e8d0eed19645a4c343a38ffa4ad7e069f7c117399ba2c1dab59569267,"{""basis"":""x"",""d"":9,""p"":0.008,""rounds"":9}",
       127,         1,         0,   120.5,bp_osd,bea659dce592d9e7dac18f52c515962b5cbd335311a89f928680c06a69db9fa0,"{""basis"":""x"",""d"":7,""p"":0.004,""rounds"":7}",
       125,        11,         0,   120.1,bp_osd,d97d8aa4b13209c48fd683be924d1fef96197c53329a95d507618f0d6bc13ac4,"{""basis"":""x"",""d"":7,""p"":0.008,""rounds"":7}",
       126,         0,         0,   120.4,belief_find,d51b11287f46a3bcc136577b149fb14f59784df0ca4f66e423e8124e96cab3be,"{""basis"":""x"",""d"":7,""p"":0.002,""rounds"":7}",
       123,         3,         0,   120.2,bp_osd,bde4c648d79cf1e3365396e7e32b8cc1e1780aa5479672ca740622ea9617b293,"{""basis"":""x"",""d"":7,""p"":0.006,""rounds"":7}",
       125,         1,         0,   120.2,belief_find,08c351f14149e77f75508015fc09a988b4c3c6d7829ffc9c3b4f3f80f7e42ed9,"{""basis"":""x"",""d"":7,""p"":0.004,""rounds"":7}",
         3,         0,         0,    6.35,belief_find,dec05d9e8d0eed19645a4c343a38ffa4ad7e069f7c117399ba2c1dab59569267,"{""basis"":""x"",""d"":9,""p"":0.008,""rounds"":9}",
       124,         6,         0,   120.2,belief_find,0d02f2c07f1d8ae6fff2baf3dc54b145177b3ae3671f2968798ca03aeb160059,"{""basis"":""x"",""d"":7,""p"":0.006,""rounds"":7}",
         3,         1,         0,    6.19,belief_find,dec05d9e8d0eed19645a4c343a38ffa4ad7e069f7c117399ba2c1dab59569267,"{""basis"":""x"",""d"":9,""p"":0.008,""rounds"":9}",
         3,         0,         0,    6.81,belief_find,dec05d9e8d0eed19645a4c343a38ffa4ad7e069f7c117399ba2c1dab59569267,"{""basis"":""x"",""d"":9,""p"":0.008,""rounds"":9}",
         3,         1,         0,    6.78,belief_find,dec05d9e8d0eed19645a4c343a38ffa4ad7e069f7c117399ba2c1dab59569267,"{""basis"":""x"",""d"":9,""p"":0.008,""rounds"":9}",
        56,         1,         0,   121.5,bp_osd,b6dad9c90c8f2c730e10c773f02ee37f8b522e8eacb860a5f6088f55ef19c415,"{""basis"":""x"",""d"":9,""p"":0.004,""rounds"":9}",
         4,         1,         0,    9.10,belief_find,dec05d9e8d0eed19645a4c343a38ffa4ad7e069f7c117399ba2c1dab59569267,"{""basis"":""x"",""d"":9,""p"":0.008,""rounds"":9}",
         4,         1,         0,    9.32,belief_find,dec05d9e8d0eed19645a4c343a38ffa4ad7e069f7c117399ba2c1dab59569267,"{""basis"":""x"",""d"":9,""p"":0.008,""rounds"":9}",
       123,        10,         0,   120.7,bp_osd,d97d8aa4b13209c48fd683be924d1fef96197c53329a95d507618f0d6bc13ac4,"{""basis"":""x"",""d"":7,""p"":0.008,""rounds"":7}",
        54,         3,         0,   120.4,belief_find,929d2f23fbab2e31fea8f507eea8efc347f347671a02a93806f9e90581c1bc13,"{""basis"":""x"",""d"":9,""p"":0.006,""rounds"":9}",
        55,         0,         0,   120.5,belief_find,61b66453647c0a31f60a3d02c40fbc31e29d23b7241dcb9c131c924dd2125464,"{""basis"":""x"",""d"":9,""p"":0.004,""rounds"":9}",
        56,         0,         0,   122.1,belief_find,50286a7a2e3fbed7ea5bbc9c7df22764c3c206917c449a465f94fc1372fb5214,"{""basis"":""x"",""d"":9,""p"":0.002,""rounds"":9}",
         5,         1,         0,    11.9,belief_find,dec05d9e8d0eed19645a4c343a38ffa4ad7e069f7c117399ba2c1dab59569267,"{""basis"":""x"",""d"":9,""p"":0.008,""rounds"":9}",
        55,         0,         0,   121.9,bp_osd,2d73ea91da0935aeafe2d7ca60ec6f0e9077dde8f43e8ace1585847c2d1cd948,"{""basis"":""x"",""d"":9,""p"":0.002,""rounds"":9}",
         6,         1,         0,    14.0,belief_find,dec05d9e8d0eed19645a4c343a38ffa4ad7e069f7c117399ba2c1dab59569267,"{""basis"":""x"",""d"":9,""p"":0.008,""rounds"":9}",
        56,         2,         0,   120.5,bp_osd,f61743ccff3d8a1cd76876798066ba1f0231db9250063f361c9f349986c7cfc1,"{""basis"":""x"",""d"":9,""p"":0.006,""rounds"":9}",
        55,         0,         0,   120.8,bp_osd,b6dad9c90c8f2c730e10c773f02ee37f8b522e8eacb860a5f6088f55ef19c415,"{""basis"":""x"",""d"":9,""p"":0.004,""rounds"":9}",
       125,         0,         0,   120.7,bp_osd,0e39c1138d6c1114c36527bb081603ff7322700376901eea078c7a4c266aacb7,"{""basis"":""x"",""d"":7,""p"":0.002,""rounds"":7}",
        54,         5,         0,   121.5,belief_find,929d2f23fbab2e31fea8f507eea8efc347f347671a02a93806f9e90581c1bc13,"{""basis"":""x"",""d"":9,""p"":0.006,""rounds"":9}",
         8,         1,         0,    18.6,belief_find,dec05d9e8d0eed19645a4c343a38ffa4ad7e069f7c117399ba2c1dab59569267,"{""basis"":""x"",""d"":9,""p"":0.008,""rounds"":9}",
        55,         7,         0,   120.3,bp_osd,7de2ce8f480ae8106b52da5287de3b5e3a63220e82625b29377c8675e7f17c4d,"{""basis"":""x"",""d"":9,""p"":0.008,""rounds"":9}",
         8,         0,         0,    18.9,belief_find,dec05d9e8d0eed19645a4c343a38ffa4ad7e069f7c117399ba2c1dab59569267,"{""basis"":""x"",""d"":9,""p"":0.008,""rounds"":9}",
       125,         0,         0,   120.8,belief_find,d51b11287f46a3bcc136577b149fb14f59784df0ca4f66e423e8124e96cab3be,"{""basis"":""x"",""d"":7,""p"":0.002,""rounds"":7}",
        52,        11,         0,   122.0,belief_find,dec05d9e8d0eed19645a4c343a38ffa4ad7e069f7c117399ba2c1dab59569267,"{""basis"":""x"",""d"":9,""p"":0.008,""rounds"":9}",
        11,         4,         0,    24.1,belief_find,dec05d9e8d0eed19645a4c343a38ffa4ad7e069f7c117399ba2c1dab59569267,"{""basis"":""x"",""d"":9,""p"":0.008,""rounds"":9}",
       123,         6,         0,   121.0,bp_osd,bde4c648d79cf1e3365396e7e32b8cc1e1780aa5479672ca740622ea9617b293,"{""basis"":""x"",""d"":7,""p"":0.006,""rounds"":7}",
        11,         3,         0,    25.3,belief_find,dec05d9e8d0eed19645a4c343a38ffa4ad7e069f7c117399ba2c1dab59569267,"{""basis"":""x"",""d"":9,""p"":0.008,""rounds"":9}",
       122,         4,         0,   120.5,belief_find,0d02f2c07f1d8ae6fff2baf3dc54b145177b3ae3671f2968798ca03aeb160059,"{""basis"":""x"",""d"":7,""p"":0.006,""rounds"":7}",
        55,         0,         0,   120.8,belief_find,50286a7a2e3fbed7ea5bbc9c7df22764c3c206917c449a465f94fc1372fb5214,"{""basis"":""x"",""d"":9,""p"":0.002,""rounds"":9}",
       126,         0,         0,   120.0,bp_osd,bea659dce592d9e7dac18f52c515962b5cbd335311a89f928680c06a69db9fa0,"{""basis"":""x"",""d"":7,""p"":0.004,""rounds"":7}",
        55,         0,         0,   121.3,bp_osd,2d73ea91da0935aeafe2d7ca60ec6f0e9077dde8f43e8ace1585847c2d1cd948,"{""basis"":""x"",""d"":9,""p"":0.002,""rounds"":9}",
       124,         2,         0,   120.4,belief_find,08c351f14149e77f75508015fc09a988b4c3c6d7829ffc9c3b4f3f80f7e42ed9,"{""basis"":""x"",""d"":7,""p"":0.004,""rounds"":7}",
        57,         6,         0,   121.8,bp_osd,7de2ce8f480ae8106b52da5287de3b5e3a63220e82625b29377c8675e7f17c4d,"{""basis"":""x"",""d"":9,""p"":0.008,""rounds"":9}",
        56,         3,         0,   120.1,belief_find,61b66453647c0a31f60a3d02c40fbc31e29d23b7241dcb9c131c924dd2125464,"{""basis"":""x"",""d"":9,""p"":0.004,""rounds"":9}",
        15,         1,         0,    32.4,belief_find,dec05d9e8d0eed19645a4c343a38ffa4ad7e069f7c117399ba2c1dab59569267,"{""basis"":""x"",""d"":9,""p"":0.008,""rounds"":9}",
        15,         3,         0,    32.9,belief_find,dec05d9e8d0eed19645a4c343a38ffa4ad7e069f7c117399ba2c1dab59569267,"{""basis"":""x"",""d"":9,""p"":0.008,""rounds"":9}",
       127,         0,         0,   120.4,bp_osd,0e39c1138d6c1114c36527bb081603ff7322700376901eea078c7a4c266aacb7,"{""basis"":""x"",""d"":7,""p"":0.002,""rounds"":7}",
        56,         2,         0,   122.0,bp_osd,f61743ccff3d8a1cd76876798066ba1f0231db9250063f361c9f349986c7cfc1,"{""basis"":""x"",""d"":9,""p"":0.006,""rounds"":9}",
       127,         0,         0,   120.8,bp_osd,bea659dce592d9e7dac18f52c515962b5cbd335311a89f928680c06a69db9fa0,"{""basis"":""x"",""d"":7,""p"":0.004,""rounds"":7}",
       127,        12,         0,   121.0,bp_osd,d97d8aa4b13209c48fd683be924d1fef96197c53329a95d507618f0d6bc13ac4,"{""basis"":""x"",""d"":7,""p"":0.008,""rounds"":7}",
       129,         0,         0,   120.5,belief_find,d51b11287f46a3bcc136577b149fb14f59784df0ca4f66e423e8124e96cab3be,"{""basis"":""x"",""d"":7,""p"":0.002,""rounds"":7}",
       124,         5,         0,   120.7,bp_osd,bde4c648d79cf1e3365396e7e32b8cc1e1780aa5479672ca740622ea9617b293,"{""basis"":""x"",""d"":7,""p"":0.006,""rounds"":7}",
       128,         2,         0,   120.8,belief_find,08c351f14149e77f75508015fc09a988b4c3c6d7829ffc9c3b4f3f80f7e42ed9,"{""basis"":""x"",""d"":7,""p"":0.004,""rounds"":7}",
       125,         3,         0,   120.3,belief_find,0d02f2c07f1d8ae6fff2baf3dc54b145177b3ae3671f2968798ca03aeb160059,"{""basis"":""x"",""d"":7,""p"":0.006,""rounds"":7}",
        57,         1,         0,   120.1,bp_osd,b6dad9c90c8f2c730e10c773f02ee37f8b522e8eacb860a5f6088f55ef19c415,"{""basis"":""x"",""d"":9,""p"":0.004,""rounds"":9}",
       126,        10,         0,   120.4,bp_osd,d97d8aa4b13209c48fd683be924d1fef96197c53329a95d507618f0d6bc13ac4,"{""basis"":""x"",""d"":7,""p"":0.008,""rounds"":7}",
        56,         7,         0,   121.9,belief_find,929d2f23fbab2e31fea8f507eea8efc347f347671a02a93806f9e90581c1bc13,"{""basis"":""x"",""d"":9,""p"":0.006,""rounds"":9}",
        57,         1,         0,   122.2,belief_find,61b66453647c0a31f60a3d02c40fbc31e29d23b7241dcb9c131c924dd2125464,"{""basis"":""x"",""d"":9,""p"":0.004,""rounds"":9}",
        57,         0,         0,   120.9,belief_find,50286a7a2e3fbed7ea5bbc9c7df22764c3c206917c449a465f94fc1372fb5214,"{""basis"":""x"",""d"":9,""p"":0.002,""rounds"":9}",
        21,         1,         0,    46.2,belief_find,dec05d9e8d0eed19645a4c343a38ffa4ad7e069f7c117399ba2c1dab59569267,"{""basis"":""x"",""d"":9,""p"":0.008,""rounds"":9}",
        57,         0,         0,   121.5,bp_osd,2d73ea91da0935aeafe2d7ca60ec6f0e9077dde8f43e8ace1585847c2d1cd948,"{""basis"":""x"",""d"":9,""p"":0.002,""rounds"":9}",
        21,         2,         0,    46.4,belief_find,dec05d9e8d0eed19645a4c343a38ffa4ad7e069f7c117399ba2c1dab59569267,"{""basis"":""x"",""d"":9,""p"":0.008,""rounds"":9}",
       129,         0,         0,   120.0,bp_osd,0e39c1138d6c1114c36527bb081603ff7322700376901eea078c7a4c266aacb7,"{""basis"":""x"",""d"":7,""p"":0.002,""rounds"":7}",
        58,         1,         0,   120.8,bp_osd,f61743ccff3d8a1cd76876798066ba1f0231db9250063f361c9f349986c7cfc1,"{""basis"":""x"",""d"":9,""p"":0.006,""rounds"":9}",
        59,         0,         0,   121.7,bp_osd,b6dad9c90c8f2c730e10c773f02ee37f8b522e8eacb860a5f6088f55ef19c415,"{""basis"":""x"",""d"":9,""p"":0.004,""rounds"":9}",
        56,         1,         0,   121.0,belief_find,929d2f23fbab2e31fea8f507eea8efc347f347671a02a93806f9e90581c1bc13,"{""basis"":""x"",""d"":9,""p"":0.006,""rounds"":9}",
        58,         6,         0,   121.2,bp_osd,7de2ce8f480ae8106b52da5287de3b5e3a63220e82625b29377c8675e7f17c4d,"{""basis"":""x"",""d"":9,""p"":0.008,""rounds"":9}",
       132,         0,         0,   120.5,belief_find,d51b11287f46a3bcc136577b149fb14f59784df0ca4f66e423e8124e96cab3be,"{""basis"":""x"",""d"":7,""p"":0.002,""rounds"":7}",
        55,         6,         0,   121.4,belief_find,dec05d9e8d0eed19645a4c343a38ffa4ad7e069f7c117399ba2c1dab59569267,"{""basis"":""x"",""d"":9,""p"":0.008,""rounds"":9}",
       132,         4,         0,   120.8,bp_osd,bde4c648d79cf1e3365396e7e32b8cc1e1780aa5479672ca740622ea9617b293,"{""basis"":""x"",""d"":7,""p"":0.006,""rounds"":7}",
       130,         9,         0,   120.1,belief_find,0d02f2c07f1d8ae6fff2baf3dc54b145177b3ae3671f2968798ca03aeb160059,"{""basis"":""x"",""d"":7,""p"":0.006,""rounds"":7}",
        59,         0,         0,   120.5,belief_find,50286a7a2e3fbed7ea5bbc9c7df22764c3c206917c449a465f94fc1372fb5214,"{""basis"":""x"",""d"":9,""p"":0.002,""rounds"":9}",
       130,         2,         0,   120.0,bp_osd,bea659dce592d9e7dac18f52c515962b5cbd335311a89f928680c06a69db9fa0,"{""basis"":""x"",""d"":7,""p"":0.004,""rounds"":7}",
        60,         0,         0,   120.9,bp_osd,2d73ea91da0935aeafe2d7ca60ec6f0e9077dde8f43e8ace1585847c2d1cd948,"{""basis"":""x"",""d"":9,""p"":0.002,""rounds"":9}",
       133,         1,         0,   120.6,belief_find,08c351f14149e77f75508015fc09a988b4c3c6d7829ffc9c3b4f3f80f7e42ed9,"{""basis"":""x"",""d"":7,""p"":0.004,""rounds"":7}",
        29,        10,         0,    63.8,belief_find,dec05d9e8d0eed19645a4c343a38ffa4ad7e069f7c117399ba2c1dab59569267,"{""basis"":""x"",""d"":9,""p"":0.008,""rounds"":9}",
        58,         6,         0,   121.0,bp_osd,7de2ce8f480ae8106b52da5287de3b5e3a63220e82625b29377c8675e7f17c4d,"{""basis"":""x"",""d"":9,""p"":0.008,""rounds"":9}",
        29,         6,         0,    63.1,belief_find,dec05d9e8d0eed19645a4c343a38ffa4ad7e069f7c117399ba2c1dab59569267,"{""basis"":""x"",""d"":9,""p"":0.008,""rounds"":9}",
        58,         1,         0,   121.8,belief_find,61b66453647c0a31f60a3d02c40fbc31e29d23b7241dcb9c131c924dd2125464,"{""basis"":""x"",""d"":9,""p"":0.004,""rounds"":9}",
       133,         0,         0,   120.6,bp_osd,0e39c1138d6c1114c36527bb081603ff7322700376901eea078c7a4c266aacb7,"{""basis"":""x"",""d"":7,""p"":0.002,""rounds"":7}",
        58,         4,         0,   120.6,bp_osd,f61743ccff3d8a1cd76876798066ba1f0231db9250063f361c9f349986c7cfc1,"{""basis"":""x"",""d"":9,""p"":0.006,""rounds"":9}",
       128,         1,         0,   120.1,bp_osd,bea659dce592d9e7dac18f52c515962b5cbd335311a89f928680c06a69db9fa0,"{""basis"":""x"",""d"":7,""p"":0.004,""rounds"":7}",
       129,         4,         0,   120.3,bp_osd,d97d8aa4b13209c48fd683be924d1fef96197c53329a95d507618f0d6bc13ac4,"{""basis"":""x"",""d"":7,""p"":0.008,""rounds"":7}",
       130,         0,         0,   120.7,belief_find,d51b11287f46a3bcc136577b149fb14f59784df0ca4f66e423e8124e96cab3be,"{""basis"":""x"",""d"":7,""p"":0.002,""rounds"":7}",
       129,         4,         0,   120.8,bp_osd,bde4c648d79cf1e3365396e7e32b8cc1e1780aa5479672ca740622ea9617b293,"{""basis"":""x"",""d"":7,""p"":0.006,""rounds"":7}",
       130,         2,         0,   120.8,belief_find,08c351f14149e77f75508015fc09a988b4c3c6d7829ffc9c3b4f3f80f7e42ed9,"{""basis"":""x"",""d"":7,""p"":0.004,""rounds"":7}",
       127,         7,         0,   120.7,belief_find,0d02f2c07f1d8ae6fff2baf3dc54b145177b3ae3671f2968798ca03aeb160059,"{""basis"":""x"",""d"":7,""p"":0.006,""rounds"":7}",
        57,         2,         0,   120.6,bp_osd,b6dad9c90c8f2c730e10c773f02ee37f8b522e8eacb860a5f6088f55ef19c415,"{""basis"":""x"",""d"":9,""p"":0.004,""rounds"":9}",
       128,        14,         0,   120.5,bp_osd,d97d8aa4b13209c48fd683be924d1fef96197c53329a95d507618f0d6bc13ac4,"{""basis"":""x"",""d"":7,""p"":0.008,""rounds"":7}",
        57,         1,         0,   121.5,belief_find,929d2f23fbab2e31fea8f507eea8efc347f347671a02a93806f9e90581c1bc13,"{""basis"":""x"",""d"":9,""p"":0.006,""rounds"":9}",
        59,         0,         0,   120.7,belief_find,50286a7a2e3fbed7ea5bbc9c7df22764c3c206917c449a465f94fc1372fb5214,"{""basis"":""x"",""d"":9,""p"":0.002,""rounds"":9}",
        58,         0,         0,   121.7,belief_find,61b66453647c0a31f60a3d02c40fbc31e29d23b7241dcb9c131c924dd2125464,"{""basis"":""x"",""d"":9,""p"":0.004,""rounds"":9}",
        59,         0,         0,   121.9,bp_osd,2d73ea91da0935aeafe2d7ca60ec6f0e9077dde8f43e8ace1585847c2d1cd948,"{""basis"":""x"",""d"":9,""p"":0.002,""rounds"":9}",
       132,         1,         0,   120.0,bp_osd,0e39c1138d6c1114c36527bb081603ff7322700376901eea078c7a4c266aacb7,"{""basis"":""x"",""d"":7,""p"":0.002,""rounds"":7}",
        60,         2,         0,   121.7,bp_osd,f61743ccff3d8a1cd76876798066ba1f0231db9250063f361c9f349986c7cfc1,"{""basis"":""x"",""d"":9,""p"":0.006,""rounds"":9}",
        59,         0,         0,   121.8,bp_osd,b6dad9c90c8f2c730e10c773f02ee37f8b522e8eacb860a5f6088f55ef19c415,"{""basis"":""x"",""d"":9,""p"":0.004,""rounds"":9}",
        57,         3,         0,   120.3,belief_find,929d2f23fbab2e31fea8f507eea8efc347f347671a02a93806f9e90581c1bc13,"{""basis"":""x"",""d"":9,""p"":0.006,""rounds"":9}",
        59,         9,         0,   121.7,bp_osd,7de2ce8f480ae8106b52da5287de3b5e3a63220e82625b29377c8675e7f17c4d,"{""basis"":""x"",""d"":9,""p"":0.008,""rounds"":9}",
       131,         0,         0,   120.4,belief_find,d51b11287f46a3bcc136577b149fb14f59784df0ca4f66e423e8124e96cab3be,"{""basis"":""x"",""d"":7,""p"":0.002,""rounds"":7}",
        40,         4,         0,    88.6,belief_find,dec05d9e8d0eed19645a4c343a38ffa4ad7e069f7c117399ba2c1dab59569267,"{""basis"":""x"",""d"":9,""p"":0.008,""rounds"":9}",
        39,         9,         0,    88.5,belief_find,dec05d9e8d0eed19645a4c343a38ffa4ad7e069f7c117399ba2c1dab59569267,"{""basis"":""x"",""d"":9,""p"":0.008,""rounds"":9}",
        55,        12,         0,   120.8,belief_find,dec05d9e8d0eed19645a4c343a38ffa4ad7e069f7c117399ba2c1dab59569267,"{""basis"":""x"",""d"":9,""p"":0.008,""rounds"":9}",
       129,         4,         0,   119.9,bp_osd,bde4c648d79cf1e3365396e7e32b8cc1e1780aa5479672ca740622ea9617b293,"{""basis"":""x"",""d"":7,""p"":0.006,""rounds"":7}",
       128,         4,         0,   120.3,belief_find,0d02f2c07f1d8ae6fff2baf3dc54b145177b3ae3671f2968798ca03aeb160059,"{""basis"":""x"",""d"":7,""p"":0.006,""rounds"":7}",
        58,         0,         0,   120.4,belief_find,50286a7a2e3fbed7ea5bbc9c7df22764c3c206917c449a465f94fc1372fb5214,"{""basis"":""x"",""d"":9,""p"":0.002,""rounds"":9}",
       129,         0,         0,   120.0,bp_osd,bea659dce592d9e7dac18f52c515962b5cbd335311a89f928680c06a69db9fa0,"{""basis"":""x"",""d"":7,""p"":0.004,""rounds"":7}",
        60,         0,         0,   121.3,bp_osd,2d73ea91da0935aeafe2d7ca60ec6f0e9077dde8f43e8ace1585847c2d1cd948,"{""basis"":""x"",""d"":9,""p"":0.002,""rounds"":9}",
       132,         4,         0,   120.7,belief_find,08c351f14149e77f75508015fc09a988b4c3c6d7829ffc9c3b4f3f80f7e42ed9,"{""basis"":""x"",""d"":7,""p"":0.004,""rounds"":7}",
        59,         6,         0,   121.3,bp_osd,7de2ce8f480ae8106b52da5287de3b5e3a63220e82625b29377c8675e7f17c4d,"{""basis"":""x"",""d"":9,""p"":0.008,""rounds"":9}",
        59,         1,         0,   120.9,belief_find,61b66453647c0a31f60a3d02c40fbc31e29d23b7241dcb9c131c924dd2125464,"{""basis"":""x"",""d"":9,""p"":0.004,""rounds"":9}",
       134,         0,         0,   120.0,bp_osd,0e39c1138d6c1114c36527bb081603ff7322700376901eea078c7a4c266aacb7,"{""basis"":""x"",""d"":7,""p"":0.002,""rounds"":7}",
       133,         0,         0,   120.1,bp_osd,bea659dce592d9e7dac18f52c515962b5cbd335311a89f928680c06a69db9fa0,"{""basis"":""x"",""d"":7,""p"":0.004,""rounds"":7}",
        59,         1,         0,   121.1,bp_osd,f61743ccff3d8a1cd76876798066ba1f0231db9250063f361c9f349986c7cfc1,"{""basis"":""x"",""d"":9,""p"":0.006,""rounds"":9}",
       133,         9,         0,   120.6,bp_osd,d97d8aa4b13209c48fd683be924d1fef96197c53329a95d507618f0d6bc13ac4,"{""basis"":""x"",""d"":7,""p"":0.008,""rounds"":7}",
       135,         1,         0,   120.6,belief_find,d51b11287f46a3bcc136577b149fb14f59784df0ca4f66e423e8124e96cab3be,"{""basis"":""x"",""d"":7,""p"":0.002,""rounds"":7}",
       131,         2,         0,   120.1,bp_osd,bde4c648d79cf1e3365396e7e32b8cc1e1780aa5479672ca740622ea9617b293,"{""basis"":""x"",""d"":7,""p"":0.006,""rounds"":7}",
       135,         1,         0,   120.7,belief_find,08c351f14149e77f75508015fc09a988b4c3c6d7829ffc9c3b4f3f80f7e42ed9,"{""basis"":""x"",""d"":7,""p"":0.004,""rounds"":7}",
       132,         5,         0,   120.5,belief_find,0d02f2c07f1d8ae6fff2baf3dc54b145177b3ae3671f2968798ca03aeb160059,"{""basis"":""x"",""d"":7,""p"":0.006,""rounds"":7}",
        60,         2,         0,   122.1,bp_osd,b6dad9c90c8f2c730e10c773f02ee37f8b522e8eacb860a5f6088f55ef19c415,"{""basis"":""x"",""d"":9,""p"":0.004,""rounds"":9}",
       133,        10,         0,   120.8,bp_osd,d97d8aa4b13209c48fd683be924d1fef96197c53329a95d507618f0d6bc13ac4,"{""basis"":""x"",""d"":7,""p"":0.008,""rounds"":7}",
        59,         4,         0,   121.6,belief_find,929d2f23fbab2e31fea8f507eea8efc347f347671a02a93806f9e90581c1bc13,"{""basis"":""x"",""d"":9,""p"":0.006,""rounds"":9}",
        60,         0,         0,   120.4,belief_find,50286a7a2e3fbed7ea5bbc9c7df22764c3c206917c449a465f94fc1372fb5214,"{""basis"":""x"",""d"":9,""p"":0.002,""rounds"":9}",
        59,         1,         0,   121.9,belief_find,61b66453647c0a31f60a3d02c40fbc31e29d23b7241dcb9c131c924dd2125464,"{""basis"":""x"",""d"":9,""p"":0.004,""rounds"":9}",
        59,         0,         0,   121.0,bp_osd,2d73ea91da0935aeafe2d7ca60ec6f0e9077dde8f43e8ace1585847c2d1cd948,"{""basis"":""x"",""d"":9,""p"":0.002,""rounds"":9}",
       133,         0,         0,   120.4,bp_osd,0e39c1138d6c1114c36527bb081603ff7322700376901eea078c7a4c266aacb7,"{""basis"":""x"",""d"":7,""p"":0.002,""rounds"":7}",
        59,         3,         0,   120.6,bp_osd,f61743ccff3d8a1cd76876798066ba1f0231db9250063f361c9f349986c7cfc1,"{""basis"":""x"",""d"":9,""p"":0.006,""rounds"":9}",
        60,         0,         0,   122.0,bp_osd,b6dad9c90c8f2c730e10c773f02ee37f8b522e8eacb860a5f6088f55ef19c415,"{""basis"":""x"",""d"":9,""p"":0.004,""rounds"":9}",
        59,         5,         0,   120.2,belief_find,929d2f23fbab2e31fea8f507eea8efc347f347671a02a93806f9e90581c1bc13,"{""basis"":""x"",""d"":9,""p"":0.006,""rounds"":9}",
        60,         4,         0,   121.6,bp_osd,7de2ce8f480ae8106b52da5287de3b5e3a63220e82625b29377c8675e7f17c4d,"{""basis"":""x"",""d"":9,""p"":0.008,""rounds"":9}",
       136,         0,         0,   120.2,belief_find,d51b11287f46a3bcc136577b149fb14f59784df0ca4f66e423e8124e96cab3be,"{""basis"":""x"",""d"":7,""p"":0.002,""rounds"":7}",
        57,         4,         0,   121.7,belief_find,dec05d9e8d0eed19645a4c343a38ffa4ad7e069f7c117399ba2c1dab59569267,"{""basis"":""x"",""d"":9,""p"":0.008,""rounds"":9}",
        57,         4,         0,   121.4,belief_find,dec05d9e8d0eed19645a4c343a38ffa4ad7e069f7c117399ba2c1dab59569267,"{""basis"":""x"",""d"":9,""p"":0.008,""rounds"":9}",
        57,        12,         0,   121.8,belief_find,dec05d9e8d0eed19645a4c343a38ffa4ad7e069f7c117399ba2c1dab59569267,"{""basis"":""x"",""d"":9,""p"":0.008,""rounds"":9}",
       133,         5,         0,   120.6,bp_osd,bde4c648d79cf1e3365396e7e32b8cc1e1780aa5479672ca740622ea9617b293,"{""basis"":""x"",""d"":7,""p"":0.006,""rounds"":7}",
       135,         7,         0,   120.5,belief_find,0d02f2c07f1d8ae6fff2baf3dc54b145177b3ae3671f2968798ca03aeb160059,"{""basis"":""x"",""d"":7,""p"":0.006,""rounds"":7}",
        61,         0,         0,   121.2,belief_find,50286a7a2e3fbed7ea5bbc9c7df22764c3c206917c449a465f94fc1372fb5214,"{""basis"":""x"",""d"":9,""p"":0.002,""rounds"":9}",
       137,         2,         0,   120.0,bp_osd,bea659dce592d9e7dac18f52c515962b5cbd335311a89f928680c06a69db9fa0,"{""basis"":""x"",""d"":7,""p"":0.004,""rounds"":7}",
        61,         0,         0,   120.2,bp_osd,2d73ea91da0935aeafe2d7ca60ec6f0e9077dde8f43e8ace1585847c2d1cd948,"{""basis"":""x"",""d"":9,""p"":0.002,""rounds"":9}",
       132,         1,         0,   120.3,belief_find,08c351f14149e77f75508015fc09a988b4c3c6d7829ffc9c3b4f3f80f7e42ed9,"{""basis"":""x"",""d"":7,""p"":0.004,""rounds"":7}",
        59,         5,         0,   120.3,bp_osd,7de2ce8f480ae8106b52da5287de3b5e3a63220e82625b29377c8675e7f17c4d,"{""basis"":""x"",""d"":9,""p"":0.008,""rounds"":9}",
        60,         0,         0,   121.6,belief_find,61b66453647c0a31f60a3d02c40fbc31e29d23b7241dcb9c131c924dd2125464,"{""basis"":""x"",""d"":9,""p"":0.004,""rounds"":9}",
       140,         1,         0,   120.4,bp_osd,0e39c1138d6c1114c36527bb081603ff7322700376901eea078c7a4c266aacb7,"{""basis"":""x"",""d"":7,""p"":0.002,""rounds"":7}",
       136,         2,         0,   120.0,bp_osd,bea659dce592d9e7dac18f52c515962b5cbd335311a89f928680c06a69db9fa0,"{""basis"":""x"",""d"":7,""p"":0.004,""rounds"":7}",
       133,        11,         0,   120.0,bp_osd,d97d8aa4b13209c48fd683be924d1fef96197c53329a95d507618f0d6bc13ac4,"{""basis"":""x"",""d"":7,""p"":0.008,""rounds"":7}",
        60,         3,         0,   121.3,bp_osd,f61743ccff3d8a1cd76876798066ba1f0231db9250063f361c9f349986c7cfc1,"{""basis"":""x"",""d"":9,""p"":0.006,""rounds"":9}",
       138,         0,         0,   120.8,belief_find,d51b11287f46a3bcc136577b149fb14f59784df0ca4f66e423e8124e96cab3be,"{""basis"":""x"",""d"":7,""p"":0.002,""rounds"":7}",
       135,         3,         0,   120.5,bp_osd,bde4c648d79cf1e3365396e7e32b8cc1e1780aa5479672ca740622ea9617b293,"{""basis"":""x"",""d"":7,""p"":0.006,""rounds"":7}",
       135,         3,         0,   120.2,belief_find,08c351f14149e77f75508015fc09a988b4c3c6d7829ffc9c3b4f3f80f7e42ed9,"{""basis"":""x"",""d"":7,""p"":0.004,""rounds"":7}",
       135,         4,         0,   120.8,belief_find,0d02f2c07f1d8ae6fff2baf3dc54b145177b3ae3671f2968798ca03aeb160059,"{""basis"":""x"",""d"":7,""p"":0.006,""rounds"":7}",
        61,         0,         0,   122.1,bp_osd,b6dad9c90c8f2c730e10c773f02ee37f8b522e8eacb860a5f6088f55ef19c415,"{""basis"":""x"",""d"":9,""p"":0.004,""rounds"":9}",
       134,        11,         0,   120.2,bp_osd,d97d8aa4b13209c48fd683be924d1fef96197c53329a95d507618f0d6bc13ac4,"{""basis"":""x"",""d"":7,""p"":0.008,""rounds"":7}",
        59,         2,         0,   120.8,belief_find,929d2f23fbab2e31fea8f507eea8efc347f347671a02a93806f9e90581c1bc13,"{""basis"":""x"",""d"":9,""p"":0.006,""rounds"":9}",
        59,         0,         0,   120.8,belief_find,50286a7a2e3fbed7ea5bbc9c7df22764c3c206917c449a465f94fc1372fb5214,"{""basis"":""x"",""d"":9,""p"":0.002,""rounds"":9}",
        58,         1,         0,   120.2,belief_find,61b66453647c0a31f60a3d02c40fbc31e29d23b7241dcb9c131c924dd2125464,"{""basis"":""x"",""d"":9,""p"":0.004,""rounds"":9}",
        59,         0,         0,   120.0,bp_osd,2d73ea91da0935aeafe2d7ca60ec6f0e9077dde8f43e8ace1585847c2d1cd948,"{""basis"":""x"",""d"":9,""p"":0.002,""rounds"":9}",
       132,         0,         0,   120.3,bp_osd,0e39c1138d6c1114c36527bb081603ff7322700376901eea078c7a4c266aacb7,"{""basis"":""x"",""d"":7,""p"":0.002,""rounds"":7}",
        59,         1,         0,   120.8,bp_osd,f61743ccff3d8a1cd76876798066ba1f0231db9250063f361c9f349986c7cfc1,"{""basis"":""x"",""d"":9,""p"":0.006,""rounds"":9}",
        58,         4,         0,   121.4,belief_find,929d2f23fbab2e31fea8f507eea8efc347f347671a02a93806f9e90581c1bc13,"{""basis"":""x"",""d"":9,""p"":0.006,""rounds"":9}",
        60,         0,         0,   122.0,bp_osd,b6dad9c90c8f2c730e10c773f02ee37f8b522e8eacb860a5f6088f55ef19c415,"{""basis"":""x"",""d"":9,""p"":0.004,""rounds"":9}",
        57,         5,         0,   120.1,bp_osd,7de2ce8f480ae8106b52da5287de3b5e3a63220e82625b29377c8675e7f17c4d,"{""basis"":""x"",""d"":9,""p"":0.008,""rounds"":9}",
       132,         0,         0,   120.3,belief_find,d51b11287f46a3bcc136577b149fb14f59784df0ca4f66e423e8124e96cab3be,"{""basis"":""x"",""d"":7,""p"":0.002,""rounds"":7}",
        55,         9,         0,   120.8,belief_find,dec05d9e8d0eed19645a4c343a38ffa4ad7e069f7c117399ba2c1dab59569267,"{""basis"":""x"",""d"":9,""p"":0.008,""rounds"":9}",
        56,        13,         0,   119.9,belief_find,dec05d9e8d0eed19645a4c343a38ffa4ad7e069f7c117399ba2c1dab59569267,"{""basis"":""x"",""d"":9,""p"":0.008,""rounds"":9}",
        55,         9,         0,   120.4,belief_find,dec05d9e8d0eed19645a4c343a38ffa4ad7e069f7c117399ba2c1dab59569267,"{""basis"":""x"",""d"":9,""p"":0.008,""rounds"":9}",
       132,         1,         0,   120.0,bp_osd,bde4c648d79cf1e3365396e7e32b8cc1e1780aa5479672ca740622ea9617b293,"{""basis"":""x"",""d"":7,""p"":0.006,""rounds"":7}",
       131,         5,         0,   120.2,belief_find,0d02f2c07f1d8ae6fff2baf3dc54b145177b3ae3671f2968798ca03aeb160059,"{""basis"":""x"",""d"":7,""p"":0.006,""rounds"":7}",
        58,         0,         0,   120.1,belief_find,50286a7a2e3fbed7ea5bbc9c7df22764c3c206917c449a465f94fc1372fb5214,"{""basis"":""x"",""d"":9,""p"":0.002,""rounds"":9}",
       135,         0,         0,   120.1,bp_osd,bea659dce592d9e7dac18f52c515962b5cbd335311a89f928680c06a69db9fa0,"{""basis"":""x"",""d"":7,""p"":0.004,""rounds"":7}",
        59,         0,         0,   122.1,bp_osd,2d73ea91da0935aeafe2d7ca60ec6f0e9077dde8f43e8ace1585847c2d1cd948,"{""basis"":""x"",""d"":9,""p"":0.002,""rounds"":9}",
       128,         3,         0,   120.7,belief_find,08c351f14149e77f75508015fc09a988b4c3c6d7829ffc9c3b4f3f80f7e42ed9,"{""basis"":""x"",""d"":7,""p"":0.004,""rounds"":7}",
        58,         9,         0,   120.4,bp_osd,7de2ce8f480ae8106b52da5287de3b5e3a63220e82625b29377c8675e7f17c4d,"{""basis"":""x"",""d"":9,""p"":0.008,""rounds"":9}",
        59,         3,         0,   120.6,belief_find,61b66453647c0a31f60a3d02c40fbc31e29d23b7241dcb9c131c924dd2125464,"{""basis"":""x"",""d"":9,""p"":0.004,""rounds"":9}",
       131,         0,         0,   120.1,bp_osd,0e39c1138d6c1114c36527bb081603ff7322700376901eea078c7a4c266aacb7,"{""basis"":""x"",""d"":7,""p"":0.002,""rounds"":7}",
       129,         0,         0,   120.4,bp_osd,bea659dce592d9e7dac18f52c515962b5cbd335311a89f928680c06a69db9fa0,"{""basis"":""x"",""d"":7,""p"":0.004,""rounds"":7}",
       132,         9,         0,   120.8,bp_osd,d97d8aa4b13209c48fd683be924d1fef96197c53329a95d507618f0d6bc13ac4,"{""basis"":""x"",""d"":7,""p"":0.008,""rounds"":7}",
       132,         0,         0,   120.2,belief_find,d51b11287f46a3bcc136577b149fb14f59784df0ca4f66e423e8124e96cab3be,"{""basis"":""x"",""d"":7,""p"":0.002,""rounds"":7}",
        57,         3,         0,   121.1,bp_osd,f61743ccff3d8a1cd76876798066ba1f0231db9250063f361c9f349986c7cfc1,"{""basis"":""x"",""d"":9,""p"":0.006,""rounds"":9}",
       128,         5,         0,   120.8,bp_osd,bde4c648d79cf1e3365396e7e32b8cc1e1780aa5479672ca740622ea9617b293,"{""basis"":""x"",""d"":7,""p"":0.006,""rounds"":7}",
       129,         0,         0,   120.8,belief_find,08c351f14149e77f75508015fc09a988b4c3c6d7829ffc9c3b4f3f80f7e42ed9,"{""basis"":""x"",""d"":7,""p"":0.004,""rounds"":7}",
       128,        10,         0,   120.7,belief_find,0d02f2c07f1d8ae6fff2baf3dc54b145177b3ae3671f2968798ca03aeb160059,"{""basis"":""x"",""d"":7,""p"":0.006,""rounds"":7}",
        57,         0,         0,   120.1,bp_osd,b6dad9c90c8f2c730e10c773f02ee37f8b522e8eacb860a5f6088f55ef19c415,"{""basis"":""x"",""d"":9,""p"":0.004,""rounds"":9}",
       128,        11,         0,   120.9,bp_osd,d97d8aa4b13209c48fd683be924d1fef96197c53329a95d507618f0d6bc13ac4,"{""basis"":""x"",""d"":7,""p"":0.008,""rounds"":7}",
        56,         4,         0,   121.6,belief_find,929d2f23fbab2e31fea8f507eea8efc347f347671a02a93806f9e90581c1bc13,"{""basis"":""x"",""d"":9,""p"":0.006,""rounds"":9}",
        58,         0,         0,   121.1,belief_find,50286a7a2e3fbed7ea5bbc9c7df22764c3c206917c449a465f94fc1372fb5214,"{""basis"":""x"",""d"":9,""p"":0.002,""rounds"":9}",
        57,         1,         0,   120.3,belief_find,61b66453647c0a31f60a3d02c40fbc31e29d23b7241dcb9c131c924dd2125464,"{""basis"":""x"",""d"":9,""p"":0.004,""rounds"":9}",
        58,         0,         0,   121.8,bp_osd,2d73ea91da0935aeafe2d7ca60ec6f0e9077dde8f43e8ace1585847c2d1cd948,"{""basis"":""x"",""d"":9,""p"":0.002,""rounds"":9}",
       127,         0,         0,   120.1,bp_osd,0e39c1138d6c1114c36527bb081603ff7322700376901eea078c7a4c266aacb7,"{""basis"":""x"",""d"":7,""p"":0.002,""rounds"":7}",
        56,         4,         0,   120.4,bp_osd,f61743ccff3d8a1cd76876798066ba1f0231db9250063f361c9f349986c7cfc1,"{""basis"":""x"",""d"":9,""p"":0.006,""rounds"":9}",
        56,         6,         0,   120.3,belief_find,929d2f23fbab2e31fea8f507eea8efc347f347671a02a93806f9e90581c1bc13,"{""basis"":""x"",""d"":9,""p"":0.006,""rounds"":9}",
        57,         0,         0,   120.5,bp_osd,b6dad9c90c8f2c730e10c773f02ee37f8b522e8eacb860a5f6088f55ef19c415,"{""basis"":""x"",""d"":9,""p"":0.004,""rounds"":9}",
        56,         4,         0,   120.7,bp_osd,7de2ce8f480ae8106b52da5287de3b5e3a63220e82625b29377c8675e7f17c4d,"{""basis"":""x"",""d"":9,""p"":0.008,""rounds"":9}",
       126,         0,         0,   120.5,belief_find,d51b11287f46a3bcc136577b149fb14f59784df0ca4f66e423e8124e96cab3be,"{""basis"":""x"",""d"":7,""p"":0.002,""rounds"":7}",
        53,         6,         0,   120.0,belief_find,dec05d9e8d0eed19645a4c343a38ffa4ad7e069f7c117399ba2c1dab59569267,"{""basis"":""x"",""d"":9,""p"":0.008,""rounds"":9}",
        53,        10,         0,   120.4,belief_find,dec05d9e8d0eed19645a4c343a38ffa4ad7e069f7c117399ba2c1dab59569267,"{""basis"":""x"",""d"":9,""p"":0.008,""rounds"":9}",
        52,        13,         0,   121.2,belief_find,dec05d9e8d0eed19645a4c343a38ffa4ad7e069f7c117399ba2c1dab59569267,"{""basis"":""x"",""d"":9,""p"":0.008,""rounds"":9}",
       123,         4,         0,   119.9,bp_osd,bde4c648d79cf1e3365396e7e32b8cc1e1780aa5479672ca740622ea9617b293,"{""basis"":""x"",""d"":7,""p"":0.006,""rounds"":7}",
       123,        12,         0,   120.4,belief_find,0d02f2c07f1d8ae6fff2baf3dc54b145177b3ae3671f2968798ca03aeb160059,"{""basis"":""x"",""d"":7,""p"":0.006,""rounds"":7}",
       129,         0,         0,   120.0,bp_osd,bea659dce592d9e7dac18f52c515962b5cbd335311a89f928680c06a69db9fa0,"{""basis"":""x"",""d"":7,""p"":0.004,""rounds"":7}",
        56,         0,         0,   121.6,belief_find,50286a7a2e3fbed7ea5bbc9c7df22764c3c206917c449a465f94fc1372fb5214,"{""basis"":""x"",""d"":9,""p"":0.002,""rounds"":9}",
        57,         0,         0,   121.6,bp_osd,2d73ea91da0935aeafe2d7ca60ec6f0e9077dde8f43e8ace1585847c2d1cd948,"{""basis"":""x"",""d"":9,""p"":0.002,""rounds"":9}",
       126,         1,         0,   121.0,belief_find,08c351f14149e77f75508015fc09a988b4c3c6d7829ffc9c3b4f3f80f7e42ed9,"{""basis"":""x"",""d"":7,""p"":0.004,""rounds"":7}",
        57,         6,         0,   121.6,bp_osd,7de2ce8f480ae8106b52da5287de3b5e3a63220e82625b29377c8675e7f17c4d,"{""basis"":""x"",""d"":9,""p"":0.008,""rounds"":9}",
        57,         1,         0,   122.1,belief_find,61b66453647c0a31f60a3d02c40fbc31e29d23b7241dcb9c131c924dd2125464,"{""basis"":""x"",""d"":9,""p"":0.004,""rounds"":9}",
       129,         0,         0,   120.7,bp_osd,0e39c1138d6c1114c36527bb081603ff7322700376901eea078c7a4c266aacb7,"{""basis"":""x"",""d"":7,""p"":0.002,""rounds"":7}",
       125,         0,         0,   120.0,bp_osd,bea659dce592d9e7dac18f52c515962b5cbd335311a89f928680c06a69db9fa0,"{""basis"":""x"",""d"":7,""p"":0.004,""rounds"":7}",
       128,        11,         0,   120.6,bp_osd,d97d8aa4b13209c48fd683be924d1fef96197c53329a95d507618f0d6bc13ac4,"{""basis"":""x"",""d"":7,""p"":0.008,""rounds"":7}",
       129,         0,         0,   120.3,belief_find,d51b11287f46a3bcc136577b149fb14f59784df0ca4f66e423e8124e96cab3be,"{""basis"":""x"",""d"":7,""p"":0.002,""rounds"":7}",
       126,         6,         0,   120.7,bp_osd,bde4c648d79cf1e3365396e7e32b8cc1e1780aa5479672ca740622ea9617b293,"{""basis"":""x"",""d"":7,""p"":0.006,""rounds"":7}",
        56,         1,         0,   122.1,bp_osd,f61743ccff3d8a1cd76876798066ba1f0231db9250063f361c9f349986c7cfc1,"{""basis"":""x"",""d"":9,""p"":0.006,""rounds"":9}",
       129,         3,         0,   120.7,belief_find,08c351f14149e77f75508015fc09a988b4c3c6d7829ffc9c3b4f3f80f7e42ed9,"{""basis"":""x"",""d"":7,""p"":0.004,""rounds"":7}",
       124,         6,         0,   120.4,belief_find,0d02f2c07f1d8ae6fff2baf3dc54b145177b3ae3671f2968798ca03aeb160059,"{""basis"":""x"",""d"":7,""p"":0.006,""rounds"":7}",
        58,         0,         0,   121.9,bp_osd,b6dad9c90c8f2c730e10c773f02ee37f8b522e8eacb860a5f6088f55ef19c415,"{""basis"":""x"",""d"":9,""p"":0.004,""rounds"":9}",
       124,        13,         0,   120.5,bp_osd,d97d8aa4b13209c48fd683be924d1fef96197c53329a95d507618f0d6bc13ac4,"{""basis"":""x"",""d"":7,""p"":0.008,""rounds"":7}",
        55,         5,         0,   120.2,belief_find,929d2f23fbab2e31fea8f507eea8efc347f347671a02a93806f9e90581c1bc13,"{""basis"":""x"",""d"":9,""p"":0.006,""rounds"":9}",
        57,         0,         0,   121.1,belief_find,50286a7a2e3fbed7ea5bbc9c7df22764c3c206917c449a465f94fc1372fb5214,"{""basis"":""x"",""d"":9,""p"":0.002,""rounds"":9}",
        56,         0,         0,   122.3,belief_find,61b66453647c0a31f60a3d02c40fbc31e29d23b7241dcb9c131c924dd2125464,"{""basis"":""x"",""d"":9,""p"":0.004,""rounds"":9}",
        57,         0,         0,   120.9,bp_osd,2d73ea91da0935aeafe2d7ca60ec6f0e9077dde8f43e8ace1585847c2d1cd948,"{""basis"":""x"",""d"":9,""p"":0.002,""rounds"":9}",
       129,         0,         0,   120.6,bp_osd,0e39c1138d6c1114c36527bb081603ff7322700376901eea078c7a4c266aacb7,"{""basis"":""x"",""d"":7,""p"":0.002,""rounds"":7}",
        57,         3,         0,   120.6,bp_osd,f61743ccff3d8a1cd76876798066ba1f0231db9250063f361c9f349986c7cfc1,"{""basis"":""x"",""d"":9,""p"":0.006,""rounds"":9}",
        56,         4,         0,   120.5,belief_find,929d2f23fbab2e31fea8f507eea8efc347f347671a02a93806f9e90581c1bc13,"{""basis"":""x"",""d"":9,""p"":0.006,""rounds"":9}",
        58,         0,         0,   121.7,bp_osd,b6dad9c90c8f2c730e10c773f02ee37f8b522e8eacb860a5f6088f55ef19c415,"{""basis"":""x"",""d"":9,""p"":0.004,""rounds"":9}",
        57,         5,         0,   120.5,bp_osd,7de2ce8f480ae8106b52da5287de3b5e3a63220e82625b29377c8675e7f17c4d,"{""basis"":""x"",""d"":9,""p"":0.008,""rounds"":9}",
       129,         0,         0,   120.2,belief_find,d51b11287f46a3bcc136577b149fb14f59784df0ca4f66e423e8124e96cab3be,"{""basis"":""x"",""d"":7,""p"":0.002,""rounds"":7}",
        55,        14,         0,   121.9,belief_find,dec05d9e8d0eed19645a4c343a38ffa4ad7e069f7c117399ba2c1dab59569267,"{""basis"":""x"",""d"":9,""p"":0.008,""rounds"":9}",
        56,        10,         0,   120.7,belief_find,dec05d9e8d0eed19645a4c343a38ffa4ad7e069f7c117399ba2c1dab59569267,"{""basis"":""x"",""d"":9,""p"":0.008,""rounds"":9}",
        55,        13,         0,   121.7,belief_find,dec05d9e8d0eed19645a4c343a38ffa4ad7e069f7c117399ba2c1dab59569267,"{""basis"":""x"",""d"":9,""p"":0.008,""rounds"":9}",
       129,         0,         0,   120.9,bp_osd,bde4c648d79cf1e3365396e7e32b8cc1e1780aa5479672ca740622ea9617b293,"{""basis"":""x"",""d"":7,""p"":0.006,""rounds"":7}",
       129,         4,         0,   120.2,belief_find,0d02f2c07f1d8ae6fff2baf3dc54b145177b3ae3671f2968798ca03aeb160059,"{""basis"":""x"",""d"":7,""p"":0.006,""rounds"":7}",
       129,         2,         0,   119.9,bp_osd,bea659dce592d9e7dac18f52c515962b5cbd335311a89f928680c06a69db9fa0,"{""basis"":""x"",""d"":7,""p"":0.004,""rounds"":7}",
        59,         0,         0,   121.7,belief_find,50286a7a2e3fbed7ea5bbc9c7df22764c3c206917c449a465f94fc1372fb5214,"{""basis"":""x"",""d"":9,""p"":0.002,""rounds"":9}",
        59,         0,         0,   120.5,bp_osd,2d73ea91da0935aeafe2d7ca60ec6f0e9077dde8f43e8ace1585847c2d1cd948,"{""basis"":""x"",""d"":9,""p"":0.002,""rounds"":9}",
       133,         1,         0,   120.0,belief_find,08c351f14149e77f75508015fc09a988b4c3c6d7829ffc9c3b4f3f80f7e42ed9,"{""basis"":""x"",""d"":7,""p"":0.004,""rounds"":7}",
        59,         6,         0,   120.7,bp_osd,7de2ce8f480ae8106b52da5287de3b5e3a63220e82625b29377c8675e7f17c4d,"{""basis"":""x"",""d"":9,""p"":0.008,""rounds"":9}",
        59,         1,         0,   120.5,belief_find,61b66453647c0a31f60a3d02c40fbc31e29d23b7241dcb9c131c924dd2125464,"{""basis"":""x"",""d"":9,""p"":0.004,""rounds"":9}",
       137,         0,         0,   120.3,bp_osd,0e39c1138d6c1114c36527bb081603ff7322700376901eea078c7a4c266aacb7,"{""basis"":""x"",""d"":7,""p"":0.002,""rounds"":7}",
       138,         0,         0,   120.7,bp_osd,bea659dce592d9e7dac18f52c515962b5cbd335311a89f928680c06a69db9fa0,"{""basis"":""x"",""d"":7,""p"":0.004,""rounds"":7}",
       135,        15,         0,   119.9,bp_osd,d97d8aa4b13209c48fd683be924d1fef96197c53329a95d507618f0d6bc13ac4,"{""basis"":""x"",""d"":7,""p"":0.008,""rounds"":7}",
       140,         0,         0,   120.3,belief_find,d51b11287f46a3bcc136577b149fb14f59784df0ca4f66e423e8124e96cab3be,"{""basis"":""x"",""d"":7,""p"":0.002,""rounds"":7}",
       134,         2,         0,   120.4,bp_osd,bde4c648d79cf1e3365396e7e32b8cc1e1780aa5479672ca740622ea9617b293,"{""basis"":""x"",""d"":7,""p"":0.006,""rounds"":7}",
        60,         0,         0,   120.3,bp_osd,f61743ccff3d8a1cd76876798066ba1f0231db9250063f361c9f349986c7cfc1,"{""basis"":""x"",""d"":9,""p"":0.006,""rounds"":9}",
       137,         3,         0,   120.1,belief_find,08c351f14149e77f75508015fc09a988b4c3c6d7829ffc9c3b4f3f80f7e42ed9,"{""basis"":""x"",""d"":7,""p"":0.004,""rounds"":7}",
       135,        10,         0,   119.9,belief_find,0d02f2c07f1d8ae6fff2baf3dc54b145177b3ae3671f2968798ca03aeb160059,"{""basis"":""x"",""d"":7,""p"":0.006,""rounds"":7}",
        64,         0,         0,   121.4,bp_osd,b6dad9c90c8f2c730e10c773f02ee37f8b522e8eacb860a5f6088f55ef19c415,"{""basis"":""x"",""d"":9,""p"":0.004,""rounds"":9}",
       141,        10,         0,   120.2,bp_osd,d97d8aa4b13209c48fd683be924d1fef96197c53329a95d507618f0d6bc13ac4,"{""basis"":""x"",""d"":7,""p"":0.008,""rounds"":7}",
        29,         0,         0,    22.3,bp_osd,d97d8aa4b13209c48fd683be924d1fef96197c53329a95d507618f0d6bc13ac4,"{""basis"":""x"",""d"":7,""p"":0.008,""rounds"":7}",
         1,         1,         0,   0.919,bp_osd,d97d8aa4b13209c48fd683be924d1fef96197c53329a95d507618f0d6bc13ac4,"{""basis"":""x"",""d"":7,""p"":0.008,""rounds"":7}",
         1,         0,         0,   0.825,bp_osd,0e39c1138d6c1114c36527bb081603ff7322700376901eea078c7a4c266aacb7,"{""basis"":""x"",""d"":7,""p"":0.002,""rounds"":7}",
         1,         0,         0,   0.833,belief_find,d51b11287f46a3bcc136577b149fb14f59784df0ca4f66e423e8124e96cab3be,"{""basis"":""x"",""d"":7,""p"":0.002,""rounds"":7}",
         1,         0,         0,   0.832,bp_osd,0e39c1138d6c1114c36527bb081603ff7322700376901eea078c7a4c266aacb7,"{""basis"":""x"",""d"":7,""p"":0.002,""rounds"":7}",
         1,         0,         0,   0.829,belief_find,d51b11287f46a3bcc136577b149fb14f59784df0ca4f66e423e8124e96cab3be,"{""basis"":""x"",""d"":7,""p"":0.002,""rounds"":7}",
         1,         0,         0,   0.617,belief_find,d51b11287f46a3bcc136577b149fb14f59784df0ca4f66e423e8124e96cab3be,"{""basis"":""x"",""d"":7,""p"":0.002,""rounds"":7}",
         1,         0,         0,    1.02,bp_osd,0e39c1138d6c1114c36527bb081603ff7322700376901eea078c7a4c266aacb7,"{""basis"":""x"",""d"":7,""p"":0.002,""rounds"":7}",
         1,         0,         0,   0.730,belief_find,d51b11287f46a3bcc136577b149fb14f59784df0ca4f66e423e8124e96cab3be,"{""basis"":""x"",""d"":7,""p"":0.002,""rounds"":7}",
         1,         0,         0,   0.798,bp_osd,0e39c1138d6c1114c36527bb081603ff7322700376901eea078c7a4c266aacb7,"{""basis"":""x"",""d"":7,""p"":0.002,""rounds"":7}",
         1,         0,         0,   0.790,belief_find,d51b11287f46a3bcc136577b149fb14f59784df0ca4f66e423e8124e96cab3be,"{""basis"":""x"",""d"":7,""p"":0.002,""rounds"":7}",
         1,         0,         0,   0.740,bp_osd,0e39c1138d6c1114c36527bb081603ff7322700376901eea078c7a4c266aacb7,"{""basis"":""x"",""d"":7,""p"":0.002,""rounds"":7}",
        62,         3,         0,   120.7,belief_find,929d2f23fbab2e31fea8f507eea8efc347f347671a02a93806f9e90581c1bc13,"{""basis"":""x"",""d"":9,""p"":0.006,""rounds"":9}",
         1,         0,         0,   0.844,belief_find,d51b11287f46a3bcc136577b149fb14f59784df0ca4f66e423e8124e96cab3be,"{""basis"":""x"",""d"":7,""p"":0.002,""rounds"":7}",
         1,         0,         0,   0.798,bp_osd,0e39c1138d6c1114c36527bb081603ff7322700376901eea078c7a4c266aacb7,"{""basis"":""x"",""d"":7,""p"":0.002,""rounds"":7}",
         1,         0,         0,   0.778,belief_find,d51b11287f46a3bcc136577b149fb14f59784df0ca4f66e423e8124e96cab3be,"{""basis"":""x"",""d"":7,""p"":0.002,""rounds"":7}",
         1,         0,         0,   0.821,bp_osd,0e39c1138d6c1114c36527bb081603ff7322700376901eea078c7a4c266aacb7,"{""basis"":""x"",""d"":7,""p"":0.002,""rounds"":7}",
         1,         0,         0,   0.903,belief_find,d51b11287f46a3bcc136577b149fb14f59784df0ca4f66e423e8124e96cab3be,"{""basis"":""x"",""d"":7,""p"":0.002,""rounds"":7}",
         1,         0,         0,   0.768,bp_osd,0e39c1138d6c1114c36527bb081603ff7322700376901eea078c7a4c266aacb7,"{""basis"":""x"",""d"":7,""p"":0.002,""rounds"":7}",
         1,         0,         0,   0.829,belief_find,d51b11287f46a3bcc136577b149fb14f59784df0ca4f66e423e8124e96cab3be,"{""basis"":""x"",""d"":7,""p"":0.002,""rounds"":7}",
         1,         0,         0,   0.821,bp_osd,0e39c1138d6c1114c36527bb081603ff7322700376901eea078c7a4c266aacb7,"{""basis"":""x"",""d"":7,""p"":0.002,""rounds"":7}",
         1,         0,         0,   0.691,belief_find,d51b11287f46a3bcc136577b149fb14f59784df0ca4f66e423e8124e96cab3be,"{""basis"":""x"",""d"":7,""p"":0.002,""rounds"":7}",
         1,         0,         0,   0.764,bp_osd,0e39c1138d6c1114c36527bb081603ff7322700376901eea078c7a4c266aacb7,"{""basis"":""x"",""d"":7,""p"":0.002,""rounds"":7}",
         1,         0,         0,   0.851,belief_find,d51b11287f46a3bcc136577b149fb14f59784df0ca4f66e423e8124e96cab3be,"{""basis"":""x"",""d"":7,""p"":0.002,""rounds"":7}",
         1,         0,         0,   0.675,bp_osd,0e39c1138d6c1114c36527bb081603ff7322700376901eea078c7a4c266aacb7,"{""basis"":""x"",""d"":7,""p"":0.002,""rounds"":7}",
         1,         0,         0,   0.600,belief_find,d51b11287f46a3bcc136577b149fb14f59784df0ca4f66e423e8124e96cab3be,"{""basis"":""x"",""d"":7,""p"":0.002,""rounds"":7}",
         1,         0,         0,   0.835,bp_osd,0e39c1138d6c1114c36527bb081603ff7322700376901eea078c7a4c266aacb7,"{""basis"":""x"",""d"":7,""p"":0.002,""rounds"":7}",
        65,         0,         0,   120.8,belief_find,50286a7a2e3fbed7ea5bbc9c7df22764c3c206917c449a465f94fc1372fb5214,"{""basis"":""x"",""d"":9,""p"":0.002,""rounds"":9}",
         1,         0,         0,   0.742,belief_find,d51b11287f46a3bcc136577b149fb14f59784df0ca4f66e423e8124e96cab3be,"{""basis"":""x"",""d"":7,""p"":0.002,""rounds"":7}",
         1,         0,         0,   0.755,bp_osd,0e39c1138d6c1114c36527bb081603ff7322700376901eea078c7a4c266aacb7,"{""basis"":""x"",""d"":7,""p"":0.002,""rounds"":7}",
        64,         0,         0,   120.7,belief_find,61b66453647c0a31f60a3d02c40fbc31e29d23b7241dcb9c131c924dd2125464,"{""basis"":""x"",""d"":9,""p"":0.004,""rounds"":9}",
         1,         0,         0,   0.858,bp_osd,0e39c1138d6c1114c36527bb081603ff7322700376901eea078c7a4c266aacb7,"{""basis"":""x"",""d"":7,""p"":0.002,""rounds"":7}",
         2,         0,         0,    1.70,belief_find,d51b11287f46a3bcc136577b149fb14f59784df0ca4f66e423e8124e96cab3be,"{""basis"":""x"",""d"":7,""p"":0.002,""rounds"":7}",
         2,         0,         0,    1.73,bp_osd,0e39c1138d6c1114c36527bb081603ff7322700376901eea078c7a4c266aacb7,"{""basis"":""x"",""d"":7,""p"":0.002,""rounds"":7}",
         2,         0,         0,    1.33,belief_find,d51b11287f46a3bcc136577b149fb14f59784df0ca4f66e423e8124e96cab3be,"{""basis"":""x"",""d"":7,""p"":0.002,""rounds"":7}",
         2,         0,         0,    1.63,belief_find,d51b11287f46a3bcc136577b149fb14f59784df0ca4f66e423e8124e96cab3be,"{""basis"":""x"",""d"":7,""p"":0.002,""rounds"":7}",
         2,         0,         0,    1.92,bp_osd,0e39c1138d6c1114c36527bb081603ff7322700376901eea078c7a4c266aacb7,"{""basis"":""x"",""d"":7,""p"":0.002,""rounds"":7}",
        65,         0,         0,   121.1,bp_osd,2d73ea91da0935aeafe2d7ca60ec6f0e9077dde8f43e8ace1585847c2d1cd948,"{""basis"":""x"",""d"":9,""p"":0.002,""rounds"":9}",
         3,         0,         0,    2.43,bp_osd,0e39c1138d6c1114c36527bb081603ff7322700376901eea078c7a4c266aacb7,"{""basis"":""x"",""d"":7,""p"":0.002,""rounds"":7}",
         4,         0,         0,    3.04,belief_find,d51b11287f46a3bcc136577b149fb14f59784df0ca4f66e423e8124e96cab3be,"{""basis"":""x"",""d"":7,""p"":0.002,""rounds"":7}",
       144,         0,         0,   120.4,bp_osd,0e39c1138d6c1114c36527bb081603ff7322700376901eea078c7a4c266aacb7,"{""basis"":""x"",""d"":7,""p"":0.002,""rounds"":7}",
         4,         0,         0,    3.32,bp_osd,0e39c1138d6c1114c36527bb081603ff7322700376901eea078c7a4c266aacb7,"{""basis"":""x"",""d"":7,""p"":0.002,""rounds"":7}",
         4,         0,         0,    3.12,belief_find,d51b11287f46a3bcc136577b149fb14f59784df0ca4f66e423e8124e96cab3be,"{""basis"":""x"",""d"":7,""p"":0.002,""rounds"":7}",
        65,         2,         0,   120.2,bp_osd,f61743ccff3d8a1cd76876798066ba1f0231db9250063f361c9f349986c7cfc1,"{""basis"":""x"",""d"":9,""p"":0.006,""rounds"":9}",
        64,         6,         0,   120.0,belief_find,929d2f23fbab2e31fea8f507eea8efc347f347671a02a93806f9e90581c1bc13,"{""basis"":""x"",""d"":9,""p"":0.006,""rounds"":9}",
         6,         0,         0,    4.28,belief_find,d51b11287f46a3bcc136577b149fb14f59784df0ca4f66e423e8124e96cab3be,"{""basis"":""x"",""d"":7,""p"":0.002,""rounds"":7}",
         6,         0,         0,    4.67,bp_osd,0e39c1138d6c1114c36527bb081603ff7322700376901eea078c7a4c266aacb7,"{""basis"":""x"",""d"":7,""p"":0.002,""rounds"":7}",
        67,         1,         0,   121.2,bp_osd,b6dad9c90c8f2c730e10c773f02ee37f8b522e8eacb860a5f6088f55ef19c415,"{""basis"":""x"",""d"":9,""p"":0.004,""rounds"":9}",
         8,         0,         0,    6.56,bp_osd,0e39c1138d6c1114c36527bb081603ff7322700376901eea078c7a4c266aacb7,"{""basis"":""x"",""d"":7,""p"":0.002,""rounds"":7}",
         8,         0,         0,    6.81,belief_find,d51b11287f46a3bcc136577b149fb14f59784df0ca4f66e423e8124e96cab3be,"{""basis"":""x"",""d"":7,""p"":0.002,""rounds"":7}",
        65,         6,         0,   121.0,bp_osd,7de2ce8f480ae8106b52da5287de3b5e3a63220e82625b29377c8675e7f17c4d,"{""basis"":""x"",""d"":9,""p"":0.008,""rounds"":9}",
       150,         1,         0,   120.5,belief_find,d51b11287f46a3bcc136577b149fb14f59784df0ca4f66e423e8124e96cab3be,"{""basis"":""x"",""d"":7,""p"":0.002,""rounds"":7}",
        10,         0,         0,    8.50,bp_osd,0e39c1138d6c1114c36527bb081603ff7322700376901eea078c7a4c266aacb7,"{""basis"":""x"",""d"":7,""p"":0.002,""rounds"":7}",
        11,         0,         0,    8.99,belief_find,d51b11287f46a3bcc136577b149fb14f59784df0ca4f66e423e8124e96cab3be,"{""basis"":""x"",""d"":7,""p"":0.002,""rounds"":7}",
        63,        15,         0,   120.1,belief_find,dec05d9e8d0eed19645a4c343a38ffa4ad7e069f7c117399ba2c1dab59569267,"{""basis"":""x"",""d"":9,""p"":0.008,""rounds"":9}",
        62,        14,         0,   120.4,belief_find,dec05d9e8d0eed19645a4c343a38ffa4ad7e069f7c117399ba2c1dab59569267,"{""basis"":""x"",""d"":9,""p"":0.008,""rounds"":9}",
        64,        14,         0,   121.9,belief_find,dec05d9e8d0eed19645a4c343a38ffa4ad7e069f7c117399ba2c1dab59569267,"{""basis"":""x"",""d"":9,""p"":0.008,""rounds"":9}",
       150,         5,         0,   120.7,bp_osd,bde4c648d79cf1e3365396e7e32b8cc1e1780aa5479672ca740622ea9617b293,"{""basis"":""x"",""d"":7,""p"":0.006,""rounds"":7}",
        15,         0,         0,    12.2,bp_osd,0e39c1138d6c1114c36527bb081603ff7322700376901eea078c7a4c266aacb7,"{""basis"":""x"",""d"":7,""p"":0.002,""rounds"":7}",
        15,         1,         0,    12.4,belief_find,d51b11287f46a3bcc136577b149fb14f59784df0ca4f66e423e8124e96cab3be,"{""basis"":""x"",""d"":7,""p"":0.002,""rounds"":7}",
       148,         2,         0,   120.0,belief_find,0d02f2c07f1d8ae6fff2baf3dc54b145177b3ae3671f2968798ca03aeb160059,"{""basis"":""x"",""d"":7,""p"":0.006,""rounds"":7}",
       152,         2,         0,   120.6,bp_osd,bea659dce592d9e7dac18f52c515962b5cbd335311a89f928680c06a69db9fa0,"{""basis"":""x"",""d"":7,""p"":0.004,""rounds"":7}",
        67,         0,         0,   121.2,belief_find,50286a7a2e3fbed7ea5bbc9c7df22764c3c206917c449a465f94fc1372fb5214,"{""basis"":""x"",""d"":9,""p"":0.002,""rounds"":9}",
        20,         0,         0,    16.5,bp_osd,0e39c1138d6c1114c36527bb081603ff7322700376901eea078c7a4c266aacb7,"{""basis"":""x"",""d"":7,""p"":0.002,""rounds"":7}",
       150,         2,         0,   120.2,belief_find,08c351f14149e77f75508015fc09a988b4c3c6d7829ffc9c3b4f3f80f7e42ed9,"{""basis"":""x"",""d"":7,""p"":0.004,""rounds"":7}",
        21,         0,         0,    16.7,belief_find,d51b11287f46a3bcc136577b149fb14f59784df0ca4f66e423e8124e96cab3be,"{""basis"":""x"",""d"":7,""p"":0.002,""rounds"":7}",
        68,         0,         0,   121.5,bp_osd,2d73ea91da0935aeafe2d7ca60ec6f0e9077dde8f43e8ace1585847c2d1cd948,"{""basis"":""x"",""d"":9,""p"":0.002,""rounds"":9}",
        68,        12,         0,   120.3,bp_osd,7de2ce8f480ae8106b52da5287de3b5e3a63220e82625b29377c8675e7f17c4d,"{""basis"":""x"",""d"":9,""p"":0.008,""rounds"":9}",
        67,         0,         0,   120.0,belief_find,61b66453647c0a31f60a3d02c40fbc31e29d23b7241dcb9c131c924dd2125464,"{""basis"":""x"",""d"":9,""p"":0.004,""rounds"":9}",
        30,         0,         0,    23.5,bp_osd,0e39c1138d6c1114c36527bb081603ff7322700376901eea078c7a4c266aacb7,"{""basis"":""x"",""d"":7,""p"":0.002,""rounds"":7}",
       153,         0,         0,   120.5,bp_osd,0e39c1138d6c1114c36527bb081603ff7322700376901eea078c7a4c266aacb7,"{""basis"":""x"",""d"":7,""p"":0.002,""rounds"":7}",
        28,         0,         0,    23.1,belief_find,d51b11287f46a3bcc136577b149fb14f59784df0ca4f66e423e8124e96cab3be,"{""basis"":""x"",""d"":7,""p"":0.002,""rounds"":7}",
       147,         1,         0,   120.0,bp_osd,bea659dce592d9e7dac18f52c515962b5cbd335311a89f928680c06a69db9fa0,"{""basis"":""x"",""d"":7,""p"":0.004,""rounds"":7}",
       154,         0,         0,   120.4,belief_find,d51b11287f46a3bcc136577b149fb14f59784df0ca4f66e423e8124e96cab3be,"{""basis"":""x"",""d"":7,""p"":0.002,""rounds"":7}",
       146,         2,         0,   120.5,bp_osd,bde4c648d79cf1e3365396e7e32b8cc1e1780aa5479672ca740622ea9617b293,"{""basis"":""x"",""d"":7,""p"":0.006,""rounds"":7}",
        66,         1,         0,   120.3,bp_osd,f61743ccff3d8a1cd76876798066ba1f0231db9250063f361c9f349986c7cfc1,"{""basis"":""x"",""d"":9,""p"":0.006,""rounds"":9}",
       151,         1,         0,   120.7,belief_find,08c351f14149e77f75508015fc09a988b4c3c6d7829ffc9c3b4f3f80f7e42ed9,"{""basis"":""x"",""d"":7,""p"":0.004,""rounds"":7}",
       147,         4,         0,   120.5,belief_find,0d02f2c07f1d8ae6fff2baf3dc54b145177b3ae3671f2968798ca03aeb160059,"{""basis"":""x"",""d"":7,""p"":0.006,""rounds"":7}",
        67,         0,         0,   120.4,bp_osd,b6dad9c90c8f2c730e10c773f02ee37f8b522e8eacb860a5f6088f55ef19c415,"{""basis"":""x"",""d"":9,""p"":0.004,""rounds"":9}",
        64,         9,         0,   120.2,belief_find,929d2f23fbab2e31fea8f507eea8efc347f347671a02a93806f9e90581c1bc13,"{""basis"":""x"",""d"":9,""p"":0.006,""rounds"":9}",
        41,         0,         0,    32.2,belief_find,d51b11287f46a3bcc136577b149fb14f59784df0ca4f66e423e8124e96cab3be,"{""basis"":""x"",""d"":7,""p"":0.002,""rounds"":7}",
        40,         0,         0,    32.9,bp_osd,0e39c1138d6c1114c36527bb081603ff7322700376901eea078c7a4c266aacb7,"{""basis"":""x"",""d"":7,""p"":0.002,""rounds"":7}",
        67,         0,         0,   120.3,belief_find,50286a7a2e3fbed7ea5bbc9c7df22764c3c206917c449a465f94fc1372fb5214,"{""basis"":""x"",""d"":9,""p"":0.002,""rounds"":9}",
        66,         0,         0,   120.8,belief_find,61b66453647c0a31f60a3d02c40fbc31e29d23b7241dcb9c131c924dd2125464,"{""basis"":""x"",""d"":9,""p"":0.004,""rounds"":9}",
        66,         0,         0,   121.4,bp_osd,2d73ea91da0935aeafe2d7ca60ec6f0e9077dde8f43e8ace1585847c2d1cd948,"{""basis"":""x"",""d"":9,""p"":0.002,""rounds"":9}",
       151,         0,         0,   120.6,bp_osd,0e39c1138d6c1114c36527bb081603ff7322700376901eea078c7a4c266aacb7,"{""basis"":""x"",""d"":7,""p"":0.002,""rounds"":7}",
        67,         2,         0,   120.8,bp_osd,f61743ccff3d8a1cd76876798066ba1f0231db9250063f361c9f349986c7cfc1,"{""basis"":""x"",""d"":9,""p"":0.006,""rounds"":9}",
        64,         4,         0,   120.1,belief_find,929d2f23fbab2e31fea8f507eea8efc347f347671a02a93806f9e90581c1bc13,"{""basis"":""x"",""d"":9,""p"":0.006,""rounds"":9}",
        67,         0,         0,   121.0,bp_osd,b6dad9c90c8f2c730e10c773f02ee37f8b522e8eacb860a5f6088f55ef19c415,"{""basis"":""x"",""d"":9,""p"":0.004,""rounds"":9}",
        67,         4,         0,   120.3,bp_osd,7de2ce8f480ae8106b52da5287de3b5e3a63220e82625b29377c8675e7f17c4d,"{""basis"":""x"",""d"":9,""p"":0.008,""rounds"":9}",
       149,         0,         0,   120.3,belief_find,d51b11287f46a3bcc136577b149fb14f59784df0ca4f66e423e8124e96cab3be,"{""basis"":""x"",""d"":7,""p"":0.002,""rounds"":7}",
        63,        11,         0,   120.9,belief_find,dec05d9e8d0eed19645a4c343a38ffa4ad7e069f7c117399ba2c1dab59569267,"{""basis"":""x"",""d"":9,""p"":0.008,""rounds"":9}",
        63,         7,         0,   120.5,belief_find,dec05d9e8d0eed19645a4c343a38ffa4ad7e069f7c117399ba2c1dab59569267,"{""basis"":""x"",""d"":9,""p"":0.008,""rounds"":9}",
        63,         9,         0,   121.1,belief_find,dec05d9e8d0eed19645a4c343a38ffa4ad7e069f7c117399ba2c1dab59569267,"{""basis"":""x"",""d"":9,""p"":0.008,""rounds"":9}",
        57,         0,         0,    45.7,belief_find,d51b11287f46a3bcc136577b149fb14f59784df0ca4f66e423e8124e96cab3be,"{""basis"":""x"",""d"":7,""p"":0.002,""rounds"":7}",
        57,         0,         0,    45.7,bp_osd,0e39c1138d6c1114c36527bb081603ff7322700376901eea078c7a4c266aacb7,"{""basis"":""x"",""d"":7,""p"":0.002,""rounds"":7}",
       150,         5,         0,   120.0,bp_osd,bde4c648d79cf1e3365396e7e32b8cc1e1780aa5479672ca740622ea9617b293,"{""basis"":""x"",""d"":7,""p"":0.006,""rounds"":7}",
       148,         9,         0,   119.9,belief_find,0d02f2c07f1d8ae6fff2baf3dc54b145177b3ae3671f2968798ca03aeb160059,"{""basis"":""x"",""d"":7,""p"":0.006,""rounds"":7}",
       151,         3,         0,   120.6,bp_osd,bea659dce592d9e7dac18f52c515962b5cbd335311a89f928680c06a69db9fa0,"{""basis"":""x"",""d"":7,""p"":0.004,""rounds"":7}",
        67,         0,         0,   120.5,belief_find,50286a7a2e3fbed7ea5bbc9c7df22764c3c206917c449a465f94fc1372fb5214,"{""basis"":""x"",""d"":9,""p"":0.002,""rounds"":9}",
       149,         4,         0,   120.5,belief_find,08c351f14149e77f75508015fc09a988b4c3c6d7829ffc9c3b4f3f80f7e42ed9,"{""basis"":""x"",""d"":7,""p"":0.004,""rounds"":7}",
        67,         0,         0,   120.7,bp_osd,2d73ea91da0935aeafe2d7ca60ec6f0e9077dde8f43e8ace1585847c2d1cd948,"{""basis"":""x"",""d"":9,""p"":0.002,""rounds"":9}",
        67,         7,         0,   120.1,bp_osd,7de2ce8f480ae8106b52da5287de3b5e3a63220e82625b29377c8675e7f17c4d,"{""basis"":""x"",""d"":9,""p"":0.008,""rounds"":9}",
        68,         1,         0,   121.4,belief_find,61b66453647c0a31f60a3d02c40fbc31e29d23b7241dcb9c131c924dd2125464,"{""basis"":""x"",""d"":9,""p"":0.004,""rounds"":9}",
       152,         1,         0,   120.1,bp_osd,0e39c1138d6c1114c36527bb081603ff7322700376901eea078c7a4c266aacb7,"{""basis"":""x"",""d"":7,""p"":0.002,""rounds"":7}",
       152,         0,         0,   120.3,bp_osd,bea659dce592d9e7dac18f52c515962b5cbd335311a89f928680c06a69db9fa0,"{""basis"":""x"",""d"":7,""p"":0.004,""rounds"":7}",
       153,         0,         0,   120.5,belief_find,d51b11287f46a3bcc136577b149fb14f59784df0ca4f66e423e8124e96cab3be,"{""basis"":""x"",""d"":7,""p"":0.002,""rounds"":7}",
        67,         6,         0,   120.5,bp_osd,f61743ccff3d8a1cd76876798066ba1f0231db9250063f361c9f349986c7cfc1,"{""basis"":""x"",""d"":9,""p"":0.006,""rounds"":9}",
       150,         2,         0,   120.6,bp_osd,bde4c648d79cf1e3365396e7e32b8cc1e1780aa5479672ca740622ea9617b293,"{""basis"":""x"",""d"":7,""p"":0.006,""rounds"":7}",
       151,         2,         0,   120.1,belief_find,08c351f14149e77f75508015fc09a988b4c3c6d7829ffc9c3b4f3f80f7e42ed9,"{""basis"":""x"",""d"":7,""p"":0.004,""rounds"":7}",
       148,         9,         0,   120.2,belief_find,0d02f2c07f1d8ae6fff2baf3dc54b145177b3ae3671f2968798ca03aeb160059,"{""basis"":""x"",""d"":7,""p"":0.006,""rounds"":7}",
        80,         0,         0,    63.1,belief_find,d51b11287f46a3bcc136577b149fb14f59784df0ca4f66e423e8124e96cab3be,"{""basis"":""x"",""d"":7,""p"":0.002,""rounds"":7}",
        80,         0,         0,    63.1,bp_osd,0e39c1138d6c1114c36527bb081603ff7322700376901eea078c7a4c266aacb7,"{""basis"":""x"",""d"":7,""p"":0.002,""rounds"":7}",
        68,         0,         0,   121.2,bp_osd,b6dad9c90c8f2c730e10c773f02ee37f8b522e8eacb860a5f6088f55ef19c415,"{""basis"":""x"",""d"":9,""p"":0.004,""rounds"":9}",
        65,         8,         0,   121.1,belief_find,929d2f23fbab2e31fea8f507eea8efc347f347671a02a93806f9e90581c1bc13,"{""basis"":""x"",""d"":9,""p"":0.006,""rounds"":9}",
        67,         0,         0,   120.7,belief_find,50286a7a2e3fbed7ea5bbc9c7df22764c3c206917c449a465f94fc1372fb5214,"{""basis"":""x"",""d"":9,""p"":0.002,""rounds"":9}",
        66,         2,         0,   120.2,belief_find,61b66453647c0a31f60a3d02c40fbc31e29d23b7241dcb9c131c924dd2125464,"{""basis"":""x"",""d"":9,""p"":0.004,""rounds"":9}",
        68,         0,         0,   121.0,bp_osd,2d73ea91da0935aeafe2d7ca60ec6f0e9077dde8f43e8ace1585847c2d1cd948,"{""basis"":""x"",""d"":9,""p"":0.002,""rounds"":9}",
       151,         0,         0,   120.5,bp_osd,0e39c1138d6c1114c36527bb081603ff7322700376901eea078c7a4c266aacb7,"{""basis"":""x"",""d"":7,""p"":0.002,""rounds"":7}",
        67,         1,         0,   120.2,bp_osd,f61743ccff3d8a1cd76876798066ba1f0231db9250063f361c9f349986c7cfc1,"{""basis"":""x"",""d"":9,""p"":0.006,""rounds"":9}",
        67,         6,         0,   121.0,belief_find,929d2f23fbab2e31fea8f507eea8efc347f347671a02a93806f9e90581c1bc13,"{""basis"":""x"",""d"":9,""p"":0.006,""rounds"":9}",
        66,         1,         0,   120.0,bp_osd,b6dad9c90c8f2c730e10c773f02ee37f8b522e8eacb860a5f6088f55ef19c415,"{""basis"":""x"",""d"":9,""p"":0.004,""rounds"":9}",
        68,         2,         0,   121.0,bp_osd,7de2ce8f480ae8106b52da5287de3b5e3a63220e82625b29377c8675e7f17c4d,"{""basis"":""x"",""d"":9,""p"":0.008,""rounds"":9}",
       152,         0,         0,   120.1,belief_find,d51b11287f46a3bcc136577b149fb14f59784df0ca4f66e423e8124e96cab3be,"{""basis"":""x"",""d"":7,""p"":0.002,""rounds"":7}",
        64,        16,         0,   120.8,belief_find,dec05d9e8d0eed19645a4c343a38ffa4ad7e069f7c117399ba2c1dab59569267,"{""basis"":""x"",""d"":9,""p"":0.008,""rounds"":9}",
        64,        14,         0,   121.4,belief_find,dec05d9e8d0eed19645a4c343a38ffa4ad7e069f7c117399ba2c1dab59569267,"{""basis"":""x"",""d"":9,""p"":0.008,""rounds"":9}",
        65,        18,         0,   120.2,belief_find,dec05d9e8d0eed19645a4c343a38ffa4ad7e069f7c117399ba2c1dab59569267,"{""basis"":""x"",""d"":9,""p"":0.008,""rounds"":9}",
         1,         0,         0,    2.32,belief_find,dec05d9e8d0eed19645a4c343a38ffa4ad7e069f7c117399ba2c1dab59569267,"{""basis"":""x"",""d"":9,""p"":0.008,""rounds"":9}",
         4,         2,         0,    7.45,belief_find,dec05d9e8d0eed19645a4c343a38ffa4ad7e069f7c117399ba2c1dab59569267,"{""basis"":""x"",""d"":9,""p"":0.008,""rounds"":9}",
       151,         5,         0,   120.0,bp_osd,bde4c648d79cf1e3365396e7e32b8cc1e1780aa5479672ca740622ea9617b293,"{""basis"":""x"",""d"":7,""p"":0.006,""rounds"":7}",
         1,         0,         0,   0.752,bp_osd,bea659dce592d9e7dac18f52c515962b5cbd335311a89f928680c06a69db9fa0,"{""basis"":""x"",""d"":7,""p"":0.004,""rounds"":7}",
         1,         0,         0,   0.627,bp_osd,bea659dce592d9e7dac18f52c515962b5cbd335311a89f928680c06a69db9fa0,"{""basis"":""x"",""d"":7,""p"":0.004,""rounds"":7}",
         1,         0,         0,    1.84,bp_osd,2d73ea91da0935aeafe2d7ca60ec6f0e9077dde8f43e8ace1585847c2d1cd948,"{""basis"":""x"",""d"":9,""p"":0.002,""rounds"":9}",
         1,         0,         0,   0.764,bp_osd,bea659dce592d9e7dac18f52c515962b5cbd335311a89f928680c06a69db9fa0,"{""basis"":""x"",""d"":7,""p"":0.004,""rounds"":7}",
         1,         0,         0,   0.658,bp_osd,bea659dce592d9e7dac18f52c515962b5cbd335311a89f928680c06a69db9fa0,"{""basis"":""x"",""d"":7,""p"":0.004,""rounds"":7}",
         1,         0,         0,    1.80,belief_find,50286a7a2e3fbed7ea5bbc9c7df22764c3c206917c449a465f94fc1372fb5214,"{""basis"":""x"",""d"":9,""p"":0.002,""rounds"":9}",
         1,         0,         0,   0.775,bp_osd,bea659dce592d9e7dac18f52c515962b5cbd335311a89f928680c06a69db9fa0,"{""basis"":""x"",""d"":7,""p"":0.004,""rounds"":7}",
         1,         0,         0,    1.79,bp_osd,2d73ea91da0935aeafe2d7ca60ec6f0e9077dde8f43e8ace1585847c2d1cd948,"{""basis"":""x"",""d"":9,""p"":0.002,""rounds"":9}",
       148,         6,         0,   120.1,belief_find,0d02f2c07f1d8ae6fff2baf3dc54b145177b3ae3671f2968798ca03aeb160059,"{""basis"":""x"",""d"":7,""p"":0.006,""rounds"":7}",
         1,         0,         0,   0.871,bp_osd,bea659dce592d9e7dac18f52c515962b5cbd335311a89f928680c06a69db9fa0,"{""basis"":""x"",""d"":7,""p"":0.004,""rounds"":7}",
         1,         0,         0,    1.95,belief_find,50286a7a2e3fbed7ea5bbc9c7df22764c3c206917c449a465f94fc1372fb5214,"{""basis"":""x"",""d"":9,""p"":0.002,""rounds"":9}",
         1,         0,         0,   0.783,bp_osd,bea659dce592d9e7dac18f52c515962b5cbd335311a89f928680c06a69db9fa0,"{""basis"":""x"",""d"":7,""p"":0.004,""rounds"":7}",
         1,         0,         0,    1.90,bp_osd,2d73ea91da0935aeafe2d7ca60ec6f0e9077dde8f43e8ace1585847c2d1cd948,"{""basis"":""x"",""d"":9,""p"":0.002,""rounds"":9}",
         1,         0,         0,   0.767,bp_osd,bea659dce592d9e7dac18f52c515962b5cbd335311a89f928680c06a69db9fa0,"{""basis"":""x"",""d"":7,""p"":0.004,""rounds"":7}",
         1,         0,         0,    1.57,belief_find,50286a7a2e3fbed7ea5bbc9c7df22764c3c206917c449a465f94fc1372fb5214,"{""basis"":""x"",""d"":9,""p"":0.002,""rounds"":9}",
         1,         0,         0,   0.772,bp_osd,bea659dce592d9e7dac18f52c515962b5cbd335311a89f928680c06a69db9fa0,"{""basis"":""x"",""d"":7,""p"":0.004,""rounds"":7}",
         1,         0,         0,    1.53,bp_osd,2d73ea91da0935aeafe2d7ca60ec6f0e9077dde8f43e8ace1585847c2d1cd948,"{""basis"":""x"",""d"":9,""p"":0.002,""rounds"":9}",
         1,         0,         0,   0.529,bp_osd,bea659dce592d9e7dac18f52c515962b5cbd335311a89f928680c06a69db9fa0,"{""basis"":""x"",""d"":7,""p"":0.004,""rounds"":7}",
         1,         0,         0,   0.839,bp_osd,bea659dce592d9e7dac18f52c515962b5cbd335311a89f928680c06a69db9fa0,"{""basis"":""x"",""d"":7,""p"":0.004,""rounds"":7}",
         1,         0,         0,    1.99,belief_find,50286a7a2e3fbed7ea5bbc9c7df22764c3c206917c449a465f94fc1372fb5214,"{""basis"":""x"",""d"":9,""p"":0.002,""rounds"":9}",
         1,         0,         0,    1.59,bp_osd,2d73ea91da0935aeafe2d7ca60ec6f0e9077dde8f43e8ace1585847c2d1cd948,"{""basis"":""x"",""d"":9,""p"":0.002,""rounds"":9}",
         1,         0,         0,   0.844,bp_osd,bea659dce592d9e7dac18f52c515962b5cbd335311a89f928680c06a69db9fa0,"{""basis"":""x"",""d"":7,""p"":0.004,""rounds"":7}",
         1,         0,         0,   0.905,bp_osd,bea659dce592d9e7dac18f52c515962b5cbd335311a89f928680c06a69db9fa0,"{""basis"":""x"",""d"":7,""p"":0.004,""rounds"":7}",
         1,         0,         0,    1.62,belief_find,50286a7a2e3fbed7ea5bbc9c7df22764c3c206917c449a465f94fc1372fb5214,"{""basis"":""x"",""d"":9,""p"":0.002,""rounds"":9}",
         1,         0,         0,   0.836,bp_osd,bea659dce592d9e7dac18f52c515962b5cbd335311a89f928680c06a69db9fa0,"{""basis"":""x"",""d"":7,""p"":0.004,""rounds"":7}",
         1,         0,         0,    2.02,bp_osd,2d73ea91da0935aeafe2d7ca60ec6f0e9077dde8f43e8ace1585847c2d1cd948,"{""basis"":""x"",""d"":9,""p"":0.002,""rounds"":9}",
         1,         0,         0,    1.57,belief_find,50286a7a2e3fbed7ea5bbc9c7df22764c3c206917c449a465f94fc1372fb5214,"{""basis"":""x"",""d"":9,""p"":0.002,""rounds"":9}",
       150,         2,         0,   120.1,bp_osd,bea659dce592d9e7dac18f52c515962b5cbd335311a89f928680c06a69db9fa0,"{""basis"":""x"",""d"":7,""p"":0.004,""rounds"":7}",
         2,         0,         0,    1.50,bp_osd,bea659dce592d9e7dac18f52c515962b5cbd335311a89f928680c06a69db9fa0,"{""basis"":""x"",""d"":7,""p"":0.004,""rounds"":7}",
         1,         0,         0,    1.79,bp_osd,2d73ea91da0935aeafe2d7ca60ec6f0e9077dde8f43e8ace1585847c2d1cd948,"{""basis"":""x"",""d"":9,""p"":0.002,""rounds"":9}",
         1,         0,         0,    1.65,belief_find,50286a7a2e3fbed7ea5bbc9c7df22764c3c206917c449a465f94fc1372fb5214,"{""basis"":""x"",""d"":9,""p"":0.002,""rounds"":9}",
         3,         0,         0,    2.16,bp_osd,bea659dce592d9e7dac18f52c515962b5cbd335311a89f928680c06a69db9fa0,"{""basis"":""x"",""d"":7,""p"":0.004,""rounds"":7}",
         1,         0,         0,    1.88,bp_osd,2d73ea91da0935aeafe2d7ca60ec6f0e9077dde8f43e8ace1585847c2d1cd948,"{""basis"":""x"",""d"":9,""p"":0.002,""rounds"":9}",
        68,         1,         0,   120.5,belief_find,50286a7a2e3fbed7ea5bbc9c7df22764c3c206917c449a465f94fc1372fb5214,"{""basis"":""x"",""d"":9,""p"":0.002,""rounds"":9}",
         1,         0,         0,    1.85,belief_find,50286a7a2e3fbed7ea5bbc9c7df22764c3c206917c449a465f94fc1372fb5214,"{""basis"":""x"",""d"":9,""p"":0.002,""rounds"":9}",
         1,         0,         0,    1.88,bp_osd,2d73ea91da0935aeafe2d7ca60ec6f0e9077dde8f43e8ace1585847c2d1cd948,"{""basis"":""x"",""d"":9,""p"":0.002,""rounds"":9}",
         3,         0,         0,    2.23,bp_osd,bea659dce592d9e7dac18f52c515962b5cbd335311a89f928680c06a69db9fa0,"{""basis"":""x"",""d"":7,""p"":0.004,""rounds"":7}",
         1,         0,         0,    1.75,belief_find,50286a7a2e3fbed7ea5bbc9c7df22764c3c206917c449a465f94fc1372fb5214,"{""basis"":""x"",""d"":9,""p"":0.002,""rounds"":9}",
         1,         0,         0,    1.83,bp_osd,2d73ea91da0935aeafe2d7ca60ec6f0e9077dde8f43e8ace1585847c2d1cd948,"{""basis"":""x"",""d"":9,""p"":0.002,""rounds"":9}",
       150,         2,         0,   120.3,belief_find,08c351f14149e77f75508015fc09a988b4c3c6d7829ffc9c3b4f3f80f7e42ed9,"{""basis"":""x"",""d"":7,""p"":0.004,""rounds"":7}",
         1,         0,         0,    1.91,belief_find,50286a7a2e3fbed7ea5bbc9c7df22764c3c206917c449a465f94fc1372fb5214,"{""basis"":""x"",""d"":9,""p"":0.002,""rounds"":9}",
        67,         0,         0,   120.0,bp_osd,2d73ea91da0935aeafe2d7ca60ec6f0e9077dde8f43e8ace1585847c2d1cd948,"{""basis"":""x"",""d"":9,""p"":0.002,""rounds"":9}",
         4,         0,         0,    3.09,bp_osd,bea659dce592d9e7dac18f52c515962b5cbd335311a89f928680c06a69db9fa0,"{""basis"":""x"",""d"":7,""p"":0.004,""rounds"":7}",
         1,         0,         0,    1.71,bp_osd,2d73ea91da0935aeafe2d7ca60ec6f0e9077dde8f43e8ace1585847c2d1cd948,"{""basis"":""x"",""d"":9,""p"":0.002,""rounds"":9}",
         1,         0,         0,    1.77,belief_find,50286a7a2e3fbed7ea5bbc9c7df22764c3c206917c449a465f94fc1372fb5214,"{""basis"":""x"",""d"":9,""p"":0.002,""rounds"":9}",
         1,         0,         0,    1.72,bp_osd,2d73ea91da0935aeafe2d7ca60ec6f0e9077dde8f43e8ace1585847c2d1cd948,"{""basis"":""x"",""d"":9,""p"":0.002,""rounds"":9}",
         1,         0,         0,    1.54,belief_find,50286a7a2e3fbed7ea5bbc9c7df22764c3c206917c449a465f94fc1372fb5214,"{""basis"":""x"",""d"":9,""p"":0.002,""rounds"":9}",
         1,         0,         0,    1.75,bp_osd,2d73ea91da0935aeafe2d7ca60ec6f0e9077dde8f43e8ace1585847c2d1cd948,"{""basis"":""x"",""d"":9,""p"":0.002,""rounds"":9}",
         1,         0,         0,    2.03,belief_find,50286a7a2e3fbed7ea5bbc9c7df22764c3c206917c449a465f94fc1372fb5214,"{""basis"":""x"",""d"":9,""p"":0.002,""rounds"":9}",
         6,         1,         0,    4.72,bp_osd,bea659dce592d9e7dac18f52c515962b5cbd335311a89f928680c06a69db9fa0,"{""basis"":""x"",""d"":7,""p"":0.004,""rounds"":7}",
         1,         0,         0,    1.97,bp_osd,2d73ea91da0935aeafe2d7ca60ec6f0e9077dde8f43e8ace1585847c2d1cd948,"{""basis"":""x"",""d"":9,""p"":0.002,""rounds"":9}",
         1,         0,         0,    1.69,belief_find,50286a7a2e3fbed7ea5bbc9c7df22764c3c206917c449a465f94fc1372fb5214,"{""basis"":""x"",""d"":9,""p"":0.002,""rounds"":9}",
        68,         6,         0,   121.3,bp_osd,7de2ce8f480ae8106b52da5287de3b5e3a63220e82625b29377c8675e7f17c4d,"{""basis"":""x"",""d"":9,""p"":0.008,""rounds"":9}",
         1,         0,         0,    1.68,bp_osd,2d73ea91da0935aeafe2d7ca60ec6f0e9077dde8f43e8ace1585847c2d1cd948,"{""basis"":""x"",""d"":9,""p"":0.002,""rounds"":9}",
         1,         0,         0,    1.72,belief_find,50286a7a2e3fbed7ea5bbc9c7df22764c3c206917c449a465f94fc1372fb5214,"{""basis"":""x"",""d"":9,""p"":0.002,""rounds"":9}",
         1,         0,         0,    1.76,bp_osd,2d73ea91da0935aeafe2d7ca60ec6f0e9077dde8f43e8ace1585847c2d1cd948,"{""basis"":""x"",""d"":9,""p"":0.002,""rounds"":9}",
       113,         0,         0,    88.2,belief_find,d51b11287f46a3bcc136577b149fb14f59784df0ca4f66e423e8124e96cab3be,"{""basis"":""x"",""d"":7,""p"":0.002,""rounds"":7}",
       112,         0,         0,    88.3,bp_osd,0e39c1138d6c1114c36527bb081603ff7322700376901eea078c7a4c266aacb7,"{""basis"":""x"",""d"":7,""p"":0.002,""rounds"":7}",
         2,         0,         0,    3.06,belief_find,50286a7a2e3fbed7ea5bbc9c7df22764c3c206917c449a465f94fc1372fb5214,"{""basis"":""x"",""d"":9,""p"":0.002,""rounds"":9}",
         8,         0,         0,    6.36,bp_osd,bea659dce592d9e7dac18f52c515962b5cbd335311a89f928680c06a69db9fa0,"{""basis"":""x"",""d"":7,""p"":0.004,""rounds"":7}",
         2,         0,         0,    2.87,bp_osd,2d73ea91da0935aeafe2d7ca60ec6f0e9077dde8f43e8ace1585847c2d1cd948,"{""basis"":""x"",""d"":9,""p"":0.002,""rounds"":9}",
         2,         0,         0,    3.57,belief_find,50286a7a2e3fbed7ea5bbc9c7df22764c3c206917c449a465f94fc1372fb5214,"{""basis"":""x"",""d"":9,""p"":0.002,""rounds"":9}",
         2,         0,         0,    3.82,bp_osd,2d73ea91da0935aeafe2d7ca60ec6f0e9077dde8f43e8ace1585847c2d1cd948,"{""basis"":""x"",""d"":9,""p"":0.002,""rounds"":9}",
        68,         3,         0,   121.6,belief_find,61b66453647c0a31f60a3d02c40fbc31e29d23b7241dcb9c131c924dd2125464,"{""basis"":""x"",""d"":9,""p"":0.004,""rounds"":9}",
         2,         0,         0,    3.86,belief_find,50286a7a2e3fbed7ea5bbc9c7df22764c3c206917c449a465f94fc1372fb5214,"{""basis"":""x"",""d"":9,""p"":0.002,""rounds"":9}",
        11,         0,         0,    8.95,bp_osd,bea659dce592d9e7dac18f52c515962b5cbd335311a89f928680c06a69db9fa0,"{""basis"":""x"",""d"":7,""p"":0.004,""rounds"":7}",
         3,         0,         0,    5.16,bp_osd,2d73ea91da0935aeafe2d7ca60ec6f0e9077dde8f43e8ace1585847c2d1cd948,"{""basis"":""x"",""d"":9,""p"":0.002,""rounds"":9}",
       154,         0,         0,   120.3,bp_osd,0e39c1138d6c1114c36527bb081603ff7322700376901eea078c7a4c266aacb7,"{""basis"":""x"",""d"":7,""p"":0.002,""rounds"":7}",
         3,         0,         0,    5.05,belief_find,50286a7a2e3fbed7ea5bbc9c7df22764c3c206917c449a465f94fc1372fb5214,"{""basis"":""x"",""d"":9,""p"":0.002,""rounds"":9}",
       150,         2,         0,   119.9,bp_osd,bea659dce592d9e7dac18f52c515962b5cbd335311a89f928680c06a69db9fa0,"{""basis"":""x"",""d"":7,""p"":0.004,""rounds"":7}",
       153,         0,         0,   119.9,belief_find,d51b11287f46a3bcc136577b149fb14f59784df0ca4f66e423e8124e96cab3be,"{""basis"":""x"",""d"":7,""p"":0.002,""rounds"":7}",
         4,         0,         0,    6.90,bp_osd,2d73ea91da0935aeafe2d7ca60ec6f0e9077dde8f43e8ace1585847c2d1cd948,"{""basis"":""x"",""d"":9,""p"":0.002,""rounds"":9}",
       149,         3,         0,   120.2,bp_osd,bde4c648d79cf1e3365396e7e32b8cc1e1780aa5479672ca740622ea9617b293,"{""basis"":""x"",""d"":7,""p"":0.006,""rounds"":7}",
        67,         2,         0,   121.1,bp_osd,f61743ccff3d8a1cd76876798066ba1f0231db9250063f361c9f349986c7cfc1,"{""basis"":""x"",""d"":9,""p"":0.006,""rounds"":9}",
       153,         2,         0,   120.4,belief_find,08c351f14149e77f75508015fc09a988b4c3c6d7829ffc9c3b4f3f80f7e42ed9,"{""basis"":""x"",""d"":7,""p"":0.004,""rounds"":7}",
       150,         8,         0,   120.0,belief_find,0d02f2c07f1d8ae6fff2baf3dc54b145177b3ae3671f2968798ca03aeb160059,"{""basis"":""x"",""d"":7,""p"":0.006,""rounds"":7}",
         4,         0,         0,    7.37,belief_find,50286a7a2e3fbed7ea5bbc9c7df22764c3c206917c449a465f94fc1372fb5214,"{""basis"":""x"",""d"":9,""p"":0.002,""rounds"":9}",
        15,         0,         0,    12.1,bp_osd,bea659dce592d9e7dac18f52c515962b5cbd335311a89f928680c06a69db9fa0,"{""basis"":""x"",""d"":7,""p"":0.004,""rounds"":7}",
         5,         0,         0,    9.14,bp_osd,2d73ea91da0935aeafe2d7ca60ec6f0e9077dde8f43e8ace1585847c2d1cd948,"{""basis"":""x"",""d"":9,""p"":0.002,""rounds"":9}",
         5,         0,         0,    9.06,belief_find,50286a7a2e3fbed7ea5bbc9c7df22764c3c206917c449a465f94fc1372fb5214,"{""basis"":""x"",""d"":9,""p"":0.002,""rounds"":9}",
        68,         1,         0,   120.9,bp_osd,b6dad9c90c8f2c730e10c773f02ee37f8b522e8eacb860a5f6088f55ef19c415,"{""basis"":""x"",""d"":9,""p"":0.004,""rounds"":9}",
         7,         0,         0,    12.2,bp_osd,2d73ea91da0935aeafe2d7ca60ec6f0e9077dde8f43e8ace1585847c2d1cd948,"{""basis"":""x"",""d"":9,""p"":0.002,""rounds"":9}",
        21,         0,         0,    17.0,bp_osd,bea659dce592d9e7dac18f52c515962b5cbd335311a89f928680c06a69db9fa0,"{""basis"":""x"",""d"":7,""p"":0.004,""rounds"":7}",
         7,         0,         0,    12.1,belief_find,50286a7a2e3fbed7ea5bbc9c7df22764c3c206917c449a465f94fc1372fb5214,"{""basis"":""x"",""d"":9,""p"":0.002,""rounds"":9}",
        66,         5,         0,   121.7,belief_find,929d2f23fbab2e31fea8f507eea8efc347f347671a02a93806f9e90581c1bc13,"{""basis"":""x"",""d"":9,""p"":0.006,""rounds"":9}",
        68,         1,         0,   120.6,belief_find,50286a7a2e3fbed7ea5bbc9c7df22764c3c206917c449a465f94fc1372fb5214,"{""basis"":""x"",""d"":9,""p"":0.002,""rounds"":9}",
        67,         0,         0,   121.3,belief_find,61b66453647c0a31f60a3d02c40fbc31e29d23b7241dcb9c131c924dd2125464,"{""basis"":""x"",""d"":9,""p"":0.004,""rounds"":9}",
         9,         0,         0,    16.5,bp_osd,2d73ea91da0935aeafe2d7ca60ec6f0e9077dde8f43e8ace1585847c2d1cd948,"{""basis"":""x"",""d"":9,""p"":0.002,""rounds"":9}",
        68,         0,         0,   121.4,bp_osd,2d73ea91da0935aeafe2d7ca60ec6f0e9077dde8f43e8ace1585847c2d1cd948,"{""basis"":""x"",""d"":9,""p"":0.002,""rounds"":9}",
       151,         0,         0,   120.2,bp_osd,0e39c1138d6c1114c36527bb081603ff7322700376901eea078c7a4c266aacb7,"{""basis"":""x"",""d"":7,""p"":0.002,""rounds"":7}",
        10,         0,         0,    18.1,belief_find,50286a7a2e3fbed7ea5bbc9c7df22764c3c206917c449a465f94fc1372fb5214,"{""basis"":""x"",""d"":9,""p"":0.002,""rounds"":9}",
        68,         4,         0,   121.3,bp_osd,f61743ccff3d8a1cd76876798066ba1f0231db9250063f361c9f349986c7cfc1,"{""basis"":""x"",""d"":9,""p"":0.006,""rounds"":9}",
        28,         0,         0,    23.0,bp_osd,bea659dce592d9e7dac18f52c515962b5cbd335311a89f928680c06a69db9fa0,"{""basis"":""x"",""d"":7,""p"":0.004,""rounds"":7}",
        67,         7,         0,   121.5,belief_find,929d2f23fbab2e31fea8f507eea8efc347f347671a02a93806f9e90581c1bc13,"{""basis"":""x"",""d"":9,""p"":0.006,""rounds"":9}",
        67,         0,         0,   120.5,bp_osd,b6dad9c90c8f2c730e10c773f02ee37f8b522e8eacb860a5f6088f55ef19c415,"{""basis"":""x"",""d"":9,""p"":0.004,""rounds"":9}",
        67,         8,         0,   121.7,bp_osd,7de2ce8f480ae8106b52da5287de3b5e3a63220e82625b29377c8675e7f17c4d,"{""basis"":""x"",""d"":9,""p"":0.008,""rounds"":9}",
       150,         0,         0,   120.2,belief_find,d51b11287f46a3bcc136577b149fb14f59784df0ca4f66e423e8124e96cab3be,"{""basis"":""x"",""d"":7,""p"":0.002,""rounds"":7}",
        13,         0,         0,    24.2,bp_osd,2d73ea91da0935aeafe2d7ca60ec6f0e9077dde8f43e8ace1585847c2d1cd948,"{""basis"":""x"",""d"":9,""p"":0.002,""rounds"":9}",
        13,         0,         0,    24.0,belief_find,50286a7a2e3fbed7ea5bbc9c7df22764c3c206917c449a465f94fc1372fb5214,"{""basis"":""x"",""d"":9,""p"":0.002,""rounds"":9}",
       151,         7,         0,   120.1,bp_osd,bde4c648d79cf1e3365396e7e32b8cc1e1780aa5479672ca740622ea9617b293,"{""basis"":""x"",""d"":7,""p"":0.006,""rounds"":7}",
        40,         0,         0,    32.2,bp_osd,bea659dce592d9e7dac18f52c515962b5cbd335311a89f928680c06a69db9fa0,"{""basis"":""x"",""d"":7,""p"":0.004,""rounds"":7}",
       148,        10,         0,   120.3,belief_find,0d02f2c07f1d8ae6fff2baf3dc54b145177b3ae3671f2968798ca03aeb160059,"{""basis"":""x"",""d"":7,""p"":0.006,""rounds"":7}",
       151,         0,         0,   120.7,bp_osd,bea659dce592d9e7dac18f52c515962b5cbd335311a89f928680c06a69db9fa0,"{""basis"":""x"",""d"":7,""p"":0.004,""rounds"":7}",
        68,         1,         0,   121.5,belief_find,50286a7a2e3fbed7ea5bbc9c7df22764c3c206917c449a465f94fc1372fb5214,"{""basis"":""x"",""d"":9,""p"":0.002,""rounds"":9}",
       147,         4,         0,   119.9,belief_find,08c351f14149e77f75508015fc09a988b4c3c6d7829ffc9c3b4f3f80f7e42ed9,"{""basis"":""x"",""d"":7,""p"":0.004,""rounds"":7}",
        68,         0,         0,   120.6,bp_osd,2d73ea91da0935aeafe2d7ca60ec6f0e9077dde8f43e8ace1585847c2d1cd948,"{""basis"":""x"",""d"":9,""p"":0.002,""rounds"":9}",
        18,         0,         0,    32.4,bp_osd,2d73ea91da0935aeafe2d7ca60ec6f0e9077dde8f43e8ace1585847c2d1cd948,"{""basis"":""x"",""d"":9,""p"":0.002,""rounds"":9}",
        18,         0,         0,    32.5,belief_find,50286a7a2e3fbed7ea5bbc9c7df22764c3c206917c449a465f94fc1372fb5214,"{""basis"":""x"",""d"":9,""p"":0.002,""rounds"":9}",
        68,         4,         0,   121.4,bp_osd,7de2ce8f480ae8106b52da5287de3b5e3a63220e82625b29377c8675e7f17c4d,"{""basis"":""x"",""d"":9,""p"":0.008,""rounds"":9}",
       151,         0,         0,   120.0,belief_find,d51b11287f46a3bcc136577b149fb14f59784df0ca4f66e423e8124e96cab3be,"{""basis"":""x"",""d"":7,""p"":0.002,""rounds"":7}",
       150,         0,         0,   120.2,bp_osd,0e39c1138d6c1114c36527bb081603ff7322700376901eea078c7a4c266aacb7,"{""basis"":""x"",""d"":7,""p"":0.002,""rounds"":7}",
        67,         0,         0,   120.6,belief_find,61b66453647c0a31f60a3d02c40fbc31e29d23b7241dcb9c131c924dd2125464,"{""basis"":""x"",""d"":9,""p"":0.004,""rounds"":9}",
       150,         0,         0,   120.0,bp_osd,0e39c1138d6c1114c36527bb081603ff7322700376901eea078c7a4c266aacb7,"{""basis"":""x"",""d"":7,""p"":0.002,""rounds"":7}",
       151,         1,         0,   120.1,bp_osd,bea659dce592d9e7dac18f52c515962b5cbd335311a89f928680c06a69db9fa0,"{""basis"":""x"",""d"":7,""p"":0.004,""rounds"":7}",
       151,         0,         0,   120.3,belief_find,d51b11287f46a3bcc136577b149fb14f59784df0ca4f66e423e8124e96cab3be,"{""basis"":""x"",""d"":7,""p"":0.002,""rounds"":7}",
       147,         3,         0,   120.2,bp_osd,bde4c648d79cf1e3365396e7e32b8cc1e1780aa5479672ca740622ea9617b293,"{""basis"":""x"",""d"":7,""p"":0.006,""rounds"":7}",
       150,         4,         0,   119.9,belief_find,08c351f14149e77f75508015fc09a988b4c3c6d7829ffc9c3b4f3f80f7e42ed9,"{""basis"":""x"",""d"":7,""p"":0.004,""rounds"":7}",
        65,         4,         0,   120.4,bp_osd,f61743ccff3d8a1cd76876798066ba1f0231db9250063f361c9f349986c7cfc1,"{""basis"":""x"",""d"":9,""p"":0.006,""rounds"":9}",
        57,         0,         0,    45.7,bp_osd,bea659dce592d9e7dac18f52c515962b5cbd335311a89f928680c06a69db9fa0,"{""basis"":""x"",""d"":7,""p"":0.004,""rounds"":7}",
       148,         6,         0,   120.5,belief_find,0d02f2c07f1d8ae6fff2baf3dc54b145177b3ae3671f2968798ca03aeb160059,"{""basis"":""x"",""d"":7,""p"":0.006,""rounds"":7}",
        66,         0,         0,   120.7,bp_osd,b6dad9c90c8f2c730e10c773f02ee37f8b522e8eacb860a5f6088f55ef19c415,"{""basis"":""x"",""d"":9,""p"":0.004,""rounds"":9}",
        26,         0,         0,    46.4,bp_osd,2d73ea91da0935aeafe2d7ca60ec6f0e9077dde8f43e8ace1585847c2d1cd948,"{""basis"":""x"",""d"":9,""p"":0.002,""rounds"":9}",
        26,         0,         0,    45.4,belief_find,50286a7a2e3fbed7ea5bbc9c7df22764c3c206917c449a465f94fc1372fb5214,"{""basis"":""x"",""d"":9,""p"":0.002,""rounds"":9}",
        66,         9,         0,   121.6,belief_find,929d2f23fbab2e31fea8f507eea8efc347f347671a02a93806f9e90581c1bc13,"{""basis"":""x"",""d"":9,""p"":0.006,""rounds"":9}",
        68,         0,         0,   121.1,belief_find,50286a7a2e3fbed7ea5bbc9c7df22764c3c206917c449a465f94fc1372fb5214,"{""basis"":""x"",""d"":9,""p"":0.002,""rounds"":9}",
        65,         2,         0,   120.5,belief_find,61b66453647c0a31f60a3d02c40fbc31e29d23b7241dcb9c131c924dd2125464,"{""basis"":""x"",""d"":9,""p"":0.004,""rounds"":9}",
       147,         0,         0,   120.2,bp_osd,0e39c1138d6c1114c36527bb081603ff7322700376901eea078c7a4c266aacb7,"{""basis"":""x"",""d"":7,""p"":0.002,""rounds"":7}",
        67,         0,         0,   121.1,bp_osd,2d73ea91da0935aeafe2d7ca60ec6f0e9077dde8f43e8ace1585847c2d1cd948,"{""basis"":""x"",""d"":9,""p"":0.002,""rounds"":9}",
        68,         2,         0,   121.1,bp_osd,f61743ccff3d8a1cd76876798066ba1f0231db9250063f361c9f349986c7cfc1,"{""basis"":""x"",""d"":9,""p"":0.006,""rounds"":9}",
        68,         9,         0,   121.4,belief_find,929d2f23fbab2e31fea8f507eea8efc347f347671a02a93806f9e90581c1bc13,"{""basis"":""x"",""d"":9,""p"":0.006,""rounds"":9}",
        69,         2,         0,   121.1,bp_osd,b6dad9c90c8f2c730e10c773f02ee37f8b522e8eacb860a5f6088f55ef19c415,"{""basis"":""x"",""d"":9,""p"":0.004,""rounds"":9}",
        68,         2,         0,   120.1,bp_osd,7de2ce8f480ae8106b52da5287de3b5e3a63220e82625b29377c8675e7f17c4d,"{""basis"":""x"",""d"":9,""p"":0.008,""rounds"":9}",
       155,         0,         0,   120.4,belief_find,d51b11287f46a3bcc136577b149fb14f59784df0ca4f66e423e8124e96cab3be,"{""basis"":""x"",""d"":7,""p"":0.002,""rounds"":7}",
        83,         2,         0,    63.4,bp_osd,bea659dce592d9e7dac18f52c515962b5cbd335311a89f928680c06a69db9fa0,"{""basis"":""x"",""d"":7,""p"":0.004,""rounds"":7}",
       157,         6,         0,   120.6,bp_osd,bde4c648d79cf1e3365396e7e32b8cc1e1780aa5479672ca740622ea9617b293,"{""basis"":""x"",""d"":7,""p"":0.006,""rounds"":7}",
       155,         5,         0,   120.4,belief_find,0d02f2c07f1d8ae6fff2baf3dc54b145177b3ae3671f2968798ca03aeb160059,"{""basis"":""x"",""d"":7,""p"":0.006,""rounds"":7}",
        39,         0,         0,    64.1,bp_osd,2d73ea91da0935aeafe2d7ca60ec6f0e9077dde8f43e8ace1585847c2d1cd948,"{""basis"":""x"",""d"":9,""p"":0.002,""rounds"":9}",
       157,         2,         0,   120.7,bp_osd,bea659dce592d9e7dac18f52c515962b5cbd335311a89f928680c06a69db9fa0,"{""basis"":""x"",""d"":7,""p"":0.004,""rounds"":7}",
        38,         0,         0,    63.0,belief_find,50286a7a2e3fbed7ea5bbc9c7df22764c3c206917c449a465f94fc1372fb5214,"{""basis"":""x"",""d"":9,""p"":0.002,""rounds"":9}",
        70,         1,         0,   120.0,belief_find,50286a7a2e3fbed7ea5bbc9c7df22764c3c206917c449a465f94fc1372fb5214,"{""basis"":""x"",""d"":9,""p"":0.002,""rounds"":9}",
       154,         1,         0,   120.1,belief_find,08c351f14149e77f75508015fc09a988b4c3c6d7829ffc9c3b4f3f80f7e42ed9,"{""basis"":""x"",""d"":7,""p"":0.004,""rounds"":7}",
        72,         0,         0,   120.2,bp_osd,2d73ea91da0935aeafe2d7ca60ec6f0e9077dde8f43e8ace1585847c2d1cd948,"{""basis"":""x"",""d"":9,""p"":0.002,""rounds"":9}",
        72,        10,         0,   121.0,bp_osd,7de2ce8f480ae8106b52da5287de3b5e3a63220e82625b29377c8675e7f17c4d,"{""basis"":""x"",""d"":9,""p"":0.008,""rounds"":9}",
       165,         0,         0,   120.5,belief_find,d51b11287f46a3bcc136577b149fb14f59784df0ca4f66e423e8124e96cab3be,"{""basis"":""x"",""d"":7,""p"":0.002,""rounds"":7}",
       162,         0,         0,   120.2,bp_osd,0e39c1138d6c1114c36527bb081603ff7322700376901eea078c7a4c266aacb7,"{""basis"":""x"",""d"":7,""p"":0.002,""rounds"":7}",
        74,         2,         0,   120.1,belief_find,61b66453647c0a31f60a3d02c40fbc31e29d23b7241dcb9c131c924dd2125464,"{""basis"":""x"",""d"":9,""p"":0.004,""rounds"":9}",
       168,         0,         0,   120.3,bp_osd,0e39c1138d6c1114c36527bb081603ff7322700376901eea078c7a4c266aacb7,"{""basis"":""x"",""d"":7,""p"":0.002,""rounds"":7}",
       168,         0,         0,   120.3,bp_osd,bea659dce592d9e7dac18f52c515962b5cbd335311a89f928680c06a69db9fa0,"{""basis"":""x"",""d"":7,""p"":0.004,""rounds"":7}",
       172,         0,         0,   120.3,belief_find,d51b11287f46a3bcc136577b149fb14f59784df0ca4f66e423e8124e96cab3be,"{""basis"":""x"",""d"":7,""p"":0.002,""rounds"":7}",
       168,         5,         0,   120.0,bp_osd,bde4c648d79cf1e3365396e7e32b8cc1e1780aa5479672ca740622ea9617b293,"{""basis"":""x"",""d"":7,""p"":0.006,""rounds"":7}",
        73,         8,         0,   120.0,bp_osd,f61743ccff3d8a1cd76876798066ba1f0231db9250063f361c9f349986c7cfc1,"{""basis"":""x"",""d"":9,""p"":0.006,""rounds"":9}",
       171,         1,         0,   120.4,belief_find,08c351f14149e77f75508015fc09a988b4c3c6d7829ffc9c3b4f3f80f7e42ed9,"{""basis"":""x"",""d"":7,""p"":0.004,""rounds"":7}",
       166,         9,         0,   120.3,belief_find,0d02f2c07f1d8ae6fff2baf3dc54b145177b3ae3671f2968798ca03aeb160059,"{""basis"":""x"",""d"":7,""p"":0.006,""rounds"":7}",
        79,         0,         0,   120.5,bp_osd,b6dad9c90c8f2c730e10c773f02ee37f8b522e8eacb860a5f6088f55ef19c415,"{""basis"":""x"",""d"":9,""p"":0.004,""rounds"":9}",
        77,         7,         0,   120.6,belief_find,929d2f23fbab2e31fea8f507eea8efc347f347671a02a93806f9e90581c1bc13,"{""basis"":""x"",""d"":9,""p"":0.006,""rounds"":9}",
       127,         0,         0,    88.2,bp_osd,bea659dce592d9e7dac18f52c515962b5cbd335311a89f928680c06a69db9fa0,"{""basis"":""x"",""d"":7,""p"":0.004,""rounds"":7}",
        79,         0,         0,   121.4,belief_find,50286a7a2e3fbed7ea5bbc9c7df22764c3c206917c449a465f94fc1372fb5214,"{""basis"":""x"",""d"":9,""p"":0.002,""rounds"":9}",
        78,         3,         0,   120.5,belief_find,61b66453647c0a31f60a3d02c40fbc31e29d23b7241dcb9c131c924dd2125464,"{""basis"":""x"",""d"":9,""p"":0.004,""rounds"":9}",
       174,         0,         0,   120.4,bp_osd,0e39c1138d6c1114c36527bb081603ff7322700376901eea078c7a4c266aacb7,"{""basis"":""x"",""d"":7,""p"":0.002,""rounds"":7}",
        83,         0,         0,   121.2,bp_osd,2d73ea91da0935aeafe2d7ca60ec6f0e9077dde8f43e8ace1585847c2d1cd948,"{""basis"":""x"",""d"":9,""p"":0.002,""rounds"":9}",
        79,         1,         0,   120.7,bp_osd,f61743ccff3d8a1cd76876798066ba1f0231db9250063f361c9f349986c7cfc1,"{""basis"":""x"",""d"":9,""p"":0.006,""rounds"":9}",
        79,         7,         0,   121.0,belief_find,929d2f23fbab2e31fea8f507eea8efc347f347671a02a93806f9e90581c1bc13,"{""basis"":""x"",""d"":9,""p"":0.006,""rounds"":9}",
        79,         0,         0,   120.2,bp_osd,b6dad9c90c8f2c730e10c773f02ee37f8b522e8eacb860a5f6088f55ef19c415,"{""basis"":""x"",""d"":9,""p"":0.004,""rounds"":9}",
        62,         0,         0,    88.2,bp_osd,2d73ea91da0935aeafe2d7ca60ec6f0e9077dde8f43e8ace1585847c2d1cd948,"{""basis"":""x"",""d"":9,""p"":0.002,""rounds"":9}",
        60,         0,         0,    89.1,belief_find,50286a7a2e3fbed7ea5bbc9c7df22764c3c206917c449a465f94fc1372fb5214,"{""basis"":""x"",""d"":9,""p"":0.002,""rounds"":9}",
        81,        12,         0,   120.7,bp_osd,7de2ce8f480ae8106b52da5287de3b5e3a63220e82625b29377c8675e7f17c4d,"{""basis"":""x"",""d"":9,""p"":0.008,""rounds"":9}",
       181,         1,         0,   120.5,belief_find,d51b11287f46a3bcc136577b149fb14f59784df0ca4f66e423e8124e96cab3be,"{""basis"":""x"",""d"":7,""p"":0.002,""rounds"":7}",
       176,         7,         0,   120.1,bp_osd,bde4c648d79cf1e3365396e7e32b8cc1e1780aa5479672ca740622ea9617b293,"{""basis"":""x"",""d"":7,""p"":0.006,""rounds"":7}",
       176,         8,         0,   120.2,belief_find,0d02f2c07f1d8ae6fff2baf3dc54b145177b3ae3671f2968798ca03aeb160059,"{""basis"":""x"",""d"":7,""p"":0.006,""rounds"":7}",
       178,         3,         0,   120.3,bp_osd,bea659dce592d9e7dac18f52c515962b5cbd335311a89f928680c06a69db9fa0,"{""basis"":""x"",""d"":7,""p"":0.004,""rounds"":7}",
        83,         0,         0,   121.2,belief_find,50286a7a2e3fbed7ea5bbc9c7df22764c3c206917c449a465f94fc1372fb5214,"{""basis"":""x"",""d"":9,""p"":0.002,""rounds"":9}",
       179,         4,         0,   120.6,belief_find,08c351f14149e77f75508015fc09a988b4c3c6d7829ffc9c3b4f3f80f7e42ed9,"{""basis"":""x"",""d"":7,""p"":0.004,""rounds"":7}",
        82,         0,         0,   120.7,bp_osd,2d73ea91da0935aeafe2d7ca60ec6f0e9077dde8f43e8ace1585847c2d1cd948,"{""basis"":""x"",""d"":9,""p"":0.002,""rounds"":9}",
        81,         9,         0,   120.6,bp_osd,7de2ce8f480ae8106b52da5287de3b5e3a63220e82625b29377c8675e7f17c4d,"{""basis"":""x"",""d"":9,""p"":0.008,""rounds"":9}",
       181,         0,         0,   120.2,bp_osd,0e39c1138d6c1114c36527bb081603ff7322700376901eea078c7a4c266aacb7,"{""basis"":""x"",""d"":7,""p"":0.002,""rounds"":7}",
       183,         0,         0,   120.6,belief_find,d51b11287f46a3bcc136577b149fb14f59784df0ca4f66e423e8124e96cab3be,"{""basis"":""x"",""d"":7,""p"":0.002,""rounds"":7}",
        80,         1,         0,   120.3,belief_find,61b66453647c0a31f60a3d02c40fbc31e29d23b7241dcb9c131c924dd2125464,"{""basis"":""x"",""d"":9,""p"":0.004,""rounds"":9}",
       175,         1,         0,   119.9,bp_osd,0e39c1138d6c1114c36527bb081603ff7322700376901eea078c7a4c266aacb7,"{""basis"":""x"",""d"":7,""p"":0.002,""rounds"":7}",
       179,         1,         0,   120.4,bp_osd,bea659dce592d9e7dac18f52c515962b5cbd335311a89f928680c06a69db9fa0,"{""basis"":""x"",""d"":7,""p"":0.004,""rounds"":7}",
       183,         1,         0,   120.5,belief_find,d51b11287f46a3bcc136577b149fb14f59784df0ca4f66e423e8124e96cab3be,"{""basis"":""x"",""d"":7,""p"":0.002,""rounds"":7}",
       173,         5,         0,   120.6,bp_osd,bde4c648d79cf1e3365396e7e32b8cc1e1780aa5479672ca740622ea9617b293,"{""basis"":""x"",""d"":7,""p"":0.006,""rounds"":7}",
       177,         3,         0,   120.2,belief_find,08c351f14149e77f75508015fc09a988b4c3c6d7829ffc9c3b4f3f80f7e42ed9,"{""basis"":""x"",""d"":7,""p"":0.004,""rounds"":7}",
        79,         2,         0,   120.6,bp_osd,f61743ccff3d8a1cd76876798066ba1f0231db9250063f361c9f349986c7cfc1,"{""basis"":""x"",""d"":9,""p"":0.006,""rounds"":9}",
       178,         7,         0,   120.0,belief_find,0d02f2c07f1d8ae6fff2baf3dc54b145177b3ae3671f2968798ca03aeb160059,"{""basis"":""x"",""d"":7,""p"":0.006,""rounds"":7}",
        79,         0,         0,   121.0,bp_osd,b6dad9c90c8f2c730e10c773f02ee37f8b522e8eacb860a5f6088f55ef19c415,"{""basis"":""x"",""d"":9,""p"":0.004,""rounds"":9}",
        79,         8,         0,   121.3,belief_find,929d2f23fbab2e31fea8f507eea8efc347f347671a02a93806f9e90581c1bc13,"{""basis"":""x"",""d"":9,""p"":0.006,""rounds"":9}",
       175,         1,         0,   120.2,bp_osd,bea659dce592d9e7dac18f52c515962b5cbd335311a89f928680c06a69db9fa0,"{""basis"":""x"",""d"":7,""p"":0.004,""rounds"":7}",
        81,         0,         0,   120.3,belief_find,50286a7a2e3fbed7ea5bbc9c7df22764c3c206917c449a465f94fc1372fb5214,"{""basis"":""x"",""d"":9,""p"":0.002,""rounds"":9}",
        78,         2,         0,   120.2,belief_find,61b66453647c0a31f60a3d02c40fbc31e29d23b7241dcb9c131c924dd2125464,"{""basis"":""x"",""d"":9,""p"":0.004,""rounds"":9}",
       178,         0,         0,   120.3,bp_osd,0e39c1138d6c1114c36527bb081603ff7322700376901eea078c7a4c266aacb7,"{""basis"":""x"",""d"":7,""p"":0.002,""rounds"":7}",
        79,         0,         0,   121.1,bp_osd,2d73ea91da0935aeafe2d7ca60ec6f0e9077dde8f43e8ace1585847c2d1cd948,"{""basis"":""x"",""d"":9,""p"":0.002,""rounds"":9}",
        81,         2,         0,   120.5,bp_osd,f61743ccff3d8a1cd76876798066ba1f0231db9250063f361c9f349986c7cfc1,"{""basis"":""x"",""d"":9,""p"":0.006,""rounds"":9}",
        79,         5,         0,   120.2,belief_find,929d2f23fbab2e31fea8f507eea8efc347f347671a02a93806f9e90581c1bc13,"{""basis"":""x"",""d"":9,""p"":0.006,""rounds"":9}",
        81,         0,         0,   120.1,bp_osd,b6dad9c90c8f2c730e10c773f02ee37f8b522e8eacb860a5f6088f55ef19c415,"{""basis"":""x"",""d"":9,""p"":0.004,""rounds"":9}",
        82,         0,         0,   121.2,bp_osd,2d73ea91da0935aeafe2d7ca60ec6f0e9077dde8f43e8ace1585847c2d1cd948,"{""basis"":""x"",""d"":9,""p"":0.002,""rounds"":9}",
        82,         0,         0,   120.0,belief_find,50286a7a2e3fbed7ea5bbc9c7df22764c3c206917c449a465f94fc1372fb5214,"{""basis"":""x"",""d"":9,""p"":0.002,""rounds"":9}",
        81,         7,         0,   120.5,bp_osd,7de2ce8f480ae8106b52da5287de3b5e3a63220e82625b29377c8675e7f17c4d,"{""basis"":""x"",""d"":9,""p"":0.008,""rounds"":9}",
       184,         0,         0,   120.6,belief_find,d51b11287f46a3bcc136577b149fb14f59784df0ca4f66e423e8124e96cab3be,"{""basis"":""x"",""d"":7,""p"":0.002,""rounds"":7}",
       179,         1,         0,   120.4,bp_osd,bde4c648d79cf1e3365396e7e32b8cc1e1780aa5479672ca740622ea9617b293,"{""basis"":""x"",""d"":7,""p"":0.006,""rounds"":7}",
       177,        11,         0,   120.0,belief_find,0d02f2c07f1d8ae6fff2baf3dc54b145177b3ae3671f2968798ca03aeb160059,"{""basis"":""x"",""d"":7,""p"":0.006,""rounds"":7}",
       193,         0,         0,   120.1,bp_osd,bea659dce592d9e7dac18f52c515962b5cbd335311a89f928680c06a69db9fa0,"{""basis"":""x"",""d"":7,""p"":0.004,""rounds"":7}",
        88,         0,         0,   122.6,belief_find,50286a7a2e3fbed7ea5bbc9c7df22764c3c206917c449a465f94fc1372fb5214,"{""basis"":""x"",""d"":9,""p"":0.002,""rounds"":9}",
       185,         4,         0,   120.9,belief_find,08c351f14149e77f75508015fc09a988b4c3c6d7829ffc9c3b4f3f80f7e42ed9,"{""basis"":""x"",""d"":7,""p"":0.004,""rounds"":7}",
        87,         0,         0,   121.0,bp_osd,2d73ea91da0935aeafe2d7ca60ec6f0e9077dde8f43e8ace1585847c2d1cd948,"{""basis"":""x"",""d"":9,""p"":0.002,""rounds"":9}",
        83,         5,         0,   120.7,bp_osd,7de2ce8f480ae8106b52da5287de3b5e3a63220e82625b29377c8675e7f17c4d,"{""basis"":""x"",""d"":9,""p"":0.008,""rounds"":9}",
       184,         0,         0,   120.7,belief_find,d51b11287f46a3bcc136577b149fb14f59784df0ca4f66e423e8124e96cab3be,"{""basis"":""x"",""d"":7,""p"":0.002,""rounds"":7}",
       178,         0,         0,   121.4,bp_osd,0e39c1138d6c1114c36527bb081603ff7322700376901eea078c7a4c266aacb7,"{""basis"":""x"",""d"":7,""p"":0.002,""rounds"":7}",
        81,         2,         0,   121.3,belief_find,61b66453647c0a31f60a3d02c40fbc31e29d23b7241dcb9c131c924dd2125464,"{""basis"":""x"",""d"":9,""p"":0.004,""rounds"":9}",
       171,         0,         0,   120.1,bp_osd,0e39c1138d6c1114c36527bb081603ff7322700376901eea078c7a4c266aacb7,"{""basis"":""x"",""d"":7,""p"":0.002,""rounds"":7}",
