family,split_type,bin,accuracy,confidence,count
tfim,iid,0,,0.05,0
tfim,iid,1,0.0,0.1702577498474915,4
tfim,iid,2,0.0,0.26452496222716476,2
tfim,iid,3,0.0,0.3561298227611297,4
tfim,iid,4,,0.45,0
tfim,iid,5,0.9166666666666666,0.5694753692057585,12
tfim,iid,6,,0.6500000000000001,0
tfim,iid,7,,0.75,0
tfim,iid,8,,0.8500000000000001,0
tfim,iid,9,,0.95,0
tfim,iid,0,,0.05,0
tfim,iid,1,0.0,0.1571810662115972,3
tfim,iid,2,0.0,0.254375148153823,3
tfim,iid,3,0.0,0.36553476212377284,3
tfim,iid,4,0.0,0.4044626995135431,1
tfim,iid,5,0.9166666666666666,0.5656843034143401,12
tfim,iid,6,,0.6500000000000001,0
tfim,iid,7,,0.75,0
tfim,iid,8,,0.8500000000000001,0
tfim,iid,9,,0.95,0
tfim,iid,0,0.0,0.09802629759879175,1
tfim,iid,1,0.0,0.12523976782409593,3
tfim,iid,2,0.0,0.24557469229148104,2
tfim,iid,3,0.0,0.3517598636230234,3
tfim,iid,4,0.0,0.4002282124856274,1
tfim,iid,5,0.75,0.5699813507895075,4
tfim,iid,6,1.0,0.6091522960853,8
tfim,iid,7,,0.75,0
tfim,iid,8,,0.8500000000000001,0
tfim,iid,9,,0.95,0
tfim,iid,0,0.0,0.08488526737680549,2
tfim,iid,1,0.0,0.12240584183983466,2
tfim,iid,2,0.0,0.25190191759342623,3
tfim,iid,3,0.0,0.3604653325165316,3
tfim,iid,4,,0.45,0
tfim,iid,5,0.9166666666666666,0.5782758806313518,12
tfim,iid,6,,0.6500000000000001,0
tfim,iid,7,,0.75,0
tfim,iid,8,,0.8500000000000001,0
tfim,iid,9,,0.95,0
tfim,iid,0,,0.05,0
tfim,iid,1,0.0,0.15959215138628968,4
tfim,iid,2,0.0,0.28345692543020806,2
tfim,iid,3,0.0,0.3712972807380128,2
tfim,iid,4,0.0,0.4170686710408039,2
tfim,iid,5,0.6666666666666666,0.5833136144560278,3
tfim,iid,6,1.0,0.6393026360755526,9
tfim,iid,7,,0.75,0
tfim,iid,8,,0.8500000000000001,0
tfim,iid,9,,0.95,0
tfim,iid,0,,0.05,0
tfim,iid,1,0.0,0.1769450555207685,1
tfim,iid,2,0.0,0.2513114417897093,3
tfim,iid,3,0.0,0.3628817971694669,6
tfim,iid,4,0.0,0.42399254408652326,1
tfim,iid,5,1.0,0.568042042686291,11
tfim,iid,6,,0.6500000000000001,0
tfim,iid,7,,0.75,0
tfim,iid,8,,0.8500000000000001,0
tfim,iid,9,,0.95,0
tfim,iid,0,,0.05,0
tfim,iid,1,0.0,0.1944994779502173,1
tfim,iid,2,0.0,0.2726088855910025,3
tfim,iid,3,0.0,0.38499117882438566,6
tfim,iid,4,0.0,0.4439278117244034,1
tfim,iid,5,1.0,0.5722112621172258,11
tfim,iid,6,,0.6500000000000001,0
tfim,iid,7,,0.75,0
tfim,iid,8,,0.8500000000000001,0
tfim,iid,9,,0.95,0
tfim,iid,0,,0.05,0
tfim,iid,1,0.0,0.1695501182328463,1
tfim,iid,2,0.0,0.25692492283634977,3
tfim,iid,3,0.0,0.3813424867528455,5
tfim,iid,4,0.0,0.4257162821262255,2
tfim,iid,5,1.0,0.5907633863147517,10
tfim,iid,6,1.0,0.6004274309235539,1
tfim,iid,7,,0.75,0
tfim,iid,8,,0.8500000000000001,0
tfim,iid,9,,0.95,0
tfim,iid,0,,0.05,0
tfim,iid,1,0.0,0.17191115013903852,2
tfim,iid,2,0.0,0.26727480991623204,2
tfim,iid,3,0.0,0.3709655316922864,6
tfim,iid,4,0.0,0.43940444773028553,1
tfim,iid,5,1.0,0.5855807245349717,11
tfim,iid,6,,0.6500000000000001,0
tfim,iid,7,,0.75,0
tfim,iid,8,,0.8500000000000001,0
tfim,iid,9,,0.95,0
tfim,iid,0,,0.05,0
tfim,iid,1,,0.15000000000000002,0
tfim,iid,2,0.0,0.24665364134278855,2
tfim,iid,3,0.0,0.33353382589123914,2
tfim,iid,4,0.0,0.4411657367461396,7
tfim,iid,5,,0.55,0
tfim,iid,6,1.0,0.6763511699714373,11
tfim,iid,7,,0.75,0
tfim,iid,8,,0.8500000000000001,0
tfim,iid,9,,0.95,0
tfim,iid,0,,0.05,0
tfim,iid,1,,0.15000000000000002,0
tfim,iid,2,0.0,0.2550601538014485,2
tfim,iid,3,0.0,0.3169245038100063,3
tfim,iid,4,0.0,0.4236208649210145,3
tfim,iid,5,0.5714285714285714,0.5538770384428559,7
tfim,iid,6,1.0,0.6098230084283003,7
tfim,iid,7,,0.75,0
tfim,iid,8,,0.8500000000000001,0
tfim,iid,9,,0.95,0
tfim,iid,0,,0.05,0
tfim,iid,1,0.0,0.14766556135719003,1
tfim,iid,2,0.0,0.2756435585996554,4
tfim,iid,3,0.0,0.37533458951288523,1
tfim,iid,4,0.0,0.44920640155811487,4
tfim,iid,5,0.9166666666666666,0.5554214394521663,12
tfim,iid,6,,0.6500000000000001,0
tfim,iid,7,,0.75,0
tfim,iid,8,,0.8500000000000001,0
tfim,iid,9,,0.95,0
tfim,iid,0,,0.05,0
tfim,iid,1,0.0,0.15452072814770798,1
tfim,iid,2,0.0,0.2810807877014518,3
tfim,iid,3,0.0,0.34841338511259534,2
tfim,iid,4,0.0,0.4272037270967006,2
tfim,iid,5,0.7857142857142857,0.5638155226910586,14
tfim,iid,6,,0.6500000000000001,0
tfim,iid,7,,0.75,0
tfim,iid,8,,0.8500000000000001,0
tfim,iid,9,,0.95,0
tfim,iid,0,,0.05,0
tfim,iid,1,0.0,0.12294878542907849,1
tfim,iid,2,0.0,0.2665967749708917,4
tfim,iid,3,0.0,0.3772292041783018,1
tfim,iid,4,0.0,0.4427343560097728,3
tfim,iid,5,0.8461538461538461,0.5654924497425499,13
tfim,iid,6,,0.6500000000000001,0
tfim,iid,7,,0.75,0
tfim,iid,8,,0.8500000000000001,0
tfim,iid,9,,0.95,0
tfim,iid,0,,0.05,0
tfim,iid,1,0.0,0.19179208358516764,1
tfim,iid,2,0.0,0.28939923971421694,2
tfim,iid,3,0.0,0.31765431766575924,2
tfim,iid,4,0.0,0.42716670730638945,3
tfim,iid,5,0.4,0.5599079148523353,5
tfim,iid,6,1.0,0.6405822099948367,9
tfim,iid,7,,0.75,0
tfim,iid,8,,0.8500000000000001,0
tfim,iid,9,,0.95,0
tfim,iid,0,,0.05,0
tfim,iid,1,,0.15000000000000002,0
tfim,iid,2,0.0,0.23863106860481115,5
tfim,iid,3,0.0,0.36139378865637506,1
tfim,iid,4,0.0,0.4422155252409288,4
tfim,iid,5,0.8888888888888888,0.5719143612669266,9
tfim,iid,6,1.0,0.6024929610471818,3
tfim,iid,7,,0.75,0
tfim,iid,8,,0.8500000000000001,0
tfim,iid,9,,0.95,0
tfim,iid,0,,0.05,0
tfim,iid,1,0.0,0.16271343149125353,3
tfim,iid,2,0.0,0.2292167903884899,2
tfim,iid,3,0.0,0.36822507364460555,3
tfim,iid,4,0.0,0.4594654353004036,2
tfim,iid,5,0.9,0.5708499120948696,10
tfim,iid,6,1.0,0.6003303993349574,2
tfim,iid,7,,0.75,0
tfim,iid,8,,0.8500000000000001,0
tfim,iid,9,,0.95,0
tfim,iid,0,,0.05,0
tfim,iid,1,0.0,0.17741032571869578,3
tfim,iid,2,0.0,0.2480395590699434,2
tfim,iid,3,0.0,0.3552973978075845,1
tfim,iid,4,0.0,0.43087613810792663,3
tfim,iid,5,0.7142857142857143,0.5611514851886651,7
tfim,iid,6,1.0,0.6040839411072025,6
tfim,iid,7,,0.75,0
tfim,iid,8,,0.8500000000000001,0
tfim,iid,9,,0.95,0
tfim,iid,0,,0.05,0
tfim,iid,1,0.0,0.1522595491334908,3
tfim,iid,2,0.0,0.2256267255170987,2
tfim,iid,3,0.0,0.373962083253812,3
tfim,iid,4,0.0,0.4674258123120665,2
tfim,iid,5,0.9166666666666666,0.5767517958554206,12
tfim,iid,6,,0.6500000000000001,0
tfim,iid,7,,0.75,0
tfim,iid,8,,0.8500000000000001,0
tfim,iid,9,,0.95,0
tfim,iid,0,,0.05,0
tfim,iid,1,0.0,0.18226560498314362,1
tfim,iid,2,0.0,0.23950470163683057,4
tfim,iid,3,0.0,0.3735276254748749,1
tfim,iid,4,0.0,0.4500384989676145,3
tfim,iid,5,0.3333333333333333,0.5583711513667468,3
tfim,iid,6,1.0,0.6461644803171909,10
tfim,iid,7,,0.75,0
tfim,iid,8,,0.8500000000000001,0
tfim,iid,9,,0.95,0
tfim,iid,0,,0.05,0
tfim,iid,1,0.0,0.1957216344824143,1
tfim,iid,2,0.0,0.230373370883673,2
tfim,iid,3,0.0,0.3477634192055515,4
tfim,iid,4,0.0,0.465728573740647,2
tfim,iid,5,0.5,0.5456220379128733,4
tfim,iid,6,1.0,0.6123831114157494,9
tfim,iid,7,,0.75,0
tfim,iid,8,,0.8500000000000001,0
tfim,iid,9,,0.95,0
tfim,iid,0,,0.05,0
tfim,iid,1,0.0,0.1606056862671015,3
tfim,iid,2,0.0,0.262451261080486,1
tfim,iid,3,0.0,0.3310838298244154,3
tfim,iid,4,0.0,0.45801102018512374,3
tfim,iid,5,0.9166666666666666,0.571907022536238,12
tfim,iid,6,,0.6500000000000001,0
tfim,iid,7,,0.75,0
tfim,iid,8,,0.8500000000000001,0
tfim,iid,9,,0.95,0
tfim,iid,0,,0.05,0
tfim,iid,1,0.0,0.16939136360179508,1
tfim,iid,2,0.0,0.238628449967674,3
tfim,iid,3,0.0,0.35873472258323846,3
tfim,iid,4,0.0,0.46281872748004305,2
tfim,iid,5,0.8461538461538461,0.5674279953388157,13
tfim,iid,6,,0.6500000000000001,0
tfim,iid,7,,0.75,0
tfim,iid,8,,0.8500000000000001,0
tfim,iid,9,,0.95,0
tfim,iid,0,,0.05,0
tfim,iid,1,0.0,0.15725731902052378,3
tfim,iid,2,0.0,0.26443237982144163,1
tfim,iid,3,0.0,0.3361347387498795,3
tfim,iid,4,0.0,0.4655267563469861,3
tfim,iid,5,0.9166666666666666,0.5708194586750156,12
tfim,iid,6,,0.6500000000000001,0
tfim,iid,7,,0.75,0
tfim,iid,8,,0.8500000000000001,0
tfim,iid,9,,0.95,0
tfim,iid,0,,0.05,0
tfim,iid,1,0.0,0.17057368562962852,3
tfim,iid,2,0.0,0.277794245851767,1
tfim,iid,3,0.0,0.35076059608915106,3
tfim,iid,4,0.0,0.47173929474144427,2
tfim,iid,5,0.3333333333333333,0.5465229797204286,3
tfim,iid,6,1.0,0.6288842694764007,10
tfim,iid,7,,0.75,0
tfim,iid,8,,0.8500000000000001,0
tfim,iid,9,,0.95,0
tfim,iid,0,,0.05,0
tfim,iid,1,,0.15000000000000002,0
tfim,iid,2,0.0,0.26232790215662,3
tfim,iid,3,0.0,0.3399480880550521,3
tfim,iid,4,0.0,0.42643633308634693,3
tfim,iid,5,0.8461538461538461,0.5645920138468933,13
tfim,iid,6,,0.6500000000000001,0
tfim,iid,7,,0.75,0
tfim,iid,8,,0.8500000000000001,0
tfim,iid,9,,0.95,0
tfim,iid,0,,0.05,0
tfim,iid,1,,0.15000000000000002,0
tfim,iid,2,0.0,0.25650946401522,4
tfim,iid,3,0.0,0.3700272018010456,4
tfim,iid,4,0.0,0.471699336043514,1
tfim,iid,5,0.8461538461538461,0.5610955449306293,13
tfim,iid,6,,0.6500000000000001,0
tfim,iid,7,,0.75,0
tfim,iid,8,,0.8500000000000001,0
tfim,iid,9,,0.95,0
tfim,iid,0,,0.05,0
tfim,iid,1,,0.15000000000000002,0
tfim,iid,2,0.0,0.2581589211132779,4
tfim,iid,3,0.0,0.3539188046857249,2
tfim,iid,4,0.0,0.43725755603395683,3
tfim,iid,5,0.8461538461538461,0.5777805869072382,13
tfim,iid,6,,0.6500000000000001,0
tfim,iid,7,,0.75,0
tfim,iid,8,,0.8500000000000001,0
tfim,iid,9,,0.95,0
tfim,iid,0,,0.05,0
tfim,iid,1,0.0,0.1789193508257097,1
tfim,iid,2,0.0,0.2546995673935802,3
tfim,iid,3,0.0,0.3564544279141202,3
tfim,iid,4,0.0,0.44533242782860716,2
tfim,iid,5,0.3333333333333333,0.5536144800083473,3
tfim,iid,6,1.0,0.6194832135243856,10
tfim,iid,7,,0.75,0
tfim,iid,8,,0.8500000000000001,0
tfim,iid,9,,0.95,0
tfim,iid,0,,0.05,0
tfim,iid,1,,0.15000000000000002,0
tfim,iid,2,0.0,0.2455356340370837,3
tfim,iid,3,0.0,0.33905733880034655,3
tfim,iid,4,0.0,0.4157280485880899,2
tfim,iid,5,0.25,0.5504880673795536,4
tfim,iid,6,1.0,0.6354827505373029,10
tfim,iid,7,,0.75,0
tfim,iid,8,,0.8500000000000001,0
tfim,iid,9,,0.95,0
tfim,iid,0,,0.05,0
tfim,iid,1,,0.15000000000000002,0
tfim,iid,2,0.0,0.24624814763725983,2
tfim,iid,3,0.0,0.358813601111,2
tfim,iid,4,0.0,0.4379734413573459,5
tfim,iid,5,0.8181818181818182,0.5764393097496789,11
tfim,iid,6,1.0,0.6025683471785541,2
tfim,iid,7,,0.75,0
tfim,iid,8,,0.8500000000000001,0
tfim,iid,9,,0.95,0
tfim,iid,0,,0.05,0
tfim,iid,1,0.0,0.18158750889253888,1
tfim,iid,2,0.0,0.23452506198990827,1
tfim,iid,3,0.0,0.35871896602037545,4
tfim,iid,4,0.0,0.43163774503061014,3
tfim,iid,5,0.8461538461538461,0.5645651422776257,13
tfim,iid,6,,0.6500000000000001,0
tfim,iid,7,,0.75,0
tfim,iid,8,,0.8500000000000001,0
tfim,iid,9,,0.95,0
tfim,iid,0,,0.05,0
tfim,iid,1,0.0,0.18300162469414025,1
tfim,iid,2,0.0,0.23772400210574737,1
tfim,iid,3,0.0,0.3529508749621546,3
tfim,iid,4,0.0,0.43085684993552525,4
tfim,iid,5,0.8461538461538461,0.5635266397054347,13
tfim,iid,6,,0.6500000000000001,0
tfim,iid,7,,0.75,0
tfim,iid,8,,0.8500000000000001,0
tfim,iid,9,,0.95,0
tfim,iid,0,,0.05,0
tfim,iid,1,0.0,0.1459882781369253,1
tfim,iid,2,0.0,0.24825216123634453,2
tfim,iid,3,0.0,0.369509705085186,4
tfim,iid,4,0.0,0.4423179932343743,2
tfim,iid,5,0.8461538461538461,0.5641284947889784,13
tfim,iid,6,,0.6500000000000001,0
tfim,iid,7,,0.75,0
tfim,iid,8,,0.8500000000000001,0
tfim,iid,9,,0.95,0
tfim,iid,0,,0.05,0
tfim,iid,1,0.0,0.1923041026599634,1
tfim,iid,2,0.0,0.25073187141491776,1
tfim,iid,3,0.0,0.3582429885814409,2
tfim,iid,4,0.0,0.4368234513978432,4
tfim,iid,5,0.0,0.5596113317483936,3
tfim,iid,6,1.0,0.6387835085846718,11
tfim,iid,7,,0.75,0
tfim,iid,8,,0.8500000000000001,0
tfim,iid,9,,0.95,0
tfim,iid,0,,0.05,0
tfim,iid,1,0.0,0.1852346949195476,2
tfim,iid,2,0.0,0.23037866665489817,3
tfim,iid,3,0.0,0.34029373165388327,3
tfim,iid,4,0.0,0.45256102288821004,1
tfim,iid,5,0.5,0.5645744796917739,4
tfim,iid,6,1.0,0.6269242052070839,9
tfim,iid,7,,0.75,0
tfim,iid,8,,0.8500000000000001,0
tfim,iid,9,,0.95,0
tfim,iid,0,,0.05,0
tfim,iid,1,0.0,0.150830023905709,2
tfim,iid,2,0.0,0.21321850921478894,3
tfim,iid,3,0.0,0.33522692217291983,3
tfim,iid,4,0.0,0.4660547484118345,2
tfim,iid,5,0.9166666666666666,0.5713472867344462,12
tfim,iid,6,,0.6500000000000001,0
tfim,iid,7,,0.75,0
tfim,iid,8,,0.8500000000000001,0
tfim,iid,9,,0.95,0
tfim,iid,0,,0.05,0
tfim,iid,1,0.0,0.14546654466134268,5
tfim,iid,2,,0.25,0
tfim,iid,3,0.0,0.31687032174141955,3
tfim,iid,4,0.0,0.4446971923566232,1
tfim,iid,5,0.5,0.5570566647431151,4
tfim,iid,6,1.0,0.6102594115426075,9
tfim,iid,7,,0.75,0
tfim,iid,8,,0.8500000000000001,0
tfim,iid,9,,0.95,0
tfim,iid,0,0.0,0.09444613181683405,1
tfim,iid,1,0.0,0.14948080911480416,4
tfim,iid,2,0.0,0.29282613893826664,1
tfim,iid,3,0.0,0.3069791215989571,2
tfim,iid,4,0.0,0.4585503191542808,2
tfim,iid,5,0.75,0.5700352794144881,4
tfim,iid,6,1.0,0.6058443748513257,8
tfim,iid,7,,0.75,0
tfim,iid,8,,0.8500000000000001,0
tfim,iid,9,,0.95,0
tfim,iid,0,,0.05,0
tfim,iid,1,0.0,0.1761779899199975,2
tfim,iid,2,0.0,0.24060662646744865,3
tfim,iid,3,0.0,0.36518484500186127,3
tfim,iid,4,0.0,0.47059760596130423,1
tfim,iid,5,0.5,0.5681752792387603,4
tfim,iid,6,1.0,0.624608266751807,9
tfim,iid,7,,0.75,0
tfim,iid,8,,0.8500000000000001,0
tfim,iid,9,,0.95,0
tfim,iid,0,,0.05,0
tfim,iid,1,0.0,0.17780939222789297,3
tfim,iid,2,0.0,0.2790238319339877,2
tfim,iid,3,0.0,0.36318820463801743,3
tfim,iid,4,0.0,0.4612058435411684,3
tfim,iid,5,1.0,0.5731103391739105,11
tfim,iid,6,,0.6500000000000001,0
tfim,iid,7,,0.75,0
tfim,iid,8,,0.8500000000000001,0
tfim,iid,9,,0.95,0
tfim,iid,0,,0.05,0
tfim,iid,1,0.0,0.11662214899692741,3
tfim,iid,2,0.0,0.25336107514154815,2
tfim,iid,3,0.0,0.3610366732408313,3
tfim,iid,4,0.0,0.4640943007309236,2
tfim,iid,5,0.5,0.5588316748663078,2
tfim,iid,6,1.0,0.6266589874216127,10
tfim,iid,7,,0.75,0
tfim,iid,8,,0.8500000000000001,0
tfim,iid,9,,0.95,0
tfim,iid,0,,0.05,0
tfim,iid,1,0.0,0.12235525286122757,3
tfim,iid,2,0.0,0.25796450397369525,2
tfim,iid,3,0.0,0.36234169955374734,3
tfim,iid,4,0.0,0.4583332084496322,2
tfim,iid,5,0.9166666666666666,0.5832039015955142,12
tfim,iid,6,,0.6500000000000001,0
tfim,iid,7,,0.75,0
tfim,iid,8,,0.8500000000000001,0
tfim,iid,9,,0.95,0
tfim,iid,0,0.0,0.09484339656447653,2
tfim,iid,1,0.0,0.11894291311200485,1
tfim,iid,2,0.0,0.24489376488929815,2
tfim,iid,3,0.0,0.3531667348691034,3
tfim,iid,4,0.0,0.45230489837084803,2
tfim,iid,5,0.9166666666666666,0.5791011774214487,12
tfim,iid,6,,0.6500000000000001,0
tfim,iid,7,,0.75,0
tfim,iid,8,,0.8500000000000001,0
tfim,iid,9,,0.95,0
tfim,iid,0,,0.05,0
tfim,iid,1,0.0,0.14814576730416276,3
tfim,iid,2,0.0,0.2771842327913351,2
tfim,iid,3,0.0,0.36952374384548065,3
tfim,iid,4,0.0,0.4676844251052203,3
tfim,iid,5,1.0,0.5743803027706841,11
tfim,iid,6,,0.6500000000000001,0
tfim,iid,7,,0.75,0
tfim,iid,8,,0.8500000000000001,0
tfim,iid,9,,0.95,0
tfim,iid,0,,0.05,0
tfim,iid,1,0.0,0.1716877030020867,2
tfim,iid,2,,0.25,0
tfim,iid,3,0.0,0.35129692056004364,4
tfim,iid,4,0.0,0.4445475458642203,3
tfim,iid,5,0.8461538461538461,0.5553358448593607,13
tfim,iid,6,,0.6500000000000001,0
tfim,iid,7,,0.75,0
tfim,iid,8,,0.8500000000000001,0
tfim,iid,9,,0.95,0
tfim,iid,0,,0.05,0
tfim,iid,1,0.0,0.12959118390733831,2
tfim,iid,2,0.0,0.2808648790767582,1
tfim,iid,3,0.0,0.35041449607639014,3
tfim,iid,4,0.0,0.4499361153711546,4
tfim,iid,5,0.9166666666666666,0.5522984348769197,12
tfim,iid,6,,0.6500000000000001,0
tfim,iid,7,,0.75,0
tfim,iid,8,,0.8500000000000001,0
tfim,iid,9,,0.95,0
tfim,iid,0,,0.05,0
tfim,iid,1,0.0,0.121515518689267,2
tfim,iid,2,0.0,0.29101976620708103,1
tfim,iid,3,0.0,0.3700640820032,3
tfim,iid,4,0.0,0.46515225132901183,3
tfim,iid,5,0.6666666666666666,0.5617482384796241,6
tfim,iid,6,1.0,0.6085481486527097,7
tfim,iid,7,,0.75,0
tfim,iid,8,,0.8500000000000001,0
tfim,iid,9,,0.95,0
tfim,iid,0,0.0,0.08714307794287726,1
tfim,iid,1,0.0,0.12786797956428964,1
tfim,iid,2,0.0,0.27149693808218145,1
tfim,iid,3,0.0,0.3485978509156132,3
tfim,iid,4,0.0,0.44441562085976405,3
tfim,iid,5,0.75,0.5595561494123261,8
tfim,iid,6,1.0,0.606610264334385,5
tfim,iid,7,,0.75,0
tfim,iid,8,,0.8500000000000001,0
tfim,iid,9,,0.95,0
tfim,iid,0,,0.05,0
tfim,iid,1,0.0,0.1547870134271958,2
tfim,iid,2,0.0,0.29637667573167475,1
tfim,iid,3,0.0,0.36076287661589457,3
tfim,iid,4,0.0,0.4523719143890229,4
tfim,iid,5,0.9166666666666666,0.5484032369248361,12
tfim,iid,6,,0.6500000000000001,0
tfim,iid,7,,0.75,0
tfim,iid,8,,0.8500000000000001,0
tfim,iid,9,,0.95,0
tfim,parameter_block,0,,0.05,0
tfim,parameter_block,1,,0.15000000000000002,0
tfim,parameter_block,2,0.0,0.28971475641785627,4
tfim,parameter_block,3,0.0,0.3390451046487498,17
tfim,parameter_block,4,0.5833333333333334,0.46157447777088806,24
tfim,parameter_block,5,1.0,0.5101106387307704,22
tfim,parameter_block,6,,0.6500000000000001,0
tfim,parameter_block,7,,0.75,0
tfim,parameter_block,8,,0.8500000000000001,0
tfim,parameter_block,9,,0.95,0
tfim,parameter_block,0,,0.05,0
tfim,parameter_block,1,,0.15000000000000002,0
tfim,parameter_block,2,0.0,0.2906736123424761,1
tfim,parameter_block,3,0.0,0.3377366401256855,18
tfim,parameter_block,4,0.3333333333333333,0.457878098258653,18
tfim,parameter_block,5,1.0,0.5233891719297035,30
tfim,parameter_block,6,,0.6500000000000001,0
tfim,parameter_block,7,,0.75,0
tfim,parameter_block,8,,0.8500000000000001,0
tfim,parameter_block,9,,0.95,0
tfim,parameter_block,0,,0.05,0
tfim,parameter_block,1,,0.15000000000000002,0
tfim,parameter_block,2,,0.25,0
tfim,parameter_block,3,0.0,0.3452828964772738,18
tfim,parameter_block,4,0.07142857142857142,0.4586233601387244,14
tfim,parameter_block,5,1.0,0.5343735834913241,35
tfim,parameter_block,6,,0.6500000000000001,0
tfim,parameter_block,7,,0.75,0
tfim,parameter_block,8,,0.8500000000000001,0
tfim,parameter_block,9,,0.95,0
tfim,parameter_block,0,,0.05,0
tfim,parameter_block,1,,0.15000000000000002,0
tfim,parameter_block,2,,0.25,0
tfim,parameter_block,3,0.0,0.3602686787326496,15
tfim,parameter_block,4,0.0,0.4551981351685912,12
tfim,parameter_block,5,0.9,0.5549392649267684,40
tfim,parameter_block,6,,0.6500000000000001,0
tfim,parameter_block,7,,0.75,0
tfim,parameter_block,8,,0.8500000000000001,0
tfim,parameter_block,9,,0.95,0
tfim,parameter_block,0,,0.05,0
tfim,parameter_block,1,,0.15000000000000002,0
tfim,parameter_block,2,,0.25,0
tfim,parameter_block,3,0.0,0.38101231186624107,13
tfim,parameter_block,4,0.0,0.4553533085770666,13
tfim,parameter_block,5,0.8780487804878049,0.552856779521812,41
tfim,parameter_block,6,,0.6500000000000001,0
tfim,parameter_block,7,,0.75,0
tfim,parameter_block,8,,0.8500000000000001,0
tfim,parameter_block,9,,0.95,0
tfim,parameter_block,0,,0.05,0
tfim,parameter_block,1,,0.15000000000000002,0
tfim,parameter_block,2,,0.25,0
tfim,parameter_block,3,0.0,0.3538734888641703,16
tfim,parameter_block,4,0.0,0.4547262325586497,14
tfim,parameter_block,5,0.972972972972973,0.5387415319149688,37
tfim,parameter_block,6,,0.6500000000000001,0
tfim,parameter_block,7,,0.75,0
tfim,parameter_block,8,,0.8500000000000001,0
tfim,parameter_block,9,,0.95,0
tfim,parameter_block,0,,0.05,0
tfim,parameter_block,1,,0.15000000000000002,0
tfim,parameter_block,2,0.0,0.29074687041233677,4
tfim,parameter_block,3,0.0,0.3418005528353272,18
tfim,parameter_block,4,0.75,0.4702682397033541,36
tfim,parameter_block,5,1.0,0.5009083032911269,9
tfim,parameter_block,6,,0.6500000000000001,0
tfim,parameter_block,7,,0.75,0
tfim,parameter_block,8,,0.8500000000000001,0
tfim,parameter_block,9,,0.95,0
tfim,parameter_block,0,,0.05,0
tfim,parameter_block,1,,0.15000000000000002,0
tfim,parameter_block,2,0.0,0.2990166268933488,1
tfim,parameter_block,3,0.0,0.3449378478720152,18
tfim,parameter_block,4,0.4,0.4623141134436223,20
tfim,parameter_block,5,1.0,0.5172543511739005,28
tfim,parameter_block,6,,0.6500000000000001,0
tfim,parameter_block,7,,0.75,0
tfim,parameter_block,8,,0.8500000000000001,0
tfim,parameter_block,9,,0.95,0
tfim,parameter_block,0,,0.05,0
tfim,parameter_block,1,,0.15000000000000002,0
tfim,parameter_block,2,0.0,0.2967050577115524,1
tfim,parameter_block,3,0.0,0.3418967640530271,17
tfim,parameter_block,4,0.23529411764705882,0.4584971517573096,17
tfim,parameter_block,5,1.0,0.5291235886315693,32
tfim,parameter_block,6,,0.6500000000000001,0
tfim,parameter_block,7,,0.75,0
tfim,parameter_block,8,,0.8500000000000001,0
tfim,parameter_block,9,,0.95,0
tfim,parameter_block,0,,0.05,0
tfim,parameter_block,1,,0.15000000000000002,0
tfim,parameter_block,2,,0.25,0
tfim,parameter_block,3,0.0,0.37740425313328835,11
tfim,parameter_block,4,0.0,0.44013727325902857,9
tfim,parameter_block,5,0.0,0.5501927217192398,10
tfim,parameter_block,6,0.9565217391304348,0.6614234013325933,23
tfim,parameter_block,7,1.0,0.7079954698896158,14
tfim,parameter_block,8,,0.8500000000000001,0
tfim,parameter_block,9,,0.95,0
tfim,critical_holdout,0,,0.05,0
tfim,critical_holdout,1,,0.15000000000000002,0
tfim,critical_holdout,2,,0.25,0
tfim,critical_holdout,3,,0.35000000000000003,0
tfim,critical_holdout,4,0.0,0.474038013343636,7
tfim,critical_holdout,5,0.7,0.5402892644228924,20
tfim,critical_holdout,6,,0.6500000000000001,0
tfim,critical_holdout,7,,0.75,0
tfim,critical_holdout,8,,0.8500000000000001,0
tfim,critical_holdout,9,,0.95,0
tfim,critical_holdout,0,,0.05,0
tfim,critical_holdout,1,,0.15000000000000002,0
tfim,critical_holdout,2,,0.25,0
tfim,critical_holdout,3,,0.35000000000000003,0
tfim,critical_holdout,4,0.0,0.4730734137904532,7
tfim,critical_holdout,5,0.7,0.5443453715246804,20
tfim,critical_holdout,6,,0.6500000000000001,0
tfim,critical_holdout,7,,0.75,0
tfim,critical_holdout,8,,0.8500000000000001,0
tfim,critical_holdout,9,,0.95,0
tfim,critical_holdout,0,,0.05,0
tfim,critical_holdout,1,,0.15000000000000002,0
tfim,critical_holdout,2,,0.25,0
tfim,critical_holdout,3,,0.35000000000000003,0
tfim,critical_holdout,4,0.0,0.48156340151928445,5
tfim,critical_holdout,5,0.6363636363636364,0.5537850938701891,22
tfim,critical_holdout,6,,0.6500000000000001,0
tfim,critical_holdout,7,,0.75,0
tfim,critical_holdout,8,,0.8500000000000001,0
tfim,critical_holdout,9,,0.95,0
tfim,critical_holdout,0,,0.05,0
tfim,critical_holdout,1,,0.15000000000000002,0
tfim,critical_holdout,2,,0.25,0
tfim,critical_holdout,3,,0.35000000000000003,0
tfim,critical_holdout,4,0.0,0.47408204512632296,8
tfim,critical_holdout,5,0.7368421052631579,0.5426171726661655,19
tfim,critical_holdout,6,,0.6500000000000001,0
tfim,critical_holdout,7,,0.75,0
tfim,critical_holdout,8,,0.8500000000000001,0
tfim,critical_holdout,9,,0.95,0
tfim,critical_holdout,0,,0.05,0
tfim,critical_holdout,1,,0.15000000000000002,0
tfim,critical_holdout,2,,0.25,0
tfim,critical_holdout,3,,0.35000000000000003,0
tfim,critical_holdout,4,0.0,0.4880383631987175,2
tfim,critical_holdout,5,0.26666666666666666,0.5551769601546859,15
tfim,critical_holdout,6,1.0,0.614876405527373,10
tfim,critical_holdout,7,,0.75,0
tfim,critical_holdout,8,,0.8500000000000001,0
tfim,critical_holdout,9,,0.95,0
tfim,critical_holdout,0,,0.05,0
tfim,critical_holdout,1,,0.15000000000000002,0
tfim,critical_holdout,2,,0.25,0
tfim,critical_holdout,3,,0.35000000000000003,0
tfim,critical_holdout,4,0.0,0.47908503078378345,6
tfim,critical_holdout,5,0.6666666666666666,0.5477004528880896,21
tfim,critical_holdout,6,,0.6500000000000001,0
tfim,critical_holdout,7,,0.75,0
tfim,critical_holdout,8,,0.8500000000000001,0
tfim,critical_holdout,9,,0.95,0
tfim,critical_holdout,0,,0.05,0
tfim,critical_holdout,1,,0.15000000000000002,0
tfim,critical_holdout,2,,0.25,0
tfim,critical_holdout,3,,0.35000000000000003,0
tfim,critical_holdout,4,0.0,0.4748959543802699,7
tfim,critical_holdout,5,0.7,0.5437892982930801,20
tfim,critical_holdout,6,,0.6500000000000001,0
tfim,critical_holdout,7,,0.75,0
tfim,critical_holdout,8,,0.8500000000000001,0
tfim,critical_holdout,9,,0.95,0
tfim,critical_holdout,0,,0.05,0
tfim,critical_holdout,1,,0.15000000000000002,0
tfim,critical_holdout,2,,0.25,0
tfim,critical_holdout,3,,0.35000000000000003,0
tfim,critical_holdout,4,0.0,0.4810102376220332,5
tfim,critical_holdout,5,0.6363636363636364,0.5589489894865097,22
tfim,critical_holdout,6,,0.6500000000000001,0
tfim,critical_holdout,7,,0.75,0
tfim,critical_holdout,8,,0.8500000000000001,0
tfim,critical_holdout,9,,0.95,0
tfim,critical_holdout,0,,0.05,0
tfim,critical_holdout,1,,0.15000000000000002,0
tfim,critical_holdout,2,,0.25,0
tfim,critical_holdout,3,,0.35000000000000003,0
tfim,critical_holdout,4,0.0,0.47770653208247565,5
tfim,critical_holdout,5,0.6363636363636364,0.5576246144931108,22
tfim,critical_holdout,6,,0.6500000000000001,0
tfim,critical_holdout,7,,0.75,0
tfim,critical_holdout,8,,0.8500000000000001,0
tfim,critical_holdout,9,,0.95,0
tfim,critical_holdout,0,,0.05,0
tfim,critical_holdout,1,,0.15000000000000002,0
tfim,critical_holdout,2,,0.25,0
tfim,critical_holdout,3,,0.35000000000000003,0
tfim,critical_holdout,4,0.0,0.4947289142083352,2
tfim,critical_holdout,5,0.3125,0.5597289862023223,16
tfim,critical_holdout,6,1.0,0.6132561908519271,9
tfim,critical_holdout,7,,0.75,0
tfim,critical_holdout,8,,0.8500000000000001,0
tfim,critical_holdout,9,,0.95,0
tfim,critical_holdout,0,,0.05,0
tfim,critical_holdout,1,,0.15000000000000002,0
tfim,critical_holdout,2,,0.25,0
tfim,critical_holdout,3,,0.35000000000000003,0
tfim,critical_holdout,4,0.0,0.47133464792671287,9
tfim,critical_holdout,5,0.7777777777777778,0.5342586749599517,18
tfim,critical_holdout,6,,0.6500000000000001,0
tfim,critical_holdout,7,,0.75,0
tfim,critical_holdout,8,,0.8500000000000001,0
tfim,critical_holdout,9,,0.95,0
tfim,critical_holdout,0,,0.05,0
tfim,critical_holdout,1,,0.15000000000000002,0
tfim,critical_holdout,2,,0.25,0
tfim,critical_holdout,3,,0.35000000000000003,0
tfim,critical_holdout,4,0.0,0.4802136268509775,5
tfim,critical_holdout,5,0.6363636363636364,0.5478658371556856,22
tfim,critical_holdout,6,,0.6500000000000001,0
tfim,critical_holdout,7,,0.75,0
tfim,critical_holdout,8,,0.8500000000000001,0
tfim,critical_holdout,9,,0.95,0
tfim,critical_holdout,0,,0.05,0
tfim,critical_holdout,1,,0.15000000000000002,0
tfim,critical_holdout,2,,0.25,0
tfim,critical_holdout,3,,0.35000000000000003,0
tfim,critical_holdout,4,0.0,0.48618766071326874,4
tfim,critical_holdout,5,0.6086956521739131,0.5598276270201655,23
tfim,critical_holdout,6,,0.6500000000000001,0
tfim,critical_holdout,7,,0.75,0
tfim,critical_holdout,8,,0.8500000000000001,0
tfim,critical_holdout,9,,0.95,0
tfim,critical_holdout,0,,0.05,0
tfim,critical_holdout,1,,0.15000000000000002,0
tfim,critical_holdout,2,,0.25,0
tfim,critical_holdout,3,,0.35000000000000003,0
tfim,critical_holdout,4,0.0,0.4769488402529811,6
tfim,critical_holdout,5,0.6666666666666666,0.55494267720872,21
tfim,critical_holdout,6,,0.6500000000000001,0
tfim,critical_holdout,7,,0.75,0
tfim,critical_holdout,8,,0.8500000000000001,0
tfim,critical_holdout,9,,0.95,0
tfim,critical_holdout,0,,0.05,0
tfim,critical_holdout,1,,0.15000000000000002,0
tfim,critical_holdout,2,,0.25,0
tfim,critical_holdout,3,,0.35000000000000003,0
tfim,critical_holdout,4,0.0,0.48762279514211143,3
tfim,critical_holdout,5,0.5454545454545454,0.5606473374691463,22
tfim,critical_holdout,6,1.0,0.6012118834779796,2
tfim,critical_holdout,7,,0.75,0
tfim,critical_holdout,8,,0.8500000000000001,0
tfim,critical_holdout,9,,0.95,0
tfim,critical_holdout,0,,0.05,0
tfim,critical_holdout,1,,0.15000000000000002,0
tfim,critical_holdout,2,,0.25,0
tfim,critical_holdout,3,,0.35000000000000003,0
tfim,critical_holdout,4,0.0,0.4739800863528198,8
tfim,critical_holdout,5,0.7368421052631579,0.5357611479286216,19
tfim,critical_holdout,6,,0.6500000000000001,0
tfim,critical_holdout,7,,0.75,0
tfim,critical_holdout,8,,0.8500000000000001,0
tfim,critical_holdout,9,,0.95,0
tfim,critical_holdout,0,,0.05,0
tfim,critical_holdout,1,,0.15000000000000002,0
tfim,critical_holdout,2,,0.25,0
tfim,critical_holdout,3,,0.35000000000000003,0
tfim,critical_holdout,4,0.0,0.47420490267091836,7
tfim,critical_holdout,5,0.7,0.5386294961080259,20
tfim,critical_holdout,6,,0.6500000000000001,0
tfim,critical_holdout,7,,0.75,0
tfim,critical_holdout,8,,0.8500000000000001,0
tfim,critical_holdout,9,,0.95,0
tfim,critical_holdout,0,,0.05,0
tfim,critical_holdout,1,,0.15000000000000002,0
tfim,critical_holdout,2,,0.25,0
tfim,critical_holdout,3,,0.35000000000000003,0
tfim,critical_holdout,4,0.0,0.47747109147200817,5
tfim,critical_holdout,5,0.6363636363636364,0.5468433344488809,22
tfim,critical_holdout,6,,0.6500000000000001,0
tfim,critical_holdout,7,,0.75,0
tfim,critical_holdout,8,,0.8500000000000001,0
tfim,critical_holdout,9,,0.95,0
tfim,critical_holdout,0,,0.05,0
tfim,critical_holdout,1,,0.15000000000000002,0
tfim,critical_holdout,2,,0.25,0
tfim,critical_holdout,3,,0.35000000000000003,0
tfim,critical_holdout,4,0.0,0.4759193557505161,7
tfim,critical_holdout,5,0.7,0.5420676689601144,20
tfim,critical_holdout,6,,0.6500000000000001,0
tfim,critical_holdout,7,,0.75,0
tfim,critical_holdout,8,,0.8500000000000001,0
tfim,critical_holdout,9,,0.95,0
tfim,critical_holdout,0,,0.05,0
tfim,critical_holdout,1,,0.15000000000000002,0
tfim,critical_holdout,2,,0.25,0
tfim,critical_holdout,3,,0.35000000000000003,0
tfim,critical_holdout,4,0.0,0.4914610026501339,1
tfim,critical_holdout,5,0.25,0.5569735427466791,16
tfim,critical_holdout,6,1.0,0.617672076876543,10
tfim,critical_holdout,7,,0.75,0
tfim,critical_holdout,8,,0.8500000000000001,0
tfim,critical_holdout,9,,0.95,0
tfim,critical_holdout,0,,0.05,0
tfim,critical_holdout,1,,0.15000000000000002,0
tfim,critical_holdout,2,,0.25,0
tfim,critical_holdout,3,,0.35000000000000003,0
tfim,critical_holdout,4,0.0,0.4751206831612028,7
tfim,critical_holdout,5,0.7,0.5398827595147756,20
tfim,critical_holdout,6,,0.6500000000000001,0
tfim,critical_holdout,7,,0.75,0
tfim,critical_holdout,8,,0.8500000000000001,0
tfim,critical_holdout,9,,0.95,0
tfim,critical_holdout,0,,0.05,0
tfim,critical_holdout,1,,0.15000000000000002,0
tfim,critical_holdout,2,,0.25,0
tfim,critical_holdout,3,,0.35000000000000003,0
tfim,critical_holdout,4,0.0,0.48215333706119345,4
tfim,critical_holdout,5,0.6086956521739131,0.5534325191149723,23
tfim,critical_holdout,6,,0.6500000000000001,0
tfim,critical_holdout,7,,0.75,0
tfim,critical_holdout,8,,0.8500000000000001,0
tfim,critical_holdout,9,,0.95,0
tfim,critical_holdout,0,,0.05,0
tfim,critical_holdout,1,,0.15000000000000002,0
tfim,critical_holdout,2,,0.25,0
tfim,critical_holdout,3,,0.35000000000000003,0
tfim,critical_holdout,4,0.0,0.4846281128302137,3
tfim,critical_holdout,5,0.5833333333333334,0.5610046404933131,24
tfim,critical_holdout,6,,0.6500000000000001,0
tfim,critical_holdout,7,,0.75,0
tfim,critical_holdout,8,,0.8500000000000001,0
tfim,critical_holdout,9,,0.95,0
tfim,critical_holdout,0,,0.05,0
tfim,critical_holdout,1,,0.15000000000000002,0
tfim,critical_holdout,2,,0.25,0
tfim,critical_holdout,3,,0.35000000000000003,0
tfim,critical_holdout,4,0.0,0.4826733537814789,5
tfim,critical_holdout,5,0.6363636363636364,0.5484242673348839,22
tfim,critical_holdout,6,,0.6500000000000001,0
tfim,critical_holdout,7,,0.75,0
tfim,critical_holdout,8,,0.8500000000000001,0
tfim,critical_holdout,9,,0.95,0
tfim,critical_holdout,0,,0.05,0
tfim,critical_holdout,1,,0.15000000000000002,0
tfim,critical_holdout,2,,0.25,0
tfim,critical_holdout,3,,0.35000000000000003,0
tfim,critical_holdout,4,,0.45,0
tfim,critical_holdout,5,0.0,0.5739704938050428,7
tfim,critical_holdout,6,0.7,0.6476914333417129,20
tfim,critical_holdout,7,,0.75,0
tfim,critical_holdout,8,,0.8500000000000001,0
tfim,critical_holdout,9,,0.95,0
tfim,critical_holdout,0,,0.05,0
tfim,critical_holdout,1,,0.15000000000000002,0
tfim,critical_holdout,2,,0.25,0
tfim,critical_holdout,3,,0.35000000000000003,0
tfim,critical_holdout,4,0.0,0.470183106175905,8
tfim,critical_holdout,5,0.7368421052631579,0.5369679024330197,19
tfim,critical_holdout,6,,0.6500000000000001,0
tfim,critical_holdout,7,,0.75,0
tfim,critical_holdout,8,,0.8500000000000001,0
tfim,critical_holdout,9,,0.95,0
tfim,critical_holdout,0,,0.05,0
tfim,critical_holdout,1,,0.15000000000000002,0
tfim,critical_holdout,2,,0.25,0
tfim,critical_holdout,3,,0.35000000000000003,0
tfim,critical_holdout,4,0.0,0.47405761708583727,8
tfim,critical_holdout,5,0.7368421052631579,0.5392333687731616,19
tfim,critical_holdout,6,,0.6500000000000001,0
tfim,critical_holdout,7,,0.75,0
tfim,critical_holdout,8,,0.8500000000000001,0
tfim,critical_holdout,9,,0.95,0
tfim,critical_holdout,0,,0.05,0
tfim,critical_holdout,1,,0.15000000000000002,0
tfim,critical_holdout,2,,0.25,0
tfim,critical_holdout,3,,0.35000000000000003,0
tfim,critical_holdout,4,0.0,0.4787465631110736,6
tfim,critical_holdout,5,0.6666666666666666,0.5433316595161478,21
tfim,critical_holdout,6,,0.6500000000000001,0
tfim,critical_holdout,7,,0.75,0
tfim,critical_holdout,8,,0.8500000000000001,0
tfim,critical_holdout,9,,0.95,0
tfim,critical_holdout,0,,0.05,0
tfim,critical_holdout,1,,0.15000000000000002,0
tfim,critical_holdout,2,,0.25,0
tfim,critical_holdout,3,,0.35000000000000003,0
tfim,critical_holdout,4,0.0,0.4743977371534969,6
tfim,critical_holdout,5,0.6666666666666666,0.5495579161113255,21
tfim,critical_holdout,6,,0.6500000000000001,0
tfim,critical_holdout,7,,0.75,0
tfim,critical_holdout,8,,0.8500000000000001,0
tfim,critical_holdout,9,,0.95,0
tfim,critical_holdout,0,,0.05,0
tfim,critical_holdout,1,,0.15000000000000002,0
tfim,critical_holdout,2,,0.25,0
tfim,critical_holdout,3,,0.35000000000000003,0
tfim,critical_holdout,4,0.0,0.4927042570598751,2
tfim,critical_holdout,5,0.35294117647058826,0.5598019436519492,17
tfim,critical_holdout,6,1.0,0.6114146635053979,8
tfim,critical_holdout,7,,0.75,0
tfim,critical_holdout,8,,0.8500000000000001,0
tfim,critical_holdout,9,,0.95,0
tfim,critical_holdout,0,,0.05,0
tfim,critical_holdout,1,,0.15000000000000002,0
tfim,critical_holdout,2,,0.25,0
tfim,critical_holdout,3,,0.35000000000000003,0
tfim,critical_holdout,4,0.0,0.4829740204009532,4
tfim,critical_holdout,5,0.6086956521739131,0.5533026764895157,23
tfim,critical_holdout,6,,0.6500000000000001,0
tfim,critical_holdout,7,,0.75,0
tfim,critical_holdout,8,,0.8500000000000001,0
tfim,critical_holdout,9,,0.95,0
tfim,critical_holdout,0,,0.05,0
tfim,critical_holdout,1,,0.15000000000000002,0
tfim,critical_holdout,2,,0.25,0
tfim,critical_holdout,3,,0.35000000000000003,0
tfim,critical_holdout,4,0.0,0.48563943068944554,3
tfim,critical_holdout,5,0.5833333333333334,0.5509834861362514,24
tfim,critical_holdout,6,,0.6500000000000001,0
tfim,critical_holdout,7,,0.75,0
tfim,critical_holdout,8,,0.8500000000000001,0
tfim,critical_holdout,9,,0.95,0
tfim,critical_holdout,0,,0.05,0
tfim,critical_holdout,1,,0.15000000000000002,0
tfim,critical_holdout,2,,0.25,0
tfim,critical_holdout,3,,0.35000000000000003,0
tfim,critical_holdout,4,0.0,0.49001047643043083,2
tfim,critical_holdout,5,0.3888888888888889,0.5602446098566876,18
tfim,critical_holdout,6,1.0,0.6100580910569927,7
tfim,critical_holdout,7,,0.75,0
tfim,critical_holdout,8,,0.8500000000000001,0
tfim,critical_holdout,9,,0.95,0
tfim,critical_holdout,0,,0.05,0
tfim,critical_holdout,1,,0.15000000000000002,0
tfim,critical_holdout,2,,0.25,0
tfim,critical_holdout,3,,0.35000000000000003,0
tfim,critical_holdout,4,0.0,0.48066549508352446,4
tfim,critical_holdout,5,0.6086956521739131,0.5489445649927752,23
tfim,critical_holdout,6,,0.6500000000000001,0
tfim,critical_holdout,7,,0.75,0
tfim,critical_holdout,8,,0.8500000000000001,0
tfim,critical_holdout,9,,0.95,0
tfim,critical_holdout,0,,0.05,0
tfim,critical_holdout,1,,0.15000000000000002,0
tfim,critical_holdout,2,,0.25,0
tfim,critical_holdout,3,,0.35000000000000003,0
tfim,critical_holdout,4,0.0,0.4858477694003783,4
tfim,critical_holdout,5,0.6086956521739131,0.5553026012374069,23
tfim,critical_holdout,6,,0.6500000000000001,0
tfim,critical_holdout,7,,0.75,0
tfim,critical_holdout,8,,0.8500000000000001,0
tfim,critical_holdout,9,,0.95,0
tfim,critical_holdout,0,,0.05,0
tfim,critical_holdout,1,,0.15000000000000002,0
tfim,critical_holdout,2,,0.25,0
tfim,critical_holdout,3,,0.35000000000000003,0
tfim,critical_holdout,4,0.0,0.47046122988013994,9
tfim,critical_holdout,5,0.7777777777777778,0.530391740072632,18
tfim,critical_holdout,6,,0.6500000000000001,0
tfim,critical_holdout,7,,0.75,0
tfim,critical_holdout,8,,0.8500000000000001,0
tfim,critical_holdout,9,,0.95,0
tfim,critical_holdout,0,,0.05,0
tfim,critical_holdout,1,,0.15000000000000002,0
tfim,critical_holdout,2,,0.25,0
tfim,critical_holdout,3,,0.35000000000000003,0
tfim,critical_holdout,4,0.0,0.4698391361989576,9
tfim,critical_holdout,5,0.7777777777777778,0.5377044648239084,18
tfim,critical_holdout,6,,0.6500000000000001,0
tfim,critical_holdout,7,,0.75,0
tfim,critical_holdout,8,,0.8500000000000001,0
tfim,critical_holdout,9,,0.95,0
tfim,critical_holdout,0,,0.05,0
tfim,critical_holdout,1,,0.15000000000000002,0
tfim,critical_holdout,2,,0.25,0
tfim,critical_holdout,3,,0.35000000000000003,0
tfim,critical_holdout,4,0.0,0.4854311459472302,3
tfim,critical_holdout,5,0.5833333333333334,0.5606517555806214,24
tfim,critical_holdout,6,,0.6500000000000001,0
tfim,critical_holdout,7,,0.75,0
tfim,critical_holdout,8,,0.8500000000000001,0
tfim,critical_holdout,9,,0.95,0
tfim,critical_holdout,0,,0.05,0
tfim,critical_holdout,1,,0.15000000000000002,0
tfim,critical_holdout,2,,0.25,0
tfim,critical_holdout,3,,0.35000000000000003,0
tfim,critical_holdout,4,0.0,0.47064838540857273,7
tfim,critical_holdout,5,0.7,0.5436359189618327,20
tfim,critical_holdout,6,,0.6500000000000001,0
tfim,critical_holdout,7,,0.75,0
tfim,critical_holdout,8,,0.8500000000000001,0
tfim,critical_holdout,9,,0.95,0
tfim,critical_holdout,0,,0.05,0
tfim,critical_holdout,1,,0.15000000000000002,0
tfim,critical_holdout,2,,0.25,0
tfim,critical_holdout,3,,0.35000000000000003,0
tfim,critical_holdout,4,0.0,0.4883260392802691,2
tfim,critical_holdout,5,0.45,0.5582627707246063,20
tfim,critical_holdout,6,1.0,0.606740124304286,5
tfim,critical_holdout,7,,0.75,0
tfim,critical_holdout,8,,0.8500000000000001,0
tfim,critical_holdout,9,,0.95,0
tfim,critical_holdout,0,,0.05,0
tfim,critical_holdout,1,,0.15000000000000002,0
tfim,critical_holdout,2,,0.25,0
tfim,critical_holdout,3,,0.35000000000000003,0
tfim,critical_holdout,4,0.0,0.475757679084828,8
tfim,critical_holdout,5,0.7368421052631579,0.5401855924931663,19
tfim,critical_holdout,6,,0.6500000000000001,0
tfim,critical_holdout,7,,0.75,0
tfim,critical_holdout,8,,0.8500000000000001,0
tfim,critical_holdout,9,,0.95,0
tfim,critical_holdout,0,,0.05,0
tfim,critical_holdout,1,,0.15000000000000002,0
tfim,critical_holdout,2,,0.25,0
tfim,critical_holdout,3,,0.35000000000000003,0
tfim,critical_holdout,4,0.0,0.4720431362865708,9
tfim,critical_holdout,5,0.7777777777777778,0.5335930222612154,18
tfim,critical_holdout,6,,0.6500000000000001,0
tfim,critical_holdout,7,,0.75,0
tfim,critical_holdout,8,,0.8500000000000001,0
tfim,critical_holdout,9,,0.95,0
tfim,critical_holdout,0,,0.05,0
tfim,critical_holdout,1,,0.15000000000000002,0
tfim,critical_holdout,2,,0.25,0
tfim,critical_holdout,3,,0.35000000000000003,0
tfim,critical_holdout,4,0.0,0.4876755544498244,2
tfim,critical_holdout,5,0.5,0.5610494144080064,22
tfim,critical_holdout,6,1.0,0.602665732080935,3
tfim,critical_holdout,7,,0.75,0
tfim,critical_holdout,8,,0.8500000000000001,0
tfim,critical_holdout,9,,0.95,0
tfim,critical_holdout,0,,0.05,0
tfim,critical_holdout,1,,0.15000000000000002,0
tfim,critical_holdout,2,,0.25,0
tfim,critical_holdout,3,,0.35000000000000003,0
tfim,critical_holdout,4,0.0,0.48269520919220216,5
tfim,critical_holdout,5,0.6363636363636364,0.5590421523521404,22
tfim,critical_holdout,6,,0.6500000000000001,0
tfim,critical_holdout,7,,0.75,0
tfim,critical_holdout,8,,0.8500000000000001,0
tfim,critical_holdout,9,,0.95,0
tfim,critical_holdout,0,,0.05,0
tfim,critical_holdout,1,,0.15000000000000002,0
tfim,critical_holdout,2,,0.25,0
tfim,critical_holdout,3,,0.35000000000000003,0
tfim,critical_holdout,4,0.0,0.48755537767301316,2
tfim,critical_holdout,5,0.5217391304347826,0.5604184558584112,23
tfim,critical_holdout,6,1.0,0.6026817869372021,2
tfim,critical_holdout,7,,0.75,0
tfim,critical_holdout,8,,0.8500000000000001,0
tfim,critical_holdout,9,,0.95,0
tfim,critical_holdout,0,,0.05,0
tfim,critical_holdout,1,,0.15000000000000002,0
tfim,critical_holdout,2,,0.25,0
tfim,critical_holdout,3,,0.35000000000000003,0
tfim,critical_holdout,4,0.0,0.4748479098326022,9
tfim,critical_holdout,5,0.7777777777777778,0.5329304432658165,18
tfim,critical_holdout,6,,0.6500000000000001,0
tfim,critical_holdout,7,,0.75,0
tfim,critical_holdout,8,,0.8500000000000001,0
tfim,critical_holdout,9,,0.95,0
tfim,critical_holdout,0,,0.05,0
tfim,critical_holdout,1,,0.15000000000000002,0
tfim,critical_holdout,2,,0.25,0
tfim,critical_holdout,3,,0.35000000000000003,0
tfim,critical_holdout,4,0.0,0.47681458919088415,7
tfim,critical_holdout,5,0.7,0.5311749040999791,20
tfim,critical_holdout,6,,0.6500000000000001,0
tfim,critical_holdout,7,,0.75,0
tfim,critical_holdout,8,,0.8500000000000001,0
tfim,critical_holdout,9,,0.95,0
tfim,critical_holdout,0,,0.05,0
tfim,critical_holdout,1,,0.15000000000000002,0
tfim,critical_holdout,2,,0.25,0
tfim,critical_holdout,3,,0.35000000000000003,0
tfim,critical_holdout,4,0.0,0.4827962359286423,5
tfim,critical_holdout,5,0.6363636363636364,0.5552918895576751,22
tfim,critical_holdout,6,,0.6500000000000001,0
tfim,critical_holdout,7,,0.75,0
tfim,critical_holdout,8,,0.8500000000000001,0
tfim,critical_holdout,9,,0.95,0
tfim,critical_holdout,0,,0.05,0
tfim,critical_holdout,1,,0.15000000000000002,0
tfim,critical_holdout,2,,0.25,0
tfim,critical_holdout,3,,0.35000000000000003,0
tfim,critical_holdout,4,0.0,0.47987650898498724,4
tfim,critical_holdout,5,0.6086956521739131,0.5616462877173068,23
tfim,critical_holdout,6,,0.6500000000000001,0
tfim,critical_holdout,7,,0.75,0
tfim,critical_holdout,8,,0.8500000000000001,0
tfim,critical_holdout,9,,0.95,0
tfim,critical_holdout,0,,0.05,0
tfim,critical_holdout,1,,0.15000000000000002,0
tfim,critical_holdout,2,,0.25,0
tfim,critical_holdout,3,,0.35000000000000003,0
tfim,critical_holdout,4,0.0,0.4864344716209247,4
tfim,critical_holdout,5,0.6086956521739131,0.5611868296061082,23
tfim,critical_holdout,6,,0.6500000000000001,0
tfim,critical_holdout,7,,0.75,0
tfim,critical_holdout,8,,0.8500000000000001,0
tfim,critical_holdout,9,,0.95,0
xxz,iid,0,,0.05,0
xxz,iid,1,,0.15000000000000002,0
xxz,iid,2,,0.25,0
xxz,iid,3,0.0,0.3558253332887493,7
xxz,iid,4,0.0,0.4650530030932211,3
xxz,iid,5,0.8,0.5572351823274027,5
xxz,iid,6,1.0,0.6412946863030476,7
xxz,iid,7,,0.75,0
xxz,iid,8,,0.8500000000000001,0
xxz,iid,9,,0.95,0
xxz,iid,0,,0.05,0
xxz,iid,1,,0.15000000000000002,0
xxz,iid,2,,0.25,0
xxz,iid,3,0.0,0.3464496987467001,7
xxz,iid,4,0.0,0.4593658276590416,3
xxz,iid,5,0.8,0.5534125715541259,5
xxz,iid,6,1.0,0.6378295594184176,7
xxz,iid,7,,0.75,0
xxz,iid,8,,0.8500000000000001,0
xxz,iid,9,,0.95,0
xxz,iid,0,,0.05,0
xxz,iid,1,,0.15000000000000002,0
xxz,iid,2,,0.25,0
xxz,iid,3,0.0,0.3487087982277365,7
xxz,iid,4,0.0,0.45718487656220663,3
xxz,iid,5,0.8888888888888888,0.5605567999074198,9
xxz,iid,6,1.0,0.6262744758777234,3
xxz,iid,7,,0.75,0
xxz,iid,8,,0.8500000000000001,0
xxz,iid,9,,0.95,0
xxz,iid,0,,0.05,0
xxz,iid,1,,0.15000000000000002,0
xxz,iid,2,,0.25,0
xxz,iid,3,0.0,0.346184600821262,7
xxz,iid,4,0.0,0.45291024263934165,3
xxz,iid,5,0.8571428571428571,0.5544854752656078,7
xxz,iid,6,1.0,0.626102670359816,5
xxz,iid,7,,0.75,0
xxz,iid,8,,0.8500000000000001,0
xxz,iid,9,,0.95,0
xxz,iid,0,,0.05,0
xxz,iid,1,,0.15000000000000002,0
xxz,iid,2,,0.25,0
xxz,iid,3,0.0,0.3596859863072926,7
xxz,iid,4,0.0,0.4698392691641378,3
xxz,iid,5,0.8571428571428571,0.561184933759421,7
xxz,iid,6,1.0,0.6217797910811662,5
xxz,iid,7,,0.75,0
xxz,iid,8,,0.8500000000000001,0
xxz,iid,9,,0.95,0
xxz,iid,0,,0.05,0
xxz,iid,1,,0.15000000000000002,0
xxz,iid,2,0.0,0.298036030309144,1
xxz,iid,3,0.0,0.3454576544964774,3
xxz,iid,4,0.0,0.46568781800193687,7
xxz,iid,5,1.0,0.5700474002875444,5
xxz,iid,6,1.0,0.6331981835128087,6
xxz,iid,7,,0.75,0
xxz,iid,8,,0.8500000000000001,0
xxz,iid,9,,0.95,0
xxz,iid,0,,0.05,0
xxz,iid,1,,0.15000000000000002,0
xxz,iid,2,0.0,0.2971223284942149,1
xxz,iid,3,0.0,0.3447070258940664,3
xxz,iid,4,0.0,0.46616065831943737,7
xxz,iid,5,1.0,0.569903215573321,5
xxz,iid,6,1.0,0.6316631691729996,6
xxz,iid,7,,0.75,0
xxz,iid,8,,0.8500000000000001,0
xxz,iid,9,,0.95,0
xxz,iid,0,,0.05,0
xxz,iid,1,,0.15000000000000002,0
xxz,iid,2,,0.25,0
xxz,iid,3,0.0,0.3695459166291856,3
xxz,iid,4,0.0,0.4653057866567659,7
xxz,iid,5,0.875,0.5596534849798497,8
xxz,iid,6,1.0,0.623095328865201,4
xxz,iid,7,,0.75,0
xxz,iid,8,,0.8500000000000001,0
xxz,iid,9,,0.95,0
xxz,iid,0,,0.05,0
xxz,iid,1,,0.15000000000000002,0
xxz,iid,2,0.0,0.29553873081849397,1
xxz,iid,3,0.0,0.3382431106226045,3
xxz,iid,4,0.0,0.46129403096418026,7
xxz,iid,5,1.0,0.5700884062821607,5
xxz,iid,6,1.0,0.6324403593976308,6
xxz,iid,7,,0.75,0
xxz,iid,8,,0.8500000000000001,0
xxz,iid,9,,0.95,0
xxz,iid,0,,0.05,0
xxz,iid,1,,0.15000000000000002,0
xxz,iid,2,0.0,0.2936120538005323,2
xxz,iid,3,0.0,0.3513940792300142,2
xxz,iid,4,0.0,0.45505669381930286,7
xxz,iid,5,1.0,0.5704041919228088,7
xxz,iid,6,1.0,0.6348112137105216,4
xxz,iid,7,,0.75,0
xxz,iid,8,,0.8500000000000001,0
xxz,iid,9,,0.95,0
xxz,iid,0,,0.05,0
xxz,iid,1,,0.15000000000000002,0
xxz,iid,2,0.0,0.297047028443048,1
xxz,iid,3,0.0,0.33909106566041924,2
xxz,iid,4,0.0,0.47453599720714357,5
xxz,iid,5,0.75,0.5550072613034959,12
xxz,iid,6,1.0,0.6131113852219963,2
xxz,iid,7,,0.75,0
xxz,iid,8,,0.8500000000000001,0
xxz,iid,9,,0.95,0
xxz,iid,0,,0.05,0
xxz,iid,1,,0.15000000000000002,0
xxz,iid,2,,0.25,0
xxz,iid,3,0.0,0.3483845889071089,3
xxz,iid,4,0.0,0.4777304403594521,5
xxz,iid,5,0.7692307692307693,0.5557344883321991,13
xxz,iid,6,1.0,0.6148795432873752,1
xxz,iid,7,,0.75,0
xxz,iid,8,,0.8500000000000001,0
xxz,iid,9,,0.95,0
xxz,iid,0,,0.05,0
xxz,iid,1,,0.15000000000000002,0
xxz,iid,2,,0.25,0
xxz,iid,3,0.0,0.3506772943338179,3
xxz,iid,4,0.0,0.47145158529827985,6
xxz,iid,5,0.8333333333333334,0.5470998655070977,12
xxz,iid,6,1.0,0.6036798460043642,1
xxz,iid,7,,0.75,0
xxz,iid,8,,0.8500000000000001,0
xxz,iid,9,,0.95,0
xxz,iid,0,,0.05,0
xxz,iid,1,,0.15000000000000002,0
xxz,iid,2,,0.25,0
xxz,iid,3,0.0,0.34934643326372666,3
xxz,iid,4,0.0,0.4827275907973481,4
xxz,iid,5,0.6923076923076923,0.5558892806145266,13
xxz,iid,6,1.0,0.613680742767674,2
xxz,iid,7,,0.75,0
xxz,iid,8,,0.8500000000000001,0
xxz,iid,9,,0.95,0
xxz,iid,0,,0.05,0
xxz,iid,1,,0.15000000000000002,0
xxz,iid,2,,0.25,0
xxz,iid,3,0.0,0.3363152985668865,3
xxz,iid,4,0.0,0.4669981505928315,7
xxz,iid,5,0.9166666666666666,0.5461000953223977,12
xxz,iid,6,,0.6500000000000001,0
xxz,iid,7,,0.75,0
xxz,iid,8,,0.8500000000000001,0
xxz,iid,9,,0.95,0
xxz,iid,0,,0.05,0
xxz,iid,1,,0.15000000000000002,0
xxz,iid,2,0.0,0.29369720914972125,1
xxz,iid,3,0.0,0.35587159001761426,2
xxz,iid,4,0.0,0.45153689051601786,5
xxz,iid,5,0.5714285714285714,0.5404506739670609,7
xxz,iid,6,1.0,0.6378620445477686,7
xxz,iid,7,,0.75,0
xxz,iid,8,,0.8500000000000001,0
xxz,iid,9,,0.95,0
xxz,iid,0,,0.05,0
xxz,iid,1,,0.15000000000000002,0
xxz,iid,2,0.0,0.2867485993249675,1
xxz,iid,3,0.0,0.3639305004804043,4
xxz,iid,4,0.0,0.4655209078621188,6
xxz,iid,5,1.0,0.5569111069258521,9
xxz,iid,6,1.0,0.6346104489575581,2
xxz,iid,7,,0.75,0
xxz,iid,8,,0.8500000000000001,0
xxz,iid,9,,0.95,0
xxz,iid,0,,0.05,0
xxz,iid,1,,0.15000000000000002,0
xxz,iid,2,,0.25,0
xxz,iid,3,0.0,0.34770353628803735,3
xxz,iid,4,0.0,0.45194777258203633,7
xxz,iid,5,0.9,0.5507398139996058,10
xxz,iid,6,1.0,0.6264053982314052,2
xxz,iid,7,,0.75,0
xxz,iid,8,,0.8500000000000001,0
xxz,iid,9,,0.95,0
xxz,iid,0,,0.05,0
xxz,iid,1,,0.15000000000000002,0
xxz,iid,2,,0.25,0
xxz,iid,3,0.0,0.33891651074903945,3
xxz,iid,4,0.0,0.44697375219366603,5
xxz,iid,5,0.625,0.5411191769678079,8
xxz,iid,6,1.0,0.6331375436837601,6
xxz,iid,7,,0.75,0
xxz,iid,8,,0.8500000000000001,0
xxz,iid,9,,0.95,0
xxz,iid,0,,0.05,0
xxz,iid,1,,0.15000000000000002,0
xxz,iid,2,0.0,0.26800150078656837,2
xxz,iid,3,0.0,0.36577134844454146,3
xxz,iid,4,0.0,0.46021946718592044,5
xxz,iid,5,0.8571428571428571,0.5459103456302671,7
xxz,iid,6,1.0,0.6341047148397254,5
xxz,iid,7,,0.75,0
xxz,iid,8,,0.8500000000000001,0
xxz,iid,9,,0.95,0
xxz,iid,0,,0.05,0
xxz,iid,1,,0.15000000000000002,0
xxz,iid,2,0.0,0.2974907869717045,2
xxz,iid,3,0.0,0.30886996001685224,1
xxz,iid,4,0.0,0.4633540838929629,7
xxz,iid,5,0.8333333333333334,0.5489428028255902,6
xxz,iid,6,1.0,0.6211062230614014,6
xxz,iid,7,,0.75,0
xxz,iid,8,,0.8500000000000001,0
xxz,iid,9,,0.95,0
xxz,iid,0,,0.05,0
xxz,iid,1,,0.15000000000000002,0
xxz,iid,2,0.0,0.2923437110110569,3
xxz,iid,3,,0.35000000000000003,0
xxz,iid,4,0.0,0.46071778562440313,6
xxz,iid,5,0.6666666666666666,0.5466121452136333,6
xxz,iid,6,1.0,0.6348023350025971,7
xxz,iid,7,,0.75,0
xxz,iid,8,,0.8500000000000001,0
xxz,iid,9,,0.95,0
xxz,iid,0,,0.05,0
xxz,iid,1,,0.15000000000000002,0
xxz,iid,2,,0.25,0
xxz,iid,3,0.0,0.3053064901204215,3
xxz,iid,4,0.0,0.4600039130783231,6
xxz,iid,5,0.75,0.5476841709383387,8
xxz,iid,6,1.0,0.6176167433434496,5
xxz,iid,7,,0.75,0
xxz,iid,8,,0.8500000000000001,0
xxz,iid,9,,0.95,0
xxz,iid,0,,0.05,0
xxz,iid,1,,0.15000000000000002,0
xxz,iid,2,,0.25,0
xxz,iid,3,0.0,0.30389895072041223,3
xxz,iid,4,0.0,0.4633747259048277,6
xxz,iid,5,0.7142857142857143,0.5527870277588142,7
xxz,iid,6,1.0,0.6323270733617945,6
xxz,iid,7,,0.75,0
xxz,iid,8,,0.8500000000000001,0
xxz,iid,9,,0.95,0
xxz,iid,0,,0.05,0
xxz,iid,1,,0.15000000000000002,0
xxz,iid,2,,0.25,0
xxz,iid,3,0.0,0.31965857379863216,3
xxz,iid,4,0.0,0.46291217954706276,6
xxz,iid,5,0.7142857142857143,0.551087325831295,7
xxz,iid,6,1.0,0.6310851344791962,6
xxz,iid,7,,0.75,0
xxz,iid,8,,0.8500000000000001,0
xxz,iid,9,,0.95,0
xxz,iid,0,,0.05,0
xxz,iid,1,,0.15000000000000002,0
xxz,iid,2,0.0,0.29848108519662475,1
xxz,iid,3,0.0,0.3810999490969427,3
xxz,iid,4,0.0,0.46666697236612414,4
xxz,iid,5,0.625,0.5556728160260058,8
xxz,iid,6,1.0,0.6472176874694311,6
xxz,iid,7,,0.75,0
xxz,iid,8,,0.8500000000000001,0
xxz,iid,9,,0.95,0
xxz,iid,0,,0.05,0
xxz,iid,1,,0.15000000000000002,0
xxz,iid,2,,0.25,0
xxz,iid,3,0.0,0.3558315896911711,4
xxz,iid,4,0.0,0.46151206732149264,5
xxz,iid,5,0.75,0.5505026856615821,8
xxz,iid,6,1.0,0.6374035940013225,5
xxz,iid,7,,0.75,0
xxz,iid,8,,0.8500000000000001,0
xxz,iid,9,,0.95,0
xxz,iid,0,,0.05,0
xxz,iid,1,,0.15000000000000002,0
xxz,iid,2,,0.25,0
xxz,iid,3,0.0,0.3843271915684443,1
xxz,iid,4,0.0,0.45579871477733774,7
xxz,iid,5,0.7272727272727273,0.5482294392283428,11
xxz,iid,6,1.0,0.610052954250662,3
xxz,iid,7,,0.75,0
xxz,iid,8,,0.8500000000000001,0
xxz,iid,9,,0.95,0
xxz,iid,0,,0.05,0
xxz,iid,1,,0.15000000000000002,0
xxz,iid,2,0.0,0.2981723105126428,1
xxz,iid,3,0.0,0.36830550565685866,3
xxz,iid,4,0.0,0.46059489393470293,5
xxz,iid,5,0.75,0.5528278898082992,8
xxz,iid,6,1.0,0.6402895384369247,5
xxz,iid,7,,0.75,0
xxz,iid,8,,0.8500000000000001,0
xxz,iid,9,,0.95,0
xxz,iid,0,,0.05,0
xxz,iid,1,,0.15000000000000002,0
xxz,iid,2,,0.25,0
xxz,iid,3,0.0,0.35714977329002817,2
xxz,iid,4,0.0,0.45876985626126626,5
xxz,iid,5,0.5,0.5638215950717602,8
xxz,iid,6,1.0,0.6515431679816428,7
xxz,iid,7,,0.75,0
xxz,iid,8,,0.8500000000000001,0
xxz,iid,9,,0.95,0
xxz,iid,0,,0.05,0
xxz,iid,1,,0.15000000000000002,0
xxz,iid,2,,0.25,0
xxz,iid,3,0.0,0.33967889676383506,4
xxz,iid,4,0.0,0.46224729452246627,4
xxz,iid,5,0.6666666666666666,0.5378919736569703,9
xxz,iid,6,1.0,0.6169436380574794,5
xxz,iid,7,,0.75,0
xxz,iid,8,,0.8500000000000001,0
xxz,iid,9,,0.95,0
xxz,iid,0,,0.05,0
xxz,iid,1,,0.15000000000000002,0
xxz,iid,2,,0.25,0
xxz,iid,3,0.0,0.33457349663751434,4
xxz,iid,4,0.0,0.46586479663827374,5
xxz,iid,5,0.75,0.5434064399982239,8
xxz,iid,6,1.0,0.6239737017573963,5
xxz,iid,7,,0.75,0
xxz,iid,8,,0.8500000000000001,0
xxz,iid,9,,0.95,0
xxz,iid,0,,0.05,0
xxz,iid,1,,0.15000000000000002,0
xxz,iid,2,,0.25,0
xxz,iid,3,0.0,0.3432819864768364,4
xxz,iid,4,0.0,0.46976065384945204,5
xxz,iid,5,0.8181818181818182,0.551886719035446,11
xxz,iid,6,1.0,0.6144647009227135,2
xxz,iid,7,,0.75,0
xxz,iid,8,,0.8500000000000001,0
xxz,iid,9,,0.95,0
xxz,iid,0,,0.05,0
xxz,iid,1,,0.15000000000000002,0
xxz,iid,2,,0.25,0
xxz,iid,3,0.0,0.33392844982919434,4
xxz,iid,4,0.0,0.46627335801619185,5
xxz,iid,5,0.75,0.5469134923938661,8
xxz,iid,6,1.0,0.6302574364526301,5
xxz,iid,7,,0.75,0
xxz,iid,8,,0.8500000000000001,0
xxz,iid,9,,0.95,0
xxz,iid,0,,0.05,0
xxz,iid,1,,0.15000000000000002,0
xxz,iid,2,,0.25,0
xxz,iid,3,0.0,0.3484636212508212,4
xxz,iid,4,0.0,0.4643013507085403,4
xxz,iid,5,0.6666666666666666,0.5419243029616746,9
xxz,iid,6,1.0,0.6235756436821953,5
xxz,iid,7,,0.75,0
xxz,iid,8,,0.8500000000000001,0
xxz,iid,9,,0.95,0
xxz,iid,0,,0.05,0
xxz,iid,1,,0.15000000000000002,0
xxz,iid,2,0.0,0.2937887165597616,2
xxz,iid,3,0.0,0.35092074334720813,2
xxz,iid,4,0.0,0.45847050190225813,5
xxz,iid,5,0.8,0.5591194259418215,10
xxz,iid,6,1.0,0.6212965803622043,3
xxz,iid,7,,0.75,0
xxz,iid,8,,0.8500000000000001,0
xxz,iid,9,,0.95,0
xxz,iid,0,,0.05,0
xxz,iid,1,,0.15000000000000002,0
xxz,iid,2,0.0,0.29511530149578113,2
xxz,iid,3,0.0,0.3477536835076609,2
xxz,iid,4,0.0,0.45962140863617096,5
xxz,iid,5,0.75,0.559968308753542,8
xxz,iid,6,1.0,0.621298687764877,5
xxz,iid,7,,0.75,0
xxz,iid,8,,0.8500000000000001,0
xxz,iid,9,,0.95,0
xxz,iid,0,,0.05,0
xxz,iid,1,,0.15000000000000002,0
xxz,iid,2,,0.25,0
xxz,iid,3,0.0,0.3326450130311294,4
xxz,iid,4,0.0,0.46195328861184803,5
xxz,iid,5,0.8181818181818182,0.5545073446596942,11
xxz,iid,6,1.0,0.606424421310549,2
xxz,iid,7,,0.75,0
xxz,iid,8,,0.8500000000000001,0
xxz,iid,9,,0.95,0
xxz,iid,0,,0.05,0
xxz,iid,1,,0.15000000000000002,0
xxz,iid,2,,0.25,0
xxz,iid,3,0.0,0.3316042206417825,4
xxz,iid,4,0.0,0.4694749483348777,5
xxz,iid,5,0.7142857142857143,0.5637632322555824,7
xxz,iid,6,1.0,0.6260993074503954,6
xxz,iid,7,,0.75,0
xxz,iid,8,,0.8500000000000001,0
xxz,iid,9,,0.95,0
xxz,iid,0,,0.05,0
xxz,iid,1,,0.15000000000000002,0
xxz,iid,2,,0.25,0
xxz,iid,3,0.0,0.3354984865471785,4
xxz,iid,4,0.0,0.4639775142274004,5
xxz,iid,5,0.8,0.5674377833107302,10
xxz,iid,6,1.0,0.629151406109396,3
xxz,iid,7,,0.75,0
xxz,iid,8,,0.8500000000000001,0
xxz,iid,9,,0.95,0
xxz,iid,0,,0.05,0
xxz,iid,1,,0.15000000000000002,0
xxz,iid,2,,0.25,0
xxz,iid,3,0.0,0.3518146862730216,5
xxz,iid,4,0.0,0.48392020243215395,4
xxz,iid,5,0.6666666666666666,0.5586836889847686,6
xxz,iid,6,1.0,0.6364829065632694,7
xxz,iid,7,,0.75,0
xxz,iid,8,,0.8500000000000001,0
xxz,iid,9,,0.95,0
xxz,iid,0,,0.05,0
xxz,iid,1,,0.15000000000000002,0
xxz,iid,2,,0.25,0
xxz,iid,3,0.0,0.3522619300715928,5
xxz,iid,4,0.0,0.4766091057518905,5
xxz,iid,5,0.8571428571428571,0.5633017046240866,7
xxz,iid,6,1.0,0.624900642747922,5
xxz,iid,7,,0.75,0
xxz,iid,8,,0.8500000000000001,0
xxz,iid,9,,0.95,0
xxz,iid,0,,0.05,0
xxz,iid,1,,0.15000000000000002,0
xxz,iid,2,,0.25,0
xxz,iid,3,0.0,0.3497876983009852,5
xxz,iid,4,0.0,0.473219599903019,5
xxz,iid,5,0.8888888888888888,0.5618099384354627,9
xxz,iid,6,1.0,0.616127346408547,3
xxz,iid,7,,0.75,0
xxz,iid,8,,0.8500000000000001,0
xxz,iid,9,,0.95,0
xxz,iid,0,,0.05,0
xxz,iid,1,,0.15000000000000002,0
xxz,iid,2,,0.25,0
xxz,iid,3,0.0,0.34428512013346646,5
xxz,iid,4,0.0,0.4739384959620411,4
xxz,iid,5,0.6666666666666666,0.550422421600201,6
xxz,iid,6,1.0,0.6292638773659746,7
xxz,iid,7,,0.75,0
xxz,iid,8,,0.8500000000000001,0
xxz,iid,9,,0.95,0
xxz,iid,0,,0.05,0
xxz,iid,1,,0.15000000000000002,0
xxz,iid,2,,0.25,0
xxz,iid,3,0.0,0.3893551467084697,4
xxz,iid,4,0.0,0.4700992285894633,5
xxz,iid,5,0.7777777777777778,0.5579243242702305,9
xxz,iid,6,1.0,0.6121365270177632,4
xxz,iid,7,,0.75,0
xxz,iid,8,,0.8500000000000001,0
xxz,iid,9,,0.95,0
xxz,iid,0,,0.05,0
xxz,iid,1,,0.15000000000000002,0
xxz,iid,2,,0.25,0
xxz,iid,3,0.0,0.3523391995538627,3
xxz,iid,4,0.0,0.47060358893248216,3
xxz,iid,5,0.5,0.5371549323344524,10
xxz,iid,6,1.0,0.6369997452094104,6
xxz,iid,7,,0.75,0
xxz,iid,8,,0.8500000000000001,0
xxz,iid,9,,0.95,0
xxz,iid,0,,0.05,0
xxz,iid,1,,0.15000000000000002,0
xxz,iid,2,,0.25,0
xxz,iid,3,0.0,0.3435427425557433,3
xxz,iid,4,0.0,0.4715787599603014,6
xxz,iid,5,0.75,0.5373882234148333,8
xxz,iid,6,1.0,0.6209422452501617,5
xxz,iid,7,,0.75,0
xxz,iid,8,,0.8500000000000001,0
xxz,iid,9,,0.95,0
xxz,iid,0,,0.05,0
xxz,iid,1,,0.15000000000000002,0
xxz,iid,2,,0.25,0
xxz,iid,3,0.0,0.35970856957344566,3
xxz,iid,4,0.0,0.4749309584845364,6
xxz,iid,5,0.75,0.5371043704141922,8
xxz,iid,6,1.0,0.6186176876471143,5
xxz,iid,7,,0.75,0
xxz,iid,8,,0.8500000000000001,0
xxz,iid,9,,0.95,0
xxz,iid,0,,0.05,0
xxz,iid,1,,0.15000000000000002,0
xxz,iid,2,,0.25,0
xxz,iid,3,0.0,0.3486430933297475,3
xxz,iid,4,0.0,0.47751193956926113,5
xxz,iid,5,0.6666666666666666,0.5427510835413076,9
xxz,iid,6,1.0,0.6301425510140207,5
xxz,iid,7,,0.75,0
xxz,iid,8,,0.8500000000000001,0
xxz,iid,9,,0.95,0
xxz,iid,0,,0.05,0
xxz,iid,1,,0.15000000000000002,0
xxz,iid,2,,0.25,0
xxz,iid,3,0.0,0.33191638204988955,3
xxz,iid,4,0.0,0.4731482599105631,4
xxz,iid,5,0.5555555555555556,0.5417221023058209,9
xxz,iid,6,1.0,0.644980740824958,6
xxz,iid,7,,0.75,0
xxz,iid,8,,0.8500000000000001,0
xxz,iid,9,,0.95,0
xxz,parameter_block,0,,0.05,0
xxz,parameter_block,1,,0.15000000000000002,0
xxz,parameter_block,2,,0.25,0
xxz,parameter_block,3,0.0,0.3681570579664608,37
xxz,parameter_block,4,0.9772727272727273,0.4381413326280757,44
xxz,parameter_block,5,,0.55,0
xxz,parameter_block,6,,0.6500000000000001,0
xxz,parameter_block,7,,0.75,0
xxz,parameter_block,8,,0.8500000000000001,0
xxz,parameter_block,9,,0.95,0
xxz,parameter_block,0,,0.05,0
xxz,parameter_block,1,,0.15000000000000002,0
xxz,parameter_block,2,,0.25,0
xxz,parameter_block,3,0.0,0.3750889800625468,24
xxz,parameter_block,4,0.7254901960784313,0.45654774936824666,51
xxz,parameter_block,5,1.0,0.5052173285152658,6
xxz,parameter_block,6,,0.6500000000000001,0
xxz,parameter_block,7,,0.75,0
xxz,parameter_block,8,,0.8500000000000001,0
xxz,parameter_block,9,,0.95,0
xxz,parameter_block,0,,0.05,0
xxz,parameter_block,1,,0.15000000000000002,0
xxz,parameter_block,2,,0.25,0
xxz,parameter_block,3,0.19148936170212766,0.3597419402915981,47
xxz,parameter_block,4,1.0,0.42482218579488434,34
xxz,parameter_block,5,,0.55,0
xxz,parameter_block,6,,0.6500000000000001,0
xxz,parameter_block,7,,0.75,0
xxz,parameter_block,8,,0.8500000000000001,0
xxz,parameter_block,9,,0.95,0
xxz,parameter_block,0,,0.05,0
xxz,parameter_block,1,,0.15000000000000002,0
xxz,parameter_block,2,0.0,0.29765368778331086,4
xxz,parameter_block,3,0.34615384615384615,0.34932256175270593,52
xxz,parameter_block,4,1.0,0.4179766109885324,25
xxz,parameter_block,5,,0.55,0
xxz,parameter_block,6,,0.6500000000000001,0
xxz,parameter_block,7,,0.75,0
xxz,parameter_block,8,,0.8500000000000001,0
xxz,parameter_block,9,,0.95,0
xxz,parameter_block,0,,0.05,0
xxz,parameter_block,1,,0.15000000000000002,0
xxz,parameter_block,2,,0.25,0
xxz,parameter_block,3,0.40625,0.35809731448734483,64
xxz,parameter_block,4,1.0,0.4064324763231455,17
xxz,parameter_block,5,,0.55,0
xxz,parameter_block,6,,0.6500000000000001,0
xxz,parameter_block,7,,0.75,0
xxz,parameter_block,8,,0.8500000000000001,0
xxz,parameter_block,9,,0.95,0
xxz,parameter_block,0,,0.05,0
xxz,parameter_block,1,,0.15000000000000002,0
xxz,parameter_block,2,,0.25,0
xxz,parameter_block,3,0.0,0.372946255460345,29
xxz,parameter_block,4,0.8269230769230769,0.45042439581292876,52
xxz,parameter_block,5,,0.55,0
xxz,parameter_block,6,,0.6500000000000001,0
xxz,parameter_block,7,,0.75,0
xxz,parameter_block,8,,0.8500000000000001,0
xxz,parameter_block,9,,0.95,0
xxz,parameter_block,0,,0.05,0
xxz,parameter_block,1,,0.15000000000000002,0
xxz,parameter_block,2,,0.25,0
xxz,parameter_block,3,0.0,0.36298641323573716,34
xxz,parameter_block,4,0.9148936170212766,0.4480672682904539,47
xxz,parameter_block,5,,0.55,0
xxz,parameter_block,6,,0.6500000000000001,0
xxz,parameter_block,7,,0.75,0
xxz,parameter_block,8,,0.8500000000000001,0
xxz,parameter_block,9,,0.95,0
xxz,parameter_block,0,,0.05,0
xxz,parameter_block,1,,0.15000000000000002,0
xxz,parameter_block,2,,0.25,0
xxz,parameter_block,3,0.0,0.36375241819579984,37
xxz,parameter_block,4,0.9772727272727273,0.44141387469369503,44
xxz,parameter_block,5,,0.55,0
xxz,parameter_block,6,,0.6500000000000001,0
xxz,parameter_block,7,,0.75,0
xxz,parameter_block,8,,0.8500000000000001,0
xxz,parameter_block,9,,0.95,0
xxz,parameter_block,0,,0.05,0
xxz,parameter_block,1,,0.15000000000000002,0
xxz,parameter_block,2,0.0,0.2926200840783911,7
xxz,parameter_block,3,0.41509433962264153,0.3481658130349893,53
xxz,parameter_block,4,1.0,0.41182609254598096,21
xxz,parameter_block,5,,0.55,0
xxz,parameter_block,6,,0.6500000000000001,0
xxz,parameter_block,7,,0.75,0
xxz,parameter_block,8,,0.8500000000000001,0
xxz,parameter_block,9,,0.95,0
xxz,parameter_block,0,,0.05,0
xxz,parameter_block,1,,0.15000000000000002,0
xxz,parameter_block,2,,0.25,0
xxz,parameter_block,3,0.0,0.3630397211830504,35
xxz,parameter_block,4,0.9347826086956522,0.44642620857569915,46
xxz,parameter_block,5,,0.55,0
xxz,parameter_block,6,,0.6500000000000001,0
xxz,parameter_block,7,,0.75,0
xxz,parameter_block,8,,0.8500000000000001,0
xxz,parameter_block,9,,0.95,0
xxz,critical_holdout,0,,0.05,0
xxz,critical_holdout,1,,0.15000000000000002,0
xxz,critical_holdout,2,,0.25,0
xxz,critical_holdout,3,,0.35000000000000003,0
xxz,critical_holdout,4,,0.45,0
xxz,critical_holdout,5,0.5151515151515151,0.5317823612532651,33
xxz,critical_holdout,6,,0.6500000000000001,0
xxz,critical_holdout,7,,0.75,0
xxz,critical_holdout,8,,0.8500000000000001,0
xxz,critical_holdout,9,,0.95,0
xxz,critical_holdout,0,,0.05,0
xxz,critical_holdout,1,,0.15000000000000002,0
xxz,critical_holdout,2,,0.25,0
xxz,critical_holdout,3,,0.35000000000000003,0
xxz,critical_holdout,4,0.0,0.4930929459152914,5
xxz,critical_holdout,5,0.6071428571428571,0.5351920698330198,28
xxz,critical_holdout,6,,0.6500000000000001,0
xxz,critical_holdout,7,,0.75,0
xxz,critical_holdout,8,,0.8500000000000001,0
xxz,critical_holdout,9,,0.95,0
xxz,critical_holdout,0,,0.05,0
xxz,critical_holdout,1,,0.15000000000000002,0
xxz,critical_holdout,2,,0.25,0
xxz,critical_holdout,3,,0.35000000000000003,0
xxz,critical_holdout,4,,0.45,0
xxz,critical_holdout,5,0.5151515151515151,0.5315749882962902,33
xxz,critical_holdout,6,,0.6500000000000001,0
xxz,critical_holdout,7,,0.75,0
xxz,critical_holdout,8,,0.8500000000000001,0
xxz,critical_holdout,9,,0.95,0
xxz,critical_holdout,0,,0.05,0
xxz,critical_holdout,1,,0.15000000000000002,0
xxz,critical_holdout,2,,0.25,0
xxz,critical_holdout,3,,0.35000000000000003,0
xxz,critical_holdout,4,0.0,0.49756097838553615,2
xxz,critical_holdout,5,0.5483870967741935,0.5361271110530862,31
xxz,critical_holdout,6,,0.6500000000000001,0
xxz,critical_holdout,7,,0.75,0
xxz,critical_holdout,8,,0.8500000000000001,0
xxz,critical_holdout,9,,0.95,0
xxz,critical_holdout,0,,0.05,0
xxz,critical_holdout,1,,0.15000000000000002,0
xxz,critical_holdout,2,,0.25,0
xxz,critical_holdout,3,,0.35000000000000003,0
xxz,critical_holdout,4,0.0,0.4936715945214301,6
xxz,critical_holdout,5,0.6296296296296297,0.5298039934779888,27
xxz,critical_holdout,6,,0.6500000000000001,0
xxz,critical_holdout,7,,0.75,0
xxz,critical_holdout,8,,0.8500000000000001,0
xxz,critical_holdout,9,,0.95,0
xxz,critical_holdout,0,,0.05,0
xxz,critical_holdout,1,,0.15000000000000002,0
xxz,critical_holdout,2,,0.25,0
xxz,critical_holdout,3,,0.35000000000000003,0
xxz,critical_holdout,4,0.0,0.4995368612140631,1
xxz,critical_holdout,5,0.53125,0.5428270371509312,32
xxz,critical_holdout,6,,0.6500000000000001,0
xxz,critical_holdout,7,,0.75,0
xxz,critical_holdout,8,,0.8500000000000001,0
xxz,critical_holdout,9,,0.95,0
xxz,critical_holdout,0,,0.05,0
xxz,critical_holdout,1,,0.15000000000000002,0
xxz,critical_holdout,2,,0.25,0
xxz,critical_holdout,3,,0.35000000000000003,0
xxz,critical_holdout,4,0.0,0.4963512082924031,4
xxz,critical_holdout,5,0.5862068965517241,0.5362152361410585,29
xxz,critical_holdout,6,,0.6500000000000001,0
xxz,critical_holdout,7,,0.75,0
xxz,critical_holdout,8,,0.8500000000000001,0
xxz,critical_holdout,9,,0.95,0
xxz,critical_holdout,0,,0.05,0
xxz,critical_holdout,1,,0.15000000000000002,0
xxz,critical_holdout,2,,0.25,0
xxz,critical_holdout,3,,0.35000000000000003,0
xxz,critical_holdout,4,0.0,0.498165361826509,1
xxz,critical_holdout,5,0.53125,0.5340971781677418,32
xxz,critical_holdout,6,,0.6500000000000001,0
xxz,critical_holdout,7,,0.75,0
xxz,critical_holdout,8,,0.8500000000000001,0
xxz,critical_holdout,9,,0.95,0
xxz,critical_holdout,0,,0.05,0
xxz,critical_holdout,1,,0.15000000000000002,0
xxz,critical_holdout,2,,0.25,0
xxz,critical_holdout,3,,0.35000000000000003,0
xxz,critical_holdout,4,0.0,0.49769915831622585,3
xxz,critical_holdout,5,0.5666666666666667,0.5356185028022383,30
xxz,critical_holdout,6,,0.6500000000000001,0
xxz,critical_holdout,7,,0.75,0
xxz,critical_holdout,8,,0.8500000000000001,0
xxz,critical_holdout,9,,0.95,0
xxz,critical_holdout,0,,0.05,0
xxz,critical_holdout,1,,0.15000000000000002,0
xxz,critical_holdout,2,,0.25,0
xxz,critical_holdout,3,,0.35000000000000003,0
xxz,critical_holdout,4,,0.45,0
xxz,critical_holdout,5,0.5151515151515151,0.5434611154481837,33
xxz,critical_holdout,6,,0.6500000000000001,0
xxz,critical_holdout,7,,0.75,0
xxz,critical_holdout,8,,0.8500000000000001,0
xxz,critical_holdout,9,,0.95,0
xxz,critical_holdout,0,,0.05,0
xxz,critical_holdout,1,,0.15000000000000002,0
xxz,critical_holdout,2,,0.25,0
xxz,critical_holdout,3,,0.35000000000000003,0
xxz,critical_holdout,4,0.0,0.4856757504603913,13
xxz,critical_holdout,5,0.85,0.5202168286936283,20
xxz,critical_holdout,6,,0.6500000000000001,0
xxz,critical_holdout,7,,0.75,0
xxz,critical_holdout,8,,0.8500000000000001,0
xxz,critical_holdout,9,,0.95,0
xxz,critical_holdout,0,,0.05,0
xxz,critical_holdout,1,,0.15000000000000002,0
xxz,critical_holdout,2,,0.25,0
xxz,critical_holdout,3,,0.35000000000000003,0
xxz,critical_holdout,4,0.0,0.488073626470689,11
xxz,critical_holdout,5,0.7727272727272727,0.5255361885702072,22
xxz,critical_holdout,6,,0.6500000000000001,0
xxz,critical_holdout,7,,0.75,0
xxz,critical_holdout,8,,0.8500000000000001,0
xxz,critical_holdout,9,,0.95,0
xxz,critical_holdout,0,,0.05,0
xxz,critical_holdout,1,,0.15000000000000002,0
xxz,critical_holdout,2,,0.25,0
xxz,critical_holdout,3,,0.35000000000000003,0
xxz,critical_holdout,4,,0.45,0
xxz,critical_holdout,5,0.5151515151515151,0.5407610464366678,33
xxz,critical_holdout,6,,0.6500000000000001,0
xxz,critical_holdout,7,,0.75,0
xxz,critical_holdout,8,,0.8500000000000001,0
xxz,critical_holdout,9,,0.95,0
xxz,critical_holdout,0,,0.05,0
xxz,critical_holdout,1,,0.15000000000000002,0
xxz,critical_holdout,2,,0.25,0
xxz,critical_holdout,3,,0.35000000000000003,0
xxz,critical_holdout,4,0.0,0.4886050583045143,10
xxz,critical_holdout,5,0.7391304347826086,0.5271712227572347,23
xxz,critical_holdout,6,,0.6500000000000001,0
xxz,critical_holdout,7,,0.75,0
xxz,critical_holdout,8,,0.8500000000000001,0
xxz,critical_holdout,9,,0.95,0
xxz,critical_holdout,0,,0.05,0
xxz,critical_holdout,1,,0.15000000000000002,0
xxz,critical_holdout,2,,0.25,0
xxz,critical_holdout,3,,0.35000000000000003,0
xxz,critical_holdout,4,,0.45,0
xxz,critical_holdout,5,0.5151515151515151,0.5423177482110663,33
xxz,critical_holdout,6,,0.6500000000000001,0
xxz,critical_holdout,7,,0.75,0
xxz,critical_holdout,8,,0.8500000000000001,0
xxz,critical_holdout,9,,0.95,0
xxz,critical_holdout,0,,0.05,0
xxz,critical_holdout,1,,0.15000000000000002,0
xxz,critical_holdout,2,,0.25,0
xxz,critical_holdout,3,,0.35000000000000003,0
xxz,critical_holdout,4,,0.45,0
xxz,critical_holdout,5,0.5151515151515151,0.5482627609438714,33
xxz,critical_holdout,6,,0.6500000000000001,0
xxz,critical_holdout,7,,0.75,0
xxz,critical_holdout,8,,0.8500000000000001,0
xxz,critical_holdout,9,,0.95,0
xxz,critical_holdout,0,,0.05,0
xxz,critical_holdout,1,,0.15000000000000002,0
xxz,critical_holdout,2,,0.25,0
xxz,critical_holdout,3,,0.35000000000000003,0
xxz,critical_holdout,4,,0.45,0
xxz,critical_holdout,5,0.5151515151515151,0.5388566508984607,33
xxz,critical_holdout,6,,0.6500000000000001,0
xxz,critical_holdout,7,,0.75,0
xxz,critical_holdout,8,,0.8500000000000001,0
xxz,critical_holdout,9,,0.95,0
xxz,critical_holdout,0,,0.05,0
xxz,critical_holdout,1,,0.15000000000000002,0
xxz,critical_holdout,2,,0.25,0
xxz,critical_holdout,3,,0.35000000000000003,0
xxz,critical_holdout,4,,0.45,0
xxz,critical_holdout,5,0.5151515151515151,0.5446255869178547,33
xxz,critical_holdout,6,,0.6500000000000001,0
xxz,critical_holdout,7,,0.75,0
xxz,critical_holdout,8,,0.8500000000000001,0
xxz,critical_holdout,9,,0.95,0
xxz,critical_holdout,0,,0.05,0
xxz,critical_holdout,1,,0.15000000000000002,0
xxz,critical_holdout,2,,0.25,0
xxz,critical_holdout,3,,0.35000000000000003,0
xxz,critical_holdout,4,0.0,0.49723346930101686,2
xxz,critical_holdout,5,0.5483870967741935,0.5373094658444951,31
xxz,critical_holdout,6,,0.6500000000000001,0
xxz,critical_holdout,7,,0.75,0
xxz,critical_holdout,8,,0.8500000000000001,0
xxz,critical_holdout,9,,0.95,0
xxz,critical_holdout,0,,0.05,0
xxz,critical_holdout,1,,0.15000000000000002,0
xxz,critical_holdout,2,,0.25,0
xxz,critical_holdout,3,,0.35000000000000003,0
xxz,critical_holdout,4,0.0,0.4983306448176099,2
xxz,critical_holdout,5,0.5483870967741935,0.538097586492049,31
xxz,critical_holdout,6,,0.6500000000000001,0
xxz,critical_holdout,7,,0.75,0
xxz,critical_holdout,8,,0.8500000000000001,0
xxz,critical_holdout,9,,0.95,0
xxz,critical_holdout,0,,0.05,0
xxz,critical_holdout,1,,0.15000000000000002,0
xxz,critical_holdout,2,,0.25,0
xxz,critical_holdout,3,,0.35000000000000003,0
xxz,critical_holdout,4,0.0,0.49730808117799746,3
xxz,critical_holdout,5,0.5666666666666667,0.5394644221435192,30
xxz,critical_holdout,6,,0.6500000000000001,0
xxz,critical_holdout,7,,0.75,0
xxz,critical_holdout,8,,0.8500000000000001,0
xxz,critical_holdout,9,,0.95,0
xxz,critical_holdout,0,,0.05,0
xxz,critical_holdout,1,,0.15000000000000002,0
xxz,critical_holdout,2,,0.25,0
xxz,critical_holdout,3,,0.35000000000000003,0
xxz,critical_holdout,4,0.0,0.49452191983205696,4
xxz,critical_holdout,5,0.5862068965517241,0.5344884329488814,29
xxz,critical_holdout,6,,0.6500000000000001,0
xxz,critical_holdout,7,,0.75,0
xxz,critical_holdout,8,,0.8500000000000001,0
xxz,critical_holdout,9,,0.95,0
xxz,critical_holdout,0,,0.05,0
xxz,critical_holdout,1,,0.15000000000000002,0
xxz,critical_holdout,2,,0.25,0
xxz,critical_holdout,3,,0.35000000000000003,0
xxz,critical_holdout,4,,0.45,0
xxz,critical_holdout,5,0.5151515151515151,0.5529717303646278,33
xxz,critical_holdout,6,,0.6500000000000001,0
xxz,critical_holdout,7,,0.75,0
xxz,critical_holdout,8,,0.8500000000000001,0
xxz,critical_holdout,9,,0.95,0
xxz,critical_holdout,0,,0.05,0
xxz,critical_holdout,1,,0.15000000000000002,0
xxz,critical_holdout,2,,0.25,0
xxz,critical_holdout,3,,0.35000000000000003,0
xxz,critical_holdout,4,0.0,0.49312794676852134,5
xxz,critical_holdout,5,0.6071428571428571,0.5319750249269342,28
xxz,critical_holdout,6,,0.6500000000000001,0
xxz,critical_holdout,7,,0.75,0
xxz,critical_holdout,8,,0.8500000000000001,0
xxz,critical_holdout,9,,0.95,0
xxz,critical_holdout,0,,0.05,0
xxz,critical_holdout,1,,0.15000000000000002,0
xxz,critical_holdout,2,,0.25,0
xxz,critical_holdout,3,,0.35000000000000003,0
xxz,critical_holdout,4,0.0,0.49441318141198876,4
xxz,critical_holdout,5,0.5862068965517241,0.5337358480869574,29
xxz,critical_holdout,6,,0.6500000000000001,0
xxz,critical_holdout,7,,0.75,0
xxz,critical_holdout,8,,0.8500000000000001,0
xxz,critical_holdout,9,,0.95,0
xxz,critical_holdout,0,,0.05,0
xxz,critical_holdout,1,,0.15000000000000002,0
xxz,critical_holdout,2,,0.25,0
xxz,critical_holdout,3,,0.35000000000000003,0
xxz,critical_holdout,4,0.4482758620689655,0.47550802518828006,29
xxz,critical_holdout,5,1.0,0.5028523770664061,4
xxz,critical_holdout,6,,0.6500000000000001,0
xxz,critical_holdout,7,,0.75,0
xxz,critical_holdout,8,,0.8500000000000001,0
xxz,critical_holdout,9,,0.95,0
xxz,critical_holdout,0,,0.05,0
xxz,critical_holdout,1,,0.15000000000000002,0
xxz,critical_holdout,2,,0.25,0
xxz,critical_holdout,3,,0.35000000000000003,0
xxz,critical_holdout,4,0.0,0.48803295918674405,11
xxz,critical_holdout,5,0.7727272727272727,0.525615211266294,22
xxz,critical_holdout,6,,0.6500000000000001,0
xxz,critical_holdout,7,,0.75,0
xxz,critical_holdout,8,,0.8500000000000001,0
xxz,critical_holdout,9,,0.95,0
xxz,critical_holdout,0,,0.05,0
xxz,critical_holdout,1,,0.15000000000000002,0
xxz,critical_holdout,2,,0.25,0
xxz,critical_holdout,3,,0.35000000000000003,0
xxz,critical_holdout,4,0.0,0.49912211068670553,1
xxz,critical_holdout,5,0.53125,0.5304626274448401,32
xxz,critical_holdout,6,,0.6500000000000001,0
xxz,critical_holdout,7,,0.75,0
xxz,critical_holdout,8,,0.8500000000000001,0
xxz,critical_holdout,9,,0.95,0
xxz,critical_holdout,0,,0.05,0
xxz,critical_holdout,1,,0.15000000000000002,0
xxz,critical_holdout,2,,0.25,0
xxz,critical_holdout,3,,0.35000000000000003,0
xxz,critical_holdout,4,,0.45,0
xxz,critical_holdout,5,0.5151515151515151,0.5326100203501423,33
xxz,critical_holdout,6,,0.6500000000000001,0
xxz,critical_holdout,7,,0.75,0
xxz,critical_holdout,8,,0.8500000000000001,0
xxz,critical_holdout,9,,0.95,0
xxz,critical_holdout,0,,0.05,0
xxz,critical_holdout,1,,0.15000000000000002,0
xxz,critical_holdout,2,,0.25,0
xxz,critical_holdout,3,,0.35000000000000003,0
xxz,critical_holdout,4,0.0,0.4996819836182431,1
xxz,critical_holdout,5,0.53125,0.5413232728103803,32
xxz,critical_holdout,6,,0.6500000000000001,0
xxz,critical_holdout,7,,0.75,0
xxz,critical_holdout,8,,0.8500000000000001,0
xxz,critical_holdout,9,,0.95,0
xxz,critical_holdout,0,,0.05,0
xxz,critical_holdout,1,,0.15000000000000002,0
xxz,critical_holdout,2,,0.25,0
xxz,critical_holdout,3,,0.35000000000000003,0
xxz,critical_holdout,4,,0.45,0
xxz,critical_holdout,5,0.5151515151515151,0.5588425080289449,33
xxz,critical_holdout,6,,0.6500000000000001,0
xxz,critical_holdout,7,,0.75,0
xxz,critical_holdout,8,,0.8500000000000001,0
xxz,critical_holdout,9,,0.95,0
xxz,critical_holdout,0,,0.05,0
xxz,critical_holdout,1,,0.15000000000000002,0
xxz,critical_holdout,2,,0.25,0
xxz,critical_holdout,3,,0.35000000000000003,0
xxz,critical_holdout,4,0.0,0.4959945743858027,4
xxz,critical_holdout,5,0.5862068965517241,0.5350778826416617,29
xxz,critical_holdout,6,,0.6500000000000001,0
xxz,critical_holdout,7,,0.75,0
xxz,critical_holdout,8,,0.8500000000000001,0
xxz,critical_holdout,9,,0.95,0
xxz,critical_holdout,0,,0.05,0
xxz,critical_holdout,1,,0.15000000000000002,0
xxz,critical_holdout,2,,0.25,0
xxz,critical_holdout,3,,0.35000000000000003,0
xxz,critical_holdout,4,,0.45,0
xxz,critical_holdout,5,0.5151515151515151,0.5377468048792249,33
xxz,critical_holdout,6,,0.6500000000000001,0
xxz,critical_holdout,7,,0.75,0
xxz,critical_holdout,8,,0.8500000000000001,0
xxz,critical_holdout,9,,0.95,0
xxz,critical_holdout,0,,0.05,0
xxz,critical_holdout,1,,0.15000000000000002,0
xxz,critical_holdout,2,,0.25,0
xxz,critical_holdout,3,,0.35000000000000003,0
xxz,critical_holdout,4,,0.45,0
xxz,critical_holdout,5,0.5151515151515151,0.5405018911318574,33
xxz,critical_holdout,6,,0.6500000000000001,0
xxz,critical_holdout,7,,0.75,0
xxz,critical_holdout,8,,0.8500000000000001,0
xxz,critical_holdout,9,,0.95,0
xxz,critical_holdout,0,,0.05,0
xxz,critical_holdout,1,,0.15000000000000002,0
xxz,critical_holdout,2,,0.25,0
xxz,critical_holdout,3,,0.35000000000000003,0
xxz,critical_holdout,4,,0.45,0
xxz,critical_holdout,5,0.4482758620689655,0.567845777309487,29
xxz,critical_holdout,6,1.0,0.6041944464483797,4
xxz,critical_holdout,7,,0.75,0
xxz,critical_holdout,8,,0.8500000000000001,0
xxz,critical_holdout,9,,0.95,0
xxz,critical_holdout,0,,0.05,0
xxz,critical_holdout,1,,0.15000000000000002,0
xxz,critical_holdout,2,,0.25,0
xxz,critical_holdout,3,,0.35000000000000003,0
xxz,critical_holdout,4,0.0,0.485543526801111,15
xxz,critical_holdout,5,0.9444444444444444,0.5162388720200334,18
xxz,critical_holdout,6,,0.6500000000000001,0
xxz,critical_holdout,7,,0.75,0
xxz,critical_holdout,8,,0.8500000000000001,0
xxz,critical_holdout,9,,0.95,0
xxz,critical_holdout,0,,0.05,0
xxz,critical_holdout,1,,0.15000000000000002,0
xxz,critical_holdout,2,,0.25,0
xxz,critical_holdout,3,,0.35000000000000003,0
xxz,critical_holdout,4,0.0,0.497306381736432,3
xxz,critical_holdout,5,0.5666666666666667,0.5378889879830797,30
xxz,critical_holdout,6,,0.6500000000000001,0
xxz,critical_holdout,7,,0.75,0
xxz,critical_holdout,8,,0.8500000000000001,0
xxz,critical_holdout,9,,0.95,0
xxz,critical_holdout,0,,0.05,0
xxz,critical_holdout,1,,0.15000000000000002,0
xxz,critical_holdout,2,,0.25,0
xxz,critical_holdout,3,,0.35000000000000003,0
xxz,critical_holdout,4,,0.45,0
xxz,critical_holdout,5,0.5151515151515151,0.549315577396174,33
xxz,critical_holdout,6,,0.6500000000000001,0
xxz,critical_holdout,7,,0.75,0
xxz,critical_holdout,8,,0.8500000000000001,0
xxz,critical_holdout,9,,0.95,0
xxz,critical_holdout,0,,0.05,0
xxz,critical_holdout,1,,0.15000000000000002,0
xxz,critical_holdout,2,,0.25,0
xxz,critical_holdout,3,,0.35000000000000003,0
xxz,critical_holdout,4,0.0,0.4951057619764196,5
xxz,critical_holdout,5,0.6071428571428571,0.533176411043671,28
xxz,critical_holdout,6,,0.6500000000000001,0
xxz,critical_holdout,7,,0.75,0
xxz,critical_holdout,8,,0.8500000000000001,0
xxz,critical_holdout,9,,0.95,0
xxz,critical_holdout,0,,0.05,0
xxz,critical_holdout,1,,0.15000000000000002,0
xxz,critical_holdout,2,,0.25,0
xxz,critical_holdout,3,,0.35000000000000003,0
xxz,critical_holdout,4,,0.45,0
xxz,critical_holdout,5,0.5151515151515151,0.5408085752429892,33
xxz,critical_holdout,6,,0.6500000000000001,0
xxz,critical_holdout,7,,0.75,0
xxz,critical_holdout,8,,0.8500000000000001,0
xxz,critical_holdout,9,,0.95,0
xxz,critical_holdout,0,,0.05,0
xxz,critical_holdout,1,,0.15000000000000002,0
xxz,critical_holdout,2,,0.25,0
xxz,critical_holdout,3,,0.35000000000000003,0
xxz,critical_holdout,4,,0.45,0
xxz,critical_holdout,5,0.5151515151515151,0.5522349024893748,33
xxz,critical_holdout,6,,0.6500000000000001,0
xxz,critical_holdout,7,,0.75,0
xxz,critical_holdout,8,,0.8500000000000001,0
xxz,critical_holdout,9,,0.95,0
xxz,critical_holdout,0,,0.05,0
xxz,critical_holdout,1,,0.15000000000000002,0
xxz,critical_holdout,2,,0.25,0
xxz,critical_holdout,3,,0.35000000000000003,0
xxz,critical_holdout,4,,0.45,0
xxz,critical_holdout,5,0.5151515151515151,0.5438184767507084,33
xxz,critical_holdout,6,,0.6500000000000001,0
xxz,critical_holdout,7,,0.75,0
xxz,critical_holdout,8,,0.8500000000000001,0
xxz,critical_holdout,9,,0.95,0
xxz,critical_holdout,0,,0.05,0
xxz,critical_holdout,1,,0.15000000000000002,0
xxz,critical_holdout,2,,0.25,0
xxz,critical_holdout,3,,0.35000000000000003,0
xxz,critical_holdout,4,0.0,0.49736955567347924,2
xxz,critical_holdout,5,0.5483870967741935,0.5296833799915527,31
xxz,critical_holdout,6,,0.6500000000000001,0
xxz,critical_holdout,7,,0.75,0
xxz,critical_holdout,8,,0.8500000000000001,0
xxz,critical_holdout,9,,0.95,0
xxz,critical_holdout,0,,0.05,0
xxz,critical_holdout,1,,0.15000000000000002,0
xxz,critical_holdout,2,,0.25,0
xxz,critical_holdout,3,,0.35000000000000003,0
xxz,critical_holdout,4,,0.45,0
xxz,critical_holdout,5,0.5151515151515151,0.5499363465978684,33
xxz,critical_holdout,6,,0.6500000000000001,0
xxz,critical_holdout,7,,0.75,0
xxz,critical_holdout,8,,0.8500000000000001,0
xxz,critical_holdout,9,,0.95,0
xxz,critical_holdout,0,,0.05,0
xxz,critical_holdout,1,,0.15000000000000002,0
xxz,critical_holdout,2,,0.25,0
xxz,critical_holdout,3,,0.35000000000000003,0
xxz,critical_holdout,4,,0.45,0
xxz,critical_holdout,5,0.5151515151515151,0.5466915844900365,33
xxz,critical_holdout,6,,0.6500000000000001,0
xxz,critical_holdout,7,,0.75,0
xxz,critical_holdout,8,,0.8500000000000001,0
xxz,critical_holdout,9,,0.95,0
xxz,critical_holdout,0,,0.05,0
xxz,critical_holdout,1,,0.15000000000000002,0
xxz,critical_holdout,2,,0.25,0
xxz,critical_holdout,3,,0.35000000000000003,0
xxz,critical_holdout,4,0.0,0.49895042827675495,1
xxz,critical_holdout,5,0.53125,0.5416288991990335,32
xxz,critical_holdout,6,,0.6500000000000001,0
xxz,critical_holdout,7,,0.75,0
xxz,critical_holdout,8,,0.8500000000000001,0
xxz,critical_holdout,9,,0.95,0
xxz,critical_holdout,0,,0.05,0
xxz,critical_holdout,1,,0.15000000000000002,0
xxz,critical_holdout,2,,0.25,0
xxz,critical_holdout,3,,0.35000000000000003,0
xxz,critical_holdout,4,0.0,0.4929029985443532,7
xxz,critical_holdout,5,0.6538461538461539,0.5310786706862524,26
xxz,critical_holdout,6,,0.6500000000000001,0
xxz,critical_holdout,7,,0.75,0
xxz,critical_holdout,8,,0.8500000000000001,0
xxz,critical_holdout,9,,0.95,0
xxz,critical_holdout,0,,0.05,0
xxz,critical_holdout,1,,0.15000000000000002,0
xxz,critical_holdout,2,,0.25,0
xxz,critical_holdout,3,,0.35000000000000003,0
xxz,critical_holdout,4,,0.45,0
xxz,critical_holdout,5,0.5151515151515151,0.5497216118525069,33
xxz,critical_holdout,6,,0.6500000000000001,0
xxz,critical_holdout,7,,0.75,0
xxz,critical_holdout,8,,0.8500000000000001,0
xxz,critical_holdout,9,,0.95,0
xxz,critical_holdout,0,,0.05,0
xxz,critical_holdout,1,,0.15000000000000002,0
xxz,critical_holdout,2,,0.25,0
xxz,critical_holdout,3,,0.35000000000000003,0
xxz,critical_holdout,4,0.0,0.49493100615287833,5
xxz,critical_holdout,5,0.6071428571428571,0.5294848907045416,28
xxz,critical_holdout,6,,0.6500000000000001,0
xxz,critical_holdout,7,,0.75,0
xxz,critical_holdout,8,,0.8500000000000001,0
xxz,critical_holdout,9,,0.95,0
xxz,critical_holdout,0,,0.05,0
xxz,critical_holdout,1,,0.15000000000000002,0
xxz,critical_holdout,2,,0.25,0
xxz,critical_holdout,3,,0.35000000000000003,0
xxz,critical_holdout,4,0.0,0.4987825461850522,1
xxz,critical_holdout,5,0.53125,0.5308854173062383,32
xxz,critical_holdout,6,,0.6500000000000001,0
xxz,critical_holdout,7,,0.75,0
xxz,critical_holdout,8,,0.8500000000000001,0
xxz,critical_holdout,9,,0.95,0
cluster,iid,0,,0.05,0
cluster,iid,1,,0.15000000000000002,0
cluster,iid,2,0.0,0.26695008302661677,6
cluster,iid,3,0.0,0.3863604210337898,1
cluster,iid,4,0.0,0.421260319890483,3
cluster,iid,5,0.0,0.5736733373084378,1
cluster,iid,6,1.0,0.646229100152508,4
cluster,iid,7,1.0,0.7249009847261805,7
cluster,iid,8,,0.8500000000000001,0
cluster,iid,9,,0.95,0
cluster,iid,0,,0.05,0
cluster,iid,1,,0.15000000000000002,0
cluster,iid,2,,0.25,0
cluster,iid,3,0.0,0.3181309461968027,6
cluster,iid,4,0.0,0.4494714635337149,4
cluster,iid,5,0.0,0.580850400927798,1
cluster,iid,6,1.0,0.659120036506339,7
cluster,iid,7,1.0,0.7081282634233064,4
cluster,iid,8,,0.8500000000000001,0
cluster,iid,9,,0.95,0
cluster,iid,0,,0.05,0
cluster,iid,1,,0.15000000000000002,0
cluster,iid,2,,0.25,0
cluster,iid,3,0.0,0.3649196692198449,6
cluster,iid,4,0.0,0.48876397174108993,2
cluster,iid,5,0.0,0.5126216577032394,2
cluster,iid,6,0.75,0.6511406278635996,4
cluster,iid,7,1.0,0.7199697336498208,8
cluster,iid,8,,0.8500000000000001,0
cluster,iid,9,,0.95,0
cluster,iid,0,,0.05,0
cluster,iid,1,,0.15000000000000002,0
cluster,iid,2,,0.25,0
cluster,iid,3,0.0,0.3845421301618977,6
cluster,iid,4,0.0,0.47898288508555736,4
cluster,iid,5,,0.55,0
cluster,iid,6,0.75,0.6525412566986808,4
cluster,iid,7,1.0,0.731669706612394,8
cluster,iid,8,,0.8500000000000001,0
cluster,iid,9,,0.95,0
cluster,iid,0,,0.05,0
cluster,iid,1,,0.15000000000000002,0
cluster,iid,2,,0.25,0
cluster,iid,3,,0.35000000000000003,0
cluster,iid,4,0.0,0.432151974661278,6
cluster,iid,5,0.0,0.5306258083680989,4
cluster,iid,6,0.8888888888888888,0.6692151402209344,9
cluster,iid,7,1.0,0.7032878761944069,3
cluster,iid,8,,0.8500000000000001,0
cluster,iid,9,,0.95,0
cluster,iid,0,,0.05,0
cluster,iid,1,,0.15000000000000002,0
cluster,iid,2,0.0,0.2863788703091453,4
cluster,iid,3,0.0,0.3688660877738348,2
cluster,iid,4,0.0,0.45026110169345024,4
cluster,iid,5,0.0,0.5278797899529353,1
cluster,iid,6,1.0,0.6922966741732839,4
cluster,iid,7,1.0,0.7538041234934884,7
cluster,iid,8,,0.8500000000000001,0
cluster,iid,9,,0.95,0
cluster,iid,0,,0.05,0
cluster,iid,1,,0.15000000000000002,0
cluster,iid,2,,0.25,0
cluster,iid,3,0.0,0.3278685245133841,5
cluster,iid,4,0.0,0.4514930378190539,5
cluster,iid,5,0.0,0.5246847160272933,1
cluster,iid,6,1.0,0.6677364061512646,6
cluster,iid,7,1.0,0.7190226581040765,5
cluster,iid,8,,0.8500000000000001,0
cluster,iid,9,,0.95,0
cluster,iid,0,,0.05,0
cluster,iid,1,,0.15000000000000002,0
cluster,iid,2,,0.25,0
cluster,iid,3,0.0,0.38138353867734887,4
cluster,iid,4,0.0,0.4557973218384814,3
cluster,iid,5,0.0,0.5308107345984221,4
cluster,iid,6,1.0,0.6734028049376388,5
cluster,iid,7,1.0,0.7118314271620401,6
cluster,iid,8,,0.8500000000000001,0
cluster,iid,9,,0.95,0
cluster,iid,0,,0.05,0
cluster,iid,1,,0.15000000000000002,0
cluster,iid,2,0.0,0.2654695392810791,4
cluster,iid,3,0.0,0.3594484739136405,3
cluster,iid,4,0.0,0.451903693007151,3
cluster,iid,5,0.0,0.5184032010155769,1
cluster,iid,6,1.0,0.6922944556027325,3
cluster,iid,7,1.0,0.751225197272205,8
cluster,iid,8,,0.8500000000000001,0
cluster,iid,9,,0.95,0
cluster,iid,0,,0.05,0
cluster,iid,1,,0.15000000000000002,0
cluster,iid,2,,0.25,0
cluster,iid,3,,0.35000000000000003,0
cluster,iid,4,0.0,0.43497014069658574,7
cluster,iid,5,0.0,0.5448137098841253,4
cluster,iid,6,1.0,0.6796267914209636,6
cluster,iid,7,1.0,0.7081057408299426,5
cluster,iid,8,,0.8500000000000001,0
cluster,iid,9,,0.95,0
cluster,iid,0,,0.05,0
cluster,iid,1,,0.15000000000000002,0
cluster,iid,2,,0.25,0
cluster,iid,3,0.0,0.3350399624912689,2
cluster,iid,4,0.0,0.45928312308738034,4
cluster,iid,5,0.0,0.5576154840024093,4
cluster,iid,6,0.8,0.6528496554846775,5
cluster,iid,7,1.0,0.7249825452692958,7
cluster,iid,8,,0.8500000000000001,0
cluster,iid,9,,0.95,0
cluster,iid,0,,0.05,0
cluster,iid,1,,0.15000000000000002,0
cluster,iid,2,0.0,0.2646213916281885,2
cluster,iid,3,,0.35000000000000003,0
cluster,iid,4,0.0,0.44781049117693605,4
cluster,iid,5,0.0,0.5495032731184539,4
cluster,iid,6,0.9,0.662090949156711,10
cluster,iid,7,1.0,0.7130473844057498,2
cluster,iid,8,,0.8500000000000001,0
cluster,iid,9,,0.95,0
cluster,iid,0,,0.05,0
cluster,iid,1,,0.15000000000000002,0
cluster,iid,2,,0.25,0
cluster,iid,3,0.0,0.3231292421014888,2
cluster,iid,4,0.0,0.4522756495545606,4
cluster,iid,5,0.0,0.5423141167790348,5
cluster,iid,6,1.0,0.6430516784096622,11
cluster,iid,7,,0.75,0
cluster,iid,8,,0.8500000000000001,0
cluster,iid,9,,0.95,0
cluster,iid,0,,0.05,0
cluster,iid,1,0.0,0.19817752966695132,1
cluster,iid,2,0.0,0.24227944741009097,1
cluster,iid,3,,0.35000000000000003,0
cluster,iid,4,0.0,0.4390208488400724,4
cluster,iid,5,0.0,0.5236959592246372,2
cluster,iid,6,0.5,0.6436279391607574,6
cluster,iid,7,1.0,0.7436124714120915,8
cluster,iid,8,,0.8500000000000001,0
cluster,iid,9,,0.95,0
cluster,iid,0,,0.05,0
cluster,iid,1,,0.15000000000000002,0
cluster,iid,2,,0.25,0
cluster,iid,3,0.0,0.37800157697667797,2
cluster,iid,4,0.0,0.47780910995925835,3
cluster,iid,5,0.0,0.5534892526573019,5
cluster,iid,6,0.9166666666666666,0.6588163327944329,12
cluster,iid,7,,0.75,0
cluster,iid,8,,0.8500000000000001,0
cluster,iid,9,,0.95,0
cluster,iid,0,,0.05,0
cluster,iid,1,,0.15000000000000002,0
cluster,iid,2,,0.25,0
cluster,iid,3,0.0,0.38417676240926174,1
cluster,iid,4,0.0,0.45420693856174515,6
cluster,iid,5,0.0,0.5685044396748895,2
cluster,iid,6,0.5,0.6456663041146529,4
cluster,iid,7,1.0,0.750999391356241,9
cluster,iid,8,,0.8500000000000001,0
cluster,iid,9,,0.95,0
cluster,iid,0,,0.05,0
cluster,iid,1,,0.15000000000000002,0
cluster,iid,2,0.0,0.28152236000005354,1
cluster,iid,3,0.0,0.3671379204824976,4
cluster,iid,4,0.0,0.4442080864620195,3
cluster,iid,5,0.0,0.5528931969135512,3
cluster,iid,6,1.0,0.6510291288720348,7
cluster,iid,7,1.0,0.7072492483135451,4
cluster,iid,8,,0.8500000000000001,0
cluster,iid,9,,0.95,0
cluster,iid,0,,0.05,0
cluster,iid,1,,0.15000000000000002,0
cluster,iid,2,,0.25,0
cluster,iid,3,0.0,0.35544597374411135,1
cluster,iid,4,0.0,0.4570336699550637,6
cluster,iid,5,0.0,0.5729644462726047,2
cluster,iid,6,0.6666666666666666,0.6565033244423478,6
cluster,iid,7,1.0,0.7355728150657983,7
cluster,iid,8,,0.8500000000000001,0
cluster,iid,9,,0.95,0
cluster,iid,0,,0.05,0
cluster,iid,1,,0.15000000000000002,0
cluster,iid,2,0.0,0.2700079482631997,1
cluster,iid,3,0.0,0.3523899291990573,4
cluster,iid,4,0.0,0.4375367440358436,3
cluster,iid,5,0.0,0.5664775948836712,3
cluster,iid,6,1.0,0.6575108388202435,4
cluster,iid,7,1.0,0.7518225059214327,7
cluster,iid,8,,0.8500000000000001,0
cluster,iid,9,,0.95,0
cluster,iid,0,,0.05,0
cluster,iid,1,,0.15000000000000002,0
cluster,iid,2,,0.25,0
cluster,iid,3,0.0,0.3751046627603928,2
cluster,iid,4,0.0,0.4254895638582331,5
cluster,iid,5,0.0,0.552283025733412,3
cluster,iid,6,0.8,0.6481389610178392,5
cluster,iid,7,1.0,0.736269615089178,7
cluster,iid,8,,0.8500000000000001,0
cluster,iid,9,,0.95,0
cluster,iid,0,,0.05,0
cluster,iid,1,,0.15000000000000002,0
cluster,iid,2,,0.25,0
cluster,iid,3,0.0,0.3349698961171132,5
cluster,iid,4,0.0,0.42934723963819277,2
cluster,iid,5,0.0,0.5549570797630278,4
cluster,iid,6,1.0,0.6624375481689047,3
cluster,iid,7,1.0,0.7377267015972591,8
cluster,iid,8,,0.8500000000000001,0
cluster,iid,9,,0.95,0
cluster,iid,0,,0.05,0
cluster,iid,1,,0.15000000000000002,0
cluster,iid,2,,0.25,0
cluster,iid,3,0.0,0.33567104479608195,5
cluster,iid,4,0.0,0.4318493444180448,2
cluster,iid,5,0.0,0.5468288235564295,4
cluster,iid,6,1.0,0.6649244226541186,5
cluster,iid,7,1.0,0.716189323864931,6
cluster,iid,8,,0.8500000000000001,0
cluster,iid,9,,0.95,0
cluster,iid,0,,0.05,0
cluster,iid,1,,0.15000000000000002,0
cluster,iid,2,,0.25,0
cluster,iid,3,0.0,0.3751560465508082,4
cluster,iid,4,0.0,0.46209217037990324,3
cluster,iid,5,0.0,0.5721674684639316,2
cluster,iid,6,0.5,0.639771577177567,4
cluster,iid,7,1.0,0.7301133036790542,9
cluster,iid,8,,0.8500000000000001,0
cluster,iid,9,,0.95,0
cluster,iid,0,,0.05,0
cluster,iid,1,0.0,0.18554601307270538,1
cluster,iid,2,0.0,0.24600798540839344,3
cluster,iid,3,0.0,0.3439257446749498,2
cluster,iid,4,0.0,0.40753734183425383,1
cluster,iid,5,0.0,0.5486049641818511,4
cluster,iid,6,1.0,0.6627481329348037,3
cluster,iid,7,1.0,0.7352545640719154,8
cluster,iid,8,,0.8500000000000001,0
cluster,iid,9,,0.95,0
cluster,iid,0,,0.05,0
cluster,iid,1,,0.15000000000000002,0
cluster,iid,2,,0.25,0
cluster,iid,3,0.0,0.3922755664777693,2
cluster,iid,4,0.0,0.44807563821503965,4
cluster,iid,5,0.0,0.5585770137301327,3
cluster,iid,6,0.5,0.6479601937434609,4
cluster,iid,7,1.0,0.7394166773108222,9
cluster,iid,8,,0.8500000000000001,0
cluster,iid,9,,0.95,0
cluster,iid,0,,0.05,0
cluster,iid,1,,0.15000000000000002,0
cluster,iid,2,0.0,0.2957922765583262,1
cluster,iid,3,0.0,0.3538976722171613,4
cluster,iid,4,0.0,0.4529482247107403,3
cluster,iid,5,0.0,0.5779170263219273,2
cluster,iid,6,0.8,0.6583503272447644,5
cluster,iid,7,1.0,0.7265239579874498,7
cluster,iid,8,,0.8500000000000001,0
cluster,iid,9,,0.95,0
cluster,iid,0,,0.05,0
cluster,iid,1,,0.15000000000000002,0
cluster,iid,2,0.0,0.2662989733515075,1
cluster,iid,3,0.0,0.35739635665737524,3
cluster,iid,4,0.0,0.45447196278061,4
cluster,iid,5,0.0,0.5775301577052807,2
cluster,iid,6,0.9,0.6606362347312429,10
cluster,iid,7,1.0,0.7035761599541612,2
cluster,iid,8,,0.8500000000000001,0
cluster,iid,9,,0.95,0
cluster,iid,0,,0.05,0
cluster,iid,1,,0.15000000000000002,0
cluster,iid,2,,0.25,0
cluster,iid,3,0.0,0.3622829667006897,2
cluster,iid,4,0.0,0.44874139561135107,4
cluster,iid,5,0.0,0.5262850448322769,2
cluster,iid,6,0.25,0.6386454956009989,4
cluster,iid,7,1.0,0.7346252312658088,10
cluster,iid,8,,0.8500000000000001,0
cluster,iid,9,,0.95,0
cluster,iid,0,,0.05,0
cluster,iid,1,,0.15000000000000002,0
cluster,iid,2,,0.25,0
cluster,iid,3,0.0,0.35641303835786226,2
cluster,iid,4,0.0,0.443503424532643,4
cluster,iid,5,0.0,0.5410468223304156,3
cluster,iid,6,0.6666666666666666,0.6599696182951145,6
cluster,iid,7,1.0,0.7230280678955151,7
cluster,iid,8,,0.8500000000000001,0
cluster,iid,9,,0.95,0
cluster,iid,0,,0.05,0
cluster,iid,1,,0.15000000000000002,0
cluster,iid,2,0.0,0.2712233224969937,2
cluster,iid,3,0.0,0.3851817384990922,2
cluster,iid,4,0.0,0.45531601536969846,4
cluster,iid,5,0.0,0.5775833730098539,2
cluster,iid,6,0.9090909090909091,0.6630739684556208,11
cluster,iid,7,1.0,0.7059382284227786,1
cluster,iid,8,,0.8500000000000001,0
cluster,iid,9,,0.95,0
cluster,iid,0,,0.05,0
cluster,iid,1,,0.15000000000000002,0
cluster,iid,2,,0.25,0
cluster,iid,3,0.0,0.36239498066842235,4
cluster,iid,4,0.0,0.4735405074270188,2
cluster,iid,5,0.0,0.5398925324896987,3
cluster,iid,6,0.6,0.6570605906182021,5
cluster,iid,7,1.0,0.7460881363140186,8
cluster,iid,8,,0.8500000000000001,0
cluster,iid,9,,0.95,0
cluster,iid,0,,0.05,0
cluster,iid,1,,0.15000000000000002,0
cluster,iid,2,,0.25,0
cluster,iid,3,0.0,0.3497726590372538,4
cluster,iid,4,0.0,0.4758054937848789,2
cluster,iid,5,0.0,0.5480129498876798,4
cluster,iid,6,0.8888888888888888,0.6571541131457899,9
cluster,iid,7,1.0,0.7136927870012343,3
cluster,iid,8,,0.8500000000000001,0
cluster,iid,9,,0.95,0
cluster,iid,0,,0.05,0
cluster,iid,1,,0.15000000000000002,0
cluster,iid,2,,0.25,0
cluster,iid,3,0.0,0.3713423082310493,2
cluster,iid,4,0.0,0.42372504868482774,2
cluster,iid,5,0.0,0.5384885853057525,5
cluster,iid,6,0.7142857142857143,0.6606642553957708,7
cluster,iid,7,1.0,0.7215550826435685,6
cluster,iid,8,,0.8500000000000001,0
cluster,iid,9,,0.95,0
cluster,iid,0,,0.05,0
cluster,iid,1,,0.15000000000000002,0
cluster,iid,2,0.0,0.28427882702870644,2
cluster,iid,3,0.0,0.3616131945393827,2
cluster,iid,4,0.0,0.4758414104433989,2
cluster,iid,5,0.0,0.5448426310675982,3
cluster,iid,6,0.6,0.6570372042343127,5
cluster,iid,7,1.0,0.7369977132276445,8
cluster,iid,8,,0.8500000000000001,0
cluster,iid,9,,0.95,0
cluster,iid,0,,0.05,0
cluster,iid,1,,0.15000000000000002,0
cluster,iid,2,,0.25,0
cluster,iid,3,0.0,0.3509472692246262,4
cluster,iid,4,0.0,0.4636666841952566,4
cluster,iid,5,0.0,0.5591018062480201,3
cluster,iid,6,1.0,0.6449626504590559,11
cluster,iid,7,,0.75,0
cluster,iid,8,,0.8500000000000001,0
cluster,iid,9,,0.95,0
cluster,iid,0,,0.05,0
cluster,iid,1,,0.15000000000000002,0
cluster,iid,2,,0.25,0
cluster,iid,3,0.0,0.3733949165004404,4
cluster,iid,4,0.0,0.45733796435553714,4
cluster,iid,5,0.0,0.5751687248718809,2
cluster,iid,6,0.6666666666666666,0.6690810015065188,3
cluster,iid,7,1.0,0.7466930439307207,9
cluster,iid,8,,0.8500000000000001,0
cluster,iid,9,,0.95,0
cluster,iid,0,,0.05,0
cluster,iid,1,,0.15000000000000002,0
cluster,iid,2,,0.25,0
cluster,iid,3,0.0,0.35613139781418146,4
cluster,iid,4,0.0,0.4697886335718226,4
cluster,iid,5,0.0,0.5726205654719732,2
cluster,iid,6,0.875,0.6741556580726764,8
cluster,iid,7,1.0,0.7119840213281765,4
cluster,iid,8,,0.8500000000000001,0
cluster,iid,9,,0.95,0
cluster,iid,0,,0.05,0
cluster,iid,1,,0.15000000000000002,0
cluster,iid,2,0.0,0.28257084886195183,2
cluster,iid,3,0.0,0.35555030451884734,3
cluster,iid,4,0.0,0.46739237920592375,3
cluster,iid,5,0.0,0.5736635138606963,2
cluster,iid,6,0.6666666666666666,0.6644550132506604,3
cluster,iid,7,1.0,0.7359751876514294,9
cluster,iid,8,,0.8500000000000001,0
cluster,iid,9,,0.95,0
cluster,iid,0,,0.05,0
cluster,iid,1,0.0,0.18310736751864773,2
cluster,iid,2,0.0,0.2620130393234136,2
cluster,iid,3,0.0,0.3510299503985811,2
cluster,iid,4,0.0,0.41944481625107294,2
cluster,iid,5,0.0,0.54095659070802,2
cluster,iid,6,0.6666666666666666,0.6485454825886355,3
cluster,iid,7,1.0,0.7314482730763041,9
cluster,iid,8,,0.8500000000000001,0
cluster,iid,9,,0.95,0
cluster,iid,0,,0.05,0
cluster,iid,1,,0.15000000000000002,0
cluster,iid,2,0.0,0.25390322855336295,2
cluster,iid,3,0.0,0.34076196999148783,3
cluster,iid,4,0.0,0.4500412739239423,3
cluster,iid,5,0.0,0.5613303641337594,3
cluster,iid,6,1.0,0.671290271223003,9
cluster,iid,7,1.0,0.7028667533386707,2
cluster,iid,8,,0.8500000000000001,0
cluster,iid,9,,0.95,0
cluster,iid,0,,0.05,0
cluster,iid,1,,0.15000000000000002,0
cluster,iid,2,,0.25,0
cluster,iid,3,0.0,0.33421581595136907,3
cluster,iid,4,0.0,0.45188506619446417,3
cluster,iid,5,0.0,0.5314820163617426,4
cluster,iid,6,0.6666666666666666,0.6607404581511725,3
cluster,iid,7,1.0,0.7624551439787118,9
cluster,iid,8,,0.8500000000000001,0
cluster,iid,9,,0.95,0
cluster,iid,0,,0.05,0
cluster,iid,1,,0.15000000000000002,0
cluster,iid,2,0.0,0.23646353257742803,2
cluster,iid,3,0.0,0.31458192179357497,1
cluster,iid,4,0.0,0.4604534653539211,5
cluster,iid,5,0.0,0.56201231795546,3
cluster,iid,6,1.0,0.6800038925121366,4
cluster,iid,7,1.0,0.7216602584391069,7
cluster,iid,8,,0.8500000000000001,0
cluster,iid,9,,0.95,0
cluster,iid,0,,0.05,0
cluster,iid,1,,0.15000000000000002,0
cluster,iid,2,,0.25,0
cluster,iid,3,0.0,0.38373427739116395,2
cluster,iid,4,0.0,0.4367372113483994,1
cluster,iid,5,0.0,0.540480608315956,6
cluster,iid,6,0.5,0.6498858658290548,4
cluster,iid,7,1.0,0.7323736025568227,9
cluster,iid,8,,0.8500000000000001,0
cluster,iid,9,,0.95,0
cluster,iid,0,,0.05,0
cluster,iid,1,,0.15000000000000002,0
cluster,iid,2,,0.25,0
cluster,iid,3,0.0,0.3682355842352564,2
cluster,iid,4,0.0,0.4520274698415651,3
cluster,iid,5,0.0,0.5440461967677974,5
cluster,iid,6,0.6666666666666666,0.6519485853450115,3
cluster,iid,7,1.0,0.7255764880718765,9
cluster,iid,8,,0.8500000000000001,0
cluster,iid,9,,0.95,0
cluster,iid,0,,0.05,0
cluster,iid,1,,0.15000000000000002,0
cluster,iid,2,,0.25,0
cluster,iid,3,0.0,0.35319279953407845,3
cluster,iid,4,0.0,0.4595038705684087,5
cluster,iid,5,0.0,0.5332150320859674,3
cluster,iid,6,1.0,0.6585816395507369,11
cluster,iid,7,,0.75,0
cluster,iid,8,,0.8500000000000001,0
cluster,iid,9,,0.95,0
cluster,iid,0,,0.05,0
cluster,iid,1,,0.15000000000000002,0
cluster,iid,2,0.0,0.29808592027805436,1
cluster,iid,3,0.0,0.32918069464435085,2
cluster,iid,4,0.0,0.4486997847589056,3
cluster,iid,5,0.16666666666666666,0.550899048557493,6
cluster,iid,6,1.0,0.6493624356196139,5
cluster,iid,7,1.0,0.7191908150265308,5
cluster,iid,8,,0.8500000000000001,0
cluster,iid,9,,0.95,0
cluster,iid,0,,0.05,0
cluster,iid,1,,0.15000000000000002,0
cluster,iid,2,,0.25,0
cluster,iid,3,0.0,0.3379327211332294,3
cluster,iid,4,0.0,0.46174736460389404,3
cluster,iid,5,0.16666666666666666,0.555110488119354,6
cluster,iid,6,1.0,0.6482811846996283,5
cluster,iid,7,1.0,0.7170236521840573,5
cluster,iid,8,,0.8500000000000001,0
cluster,iid,9,,0.95,0
cluster,iid,0,,0.05,0
cluster,iid,1,,0.15000000000000002,0
cluster,iid,2,0.0,0.2852960492234937,1
cluster,iid,3,0.0,0.3596933330348893,2
cluster,iid,4,0.0,0.4878073832358871,3
cluster,iid,5,0.0,0.560282683392619,4
cluster,iid,6,0.8571428571428571,0.6491101629563337,7
cluster,iid,7,1.0,0.7174909149503523,5
cluster,iid,8,,0.8500000000000001,0
cluster,iid,9,,0.95,0
cluster,iid,0,,0.05,0
cluster,iid,1,,0.15000000000000002,0
cluster,iid,2,0.0,0.2838259841446365,1
cluster,iid,3,0.0,0.3700402122311325,2
cluster,iid,4,,0.45,0
cluster,iid,5,0.0,0.5518575390642335,6
cluster,iid,6,0.6,0.6643094801436403,5
cluster,iid,7,1.0,0.75686997580816,8
cluster,iid,8,,0.8500000000000001,0
cluster,iid,9,,0.95,0
cluster,iid,0,,0.05,0
cluster,iid,1,,0.15000000000000002,0
cluster,iid,2,,0.25,0
cluster,iid,3,,0.35000000000000003,0
cluster,iid,4,0.0,0.45977480184498193,3
cluster,iid,5,0.0,0.5605532659641107,6
cluster,iid,6,0.7142857142857143,0.6508385350971301,7
cluster,iid,7,1.0,0.7192501740567919,6
cluster,iid,8,,0.8500000000000001,0
cluster,iid,9,,0.95,0
cluster,parameter_block,0,,0.05,0
cluster,parameter_block,1,,0.15000000000000002,0
cluster,parameter_block,2,,0.25,0
cluster,parameter_block,3,,0.35000000000000003,0
cluster,parameter_block,4,,0.45,0
cluster,parameter_block,5,0.0,0.5626399869826437,13
cluster,parameter_block,6,0.0,0.644170744459549,12
cluster,parameter_block,7,0.29411764705882354,0.7546484275410761,17
cluster,parameter_block,8,1.0,0.849101729359532,33
cluster,parameter_block,9,,0.95,0
cluster,parameter_block,0,,0.05,0
cluster,parameter_block,1,,0.15000000000000002,0
cluster,parameter_block,2,,0.25,0
cluster,parameter_block,3,,0.35000000000000003,0
cluster,parameter_block,4,,0.45,0
cluster,parameter_block,5,0.0,0.5691949133299893,14
cluster,parameter_block,6,0.0,0.6481248405572846,16
cluster,parameter_block,7,0.75,0.7569225283676239,28
cluster,parameter_block,8,1.0,0.8087303968297104,17
cluster,parameter_block,9,,0.95,0
cluster,parameter_block,0,,0.05,0
cluster,parameter_block,1,,0.15000000000000002,0
cluster,parameter_block,2,,0.25,0
cluster,parameter_block,3,,0.35000000000000003,0
cluster,parameter_block,4,0.0,0.4930250919849366,6
cluster,parameter_block,5,0.0,0.5488443061306113,14
cluster,parameter_block,6,0.0,0.654074913518634,14
cluster,parameter_block,7,0.8928571428571429,0.7610489793578924,28
cluster,parameter_block,8,1.0,0.8062793129438128,13
cluster,parameter_block,9,,0.95,0
cluster,parameter_block,0,,0.05,0
cluster,parameter_block,1,,0.15000000000000002,0
cluster,parameter_block,2,,0.25,0
cluster,parameter_block,3,,0.35000000000000003,0
cluster,parameter_block,4,,0.45,0
cluster,parameter_block,5,0.0,0.5478924086041219,18
cluster,parameter_block,6,0.0,0.652740050086276,13
cluster,parameter_block,7,0.7272727272727273,0.7564070066810266,22
cluster,parameter_block,8,1.0,0.819163273767291,22
cluster,parameter_block,9,,0.95,0
cluster,parameter_block,0,,0.05,0
cluster,parameter_block,1,,0.15000000000000002,0
cluster,parameter_block,2,,0.25,0
cluster,parameter_block,3,,0.35000000000000003,0
cluster,parameter_block,4,,0.45,0
cluster,parameter_block,5,0.0,0.5484054900621069,19
cluster,parameter_block,6,0.0,0.6554021487358082,14
cluster,parameter_block,7,0.84,0.7583636089463656,25
cluster,parameter_block,8,1.0,0.8111806623890129,17
cluster,parameter_block,9,,0.95,0
cluster,parameter_block,0,,0.05,0
cluster,parameter_block,1,,0.15000000000000002,0
cluster,parameter_block,2,,0.25,0
cluster,parameter_block,3,,0.35000000000000003,0
cluster,parameter_block,4,,0.45,0
cluster,parameter_block,5,0.0,0.5695674740072522,13
cluster,parameter_block,6,0.0,0.6451316390539847,14
cluster,parameter_block,7,0.5,0.7537674878494988,20
cluster,parameter_block,8,1.0,0.8316346326248599,28
cluster,parameter_block,9,,0.95,0
cluster,parameter_block,0,,0.05,0
cluster,parameter_block,1,,0.15000000000000002,0
cluster,parameter_block,2,,0.25,0
cluster,parameter_block,3,,0.35000000000000003,0
cluster,parameter_block,4,0.0,0.49390772065366784,5
cluster,parameter_block,5,0.0,0.5479231165805134,15
cluster,parameter_block,6,0.0,0.6542454651878635,13
cluster,parameter_block,7,0.84,0.7581207048046701,25
cluster,parameter_block,8,1.0,0.8103122329395517,17
cluster,parameter_block,9,,0.95,0
cluster,parameter_block,0,,0.05,0
cluster,parameter_block,1,,0.15000000000000002,0
cluster,parameter_block,2,,0.25,0
cluster,parameter_block,3,,0.35000000000000003,0
cluster,parameter_block,4,0.0,0.47384470761485575,7
cluster,parameter_block,5,0.0,0.5419996661557044,15
cluster,parameter_block,6,0.0,0.6541432730001419,13
cluster,parameter_block,7,0.9411764705882353,0.7643503793260278,34
cluster,parameter_block,8,1.0,0.8036490296269873,6
cluster,parameter_block,9,,0.95,0
cluster,parameter_block,0,,0.05,0
cluster,parameter_block,1,,0.15000000000000002,0
cluster,parameter_block,2,,0.25,0
cluster,parameter_block,3,,0.35000000000000003,0
cluster,parameter_block,4,,0.45,0
cluster,parameter_block,5,0.0,0.5722713605688171,11
cluster,parameter_block,6,0.0,0.6445990826320479,14
cluster,parameter_block,7,0.4,0.754851980265453,20
cluster,parameter_block,8,1.0,0.8296931482145912,30
cluster,parameter_block,9,,0.95,0
cluster,parameter_block,0,,0.05,0
cluster,parameter_block,1,,0.15000000000000002,0
cluster,parameter_block,2,,0.25,0
cluster,parameter_block,3,,0.35000000000000003,0
cluster,parameter_block,4,,0.45,0
cluster,parameter_block,5,0.0,0.5463639413576565,19
cluster,parameter_block,6,0.0,0.653117554706366,12
cluster,parameter_block,7,0.7142857142857143,0.7561972835218581,21
cluster,parameter_block,8,1.0,0.8247253384289734,23
cluster,parameter_block,9,,0.95,0
cluster,critical_holdout,0,,0.05,0
cluster,critical_holdout,1,,0.15000000000000002,0
cluster,critical_holdout,2,,0.25,0
cluster,critical_holdout,3,,0.35000000000000003,0
cluster,critical_holdout,4,,0.45,0
cluster,critical_holdout,5,0.0,0.5667273023466022,10
cluster,critical_holdout,6,0.8235294117647058,0.6379809230664223,17
cluster,critical_holdout,7,,0.75,0
cluster,critical_holdout,8,,0.8500000000000001,0
cluster,critical_holdout,9,,0.95,0
cluster,critical_holdout,0,,0.05,0
cluster,critical_holdout,1,,0.15000000000000002,0
cluster,critical_holdout,2,,0.25,0
cluster,critical_holdout,3,,0.35000000000000003,0
cluster,critical_holdout,4,,0.45,0
cluster,critical_holdout,5,0.0,0.574369399482797,8
cluster,critical_holdout,6,0.7368421052631579,0.6357534125717009,19
cluster,critical_holdout,7,,0.75,0
cluster,critical_holdout,8,,0.8500000000000001,0
cluster,critical_holdout,9,,0.95,0
cluster,critical_holdout,0,,0.05,0
cluster,critical_holdout,1,,0.15000000000000002,0
cluster,critical_holdout,2,,0.25,0
cluster,critical_holdout,3,,0.35000000000000003,0
cluster,critical_holdout,4,,0.45,0
cluster,critical_holdout,5,0.0,0.5948933560801204,2
cluster,critical_holdout,6,0.47619047619047616,0.6549529199836407,21
cluster,critical_holdout,7,1.0,0.7047741010144082,4
cluster,critical_holdout,8,,0.8500000000000001,0
cluster,critical_holdout,9,,0.95,0
cluster,critical_holdout,0,,0.05,0
cluster,critical_holdout,1,,0.15000000000000002,0
cluster,critical_holdout,2,,0.25,0
cluster,critical_holdout,3,,0.35000000000000003,0
cluster,critical_holdout,4,,0.45,0
cluster,critical_holdout,5,0.0,0.5866504137315862,3
cluster,critical_holdout,6,0.4117647058823529,0.6536978239077307,17
cluster,critical_holdout,7,1.0,0.7156995101823255,7
cluster,critical_holdout,8,,0.8500000000000001,0
cluster,critical_holdout,9,,0.95,0
cluster,critical_holdout,0,,0.05,0
cluster,critical_holdout,1,,0.15000000000000002,0
cluster,critical_holdout,2,,0.25,0
cluster,critical_holdout,3,,0.35000000000000003,0
cluster,critical_holdout,4,,0.45,0
cluster,critical_holdout,5,0.0,0.593574741577475,1
cluster,critical_holdout,6,0.29411764705882354,0.6524500899309919,17
cluster,critical_holdout,7,1.0,0.7170039109552946,9
cluster,critical_holdout,8,,0.8500000000000001,0
cluster,critical_holdout,9,,0.95,0
cluster,critical_holdout,0,,0.05,0
cluster,critical_holdout,1,,0.15000000000000002,0
cluster,critical_holdout,2,,0.25,0
cluster,critical_holdout,3,,0.35000000000000003,0
cluster,critical_holdout,4,,0.45,0
cluster,critical_holdout,5,0.0,0.5887601715310022,4
cluster,critical_holdout,6,0.5,0.6548434174411872,18
cluster,critical_holdout,7,1.0,0.7076208647909553,5
cluster,critical_holdout,8,,0.8500000000000001,0
cluster,critical_holdout,9,,0.95,0
cluster,critical_holdout,0,,0.05,0
cluster,critical_holdout,1,,0.15000000000000002,0
cluster,critical_holdout,2,,0.25,0
cluster,critical_holdout,3,,0.35000000000000003,0
cluster,critical_holdout,4,,0.45,0
cluster,critical_holdout,5,0.0,0.5844999483744402,5
cluster,critical_holdout,6,0.6363636363636364,0.6526478157640367,22
cluster,critical_holdout,7,,0.75,0
cluster,critical_holdout,8,,0.8500000000000001,0
cluster,critical_holdout,9,,0.95,0
cluster,critical_holdout,0,,0.05,0
cluster,critical_holdout,1,,0.15000000000000002,0
cluster,critical_holdout,2,,0.25,0
cluster,critical_holdout,3,,0.35000000000000003,0
cluster,critical_holdout,4,,0.45,0
cluster,critical_holdout,5,0.0,0.5727253842436554,7
cluster,critical_holdout,6,0.7,0.6496072161094364,20
cluster,critical_holdout,7,,0.75,0
cluster,critical_holdout,8,,0.8500000000000001,0
cluster,critical_holdout,9,,0.95,0
cluster,critical_holdout,0,,0.05,0
cluster,critical_holdout,1,,0.15000000000000002,0
cluster,critical_holdout,2,,0.25,0
cluster,critical_holdout,3,,0.35000000000000003,0
cluster,critical_holdout,4,,0.45,0
cluster,critical_holdout,5,0.0,0.5656959554957993,10
cluster,critical_holdout,6,0.8235294117647058,0.6463390520300427,17
cluster,critical_holdout,7,,0.75,0
cluster,critical_holdout,8,,0.8500000000000001,0
cluster,critical_holdout,9,,0.95,0
cluster,critical_holdout,0,,0.05,0
cluster,critical_holdout,1,,0.15000000000000002,0
cluster,critical_holdout,2,,0.25,0
cluster,critical_holdout,3,,0.35000000000000003,0
cluster,critical_holdout,4,0.0,0.4737171299913545,12
cluster,critical_holdout,5,0.9333333333333333,0.5253062153315171,15
cluster,critical_holdout,6,,0.6500000000000001,0
cluster,critical_holdout,7,,0.75,0
cluster,critical_holdout,8,,0.8500000000000001,0
cluster,critical_holdout,9,,0.95,0
cluster,critical_holdout,0,,0.05,0
cluster,critical_holdout,1,,0.15000000000000002,0
cluster,critical_holdout,2,,0.25,0
cluster,critical_holdout,3,,0.35000000000000003,0
cluster,critical_holdout,4,,0.45,0
cluster,critical_holdout,5,0.0,0.5923614565183836,2
cluster,critical_holdout,6,0.3888888888888889,0.6546363667150638,18
cluster,critical_holdout,7,1.0,0.7139163682765434,7
cluster,critical_holdout,8,,0.8500000000000001,0
cluster,critical_holdout,9,,0.95,0
cluster,critical_holdout,0,,0.05,0
cluster,critical_holdout,1,,0.15000000000000002,0
cluster,critical_holdout,2,,0.25,0
cluster,critical_holdout,3,,0.35000000000000003,0
cluster,critical_holdout,4,,0.45,0
cluster,critical_holdout,5,,0.55,0
cluster,critical_holdout,6,0.4090909090909091,0.6624604486924969,22
cluster,critical_holdout,7,1.0,0.7053563633192589,5
cluster,critical_holdout,8,,0.8500000000000001,0
cluster,critical_holdout,9,,0.95,0
cluster,critical_holdout,0,,0.05,0
cluster,critical_holdout,1,,0.15000000000000002,0
cluster,critical_holdout,2,,0.25,0
cluster,critical_holdout,3,,0.35000000000000003,0
cluster,critical_holdout,4,,0.45,0
cluster,critical_holdout,5,,0.55,0
cluster,critical_holdout,6,0.3157894736842105,0.6613019613906183,19
cluster,critical_holdout,7,1.0,0.7125637926828773,8
cluster,critical_holdout,8,,0.8500000000000001,0
cluster,critical_holdout,9,,0.95,0
cluster,critical_holdout,0,,0.05,0
cluster,critical_holdout,1,,0.15000000000000002,0
cluster,critical_holdout,2,,0.25,0
cluster,critical_holdout,3,,0.35000000000000003,0
cluster,critical_holdout,4,,0.45,0
cluster,critical_holdout,5,0.0,0.5770080719226081,6
cluster,critical_holdout,6,0.5882352941176471,0.6553227608920981,17
cluster,critical_holdout,7,1.0,0.7100156079968568,4
cluster,critical_holdout,8,,0.8500000000000001,0
cluster,critical_holdout,9,,0.95,0
cluster,critical_holdout,0,,0.05,0
cluster,critical_holdout,1,,0.15000000000000002,0
cluster,critical_holdout,2,,0.25,0
cluster,critical_holdout,3,,0.35000000000000003,0
cluster,critical_holdout,4,,0.45,0
cluster,critical_holdout,5,0.0,0.5968643648660933,1
cluster,critical_holdout,6,0.3333333333333333,0.6537550549121325,18
cluster,critical_holdout,7,1.0,0.7133799042293462,8
cluster,critical_holdout,8,,0.8500000000000001,0
cluster,critical_holdout,9,,0.95,0
cluster,critical_holdout,0,,0.05,0
cluster,critical_holdout,1,,0.15000000000000002,0
cluster,critical_holdout,2,,0.25,0
cluster,critical_holdout,3,,0.35000000000000003,0
cluster,critical_holdout,4,,0.45,0
cluster,critical_holdout,5,0.0,0.5922529333639639,2
cluster,critical_holdout,6,0.3888888888888889,0.654285235487599,18
cluster,critical_holdout,7,1.0,0.7132688225561121,7
cluster,critical_holdout,8,,0.8500000000000001,0
cluster,critical_holdout,9,,0.95,0
cluster,critical_holdout,0,,0.05,0
cluster,critical_holdout,1,,0.15000000000000002,0
cluster,critical_holdout,2,,0.25,0
cluster,critical_holdout,3,,0.35000000000000003,0
cluster,critical_holdout,4,,0.45,0
cluster,critical_holdout,5,0.0,0.5777290487173602,7
cluster,critical_holdout,6,0.7,0.64285322653108,20
cluster,critical_holdout,7,,0.75,0
cluster,critical_holdout,8,,0.8500000000000001,0
cluster,critical_holdout,9,,0.95,0
cluster,critical_holdout,0,,0.05,0
cluster,critical_holdout,1,,0.15000000000000002,0
cluster,critical_holdout,2,,0.25,0
cluster,critical_holdout,3,,0.35000000000000003,0
cluster,critical_holdout,4,,0.45,0
cluster,critical_holdout,5,0.0,0.5985888654535699,1
cluster,critical_holdout,6,0.3333333333333333,0.6558414812838639,18
cluster,critical_holdout,7,1.0,0.7141446720308264,8
cluster,critical_holdout,8,,0.8500000000000001,0
cluster,critical_holdout,9,,0.95,0
cluster,critical_holdout,0,,0.05,0
cluster,critical_holdout,1,,0.15000000000000002,0
cluster,critical_holdout,2,,0.25,0
cluster,critical_holdout,3,,0.35000000000000003,0
cluster,critical_holdout,4,,0.45,0
cluster,critical_holdout,5,0.0,0.5654003205041302,10
cluster,critical_holdout,6,0.8235294117647058,0.6497359727199996,17
cluster,critical_holdout,7,,0.75,0
cluster,critical_holdout,8,,0.8500000000000001,0
cluster,critical_holdout,9,,0.95,0
cluster,critical_holdout,0,,0.05,0
cluster,critical_holdout,1,,0.15000000000000002,0
cluster,critical_holdout,2,,0.25,0
cluster,critical_holdout,3,,0.35000000000000003,0
cluster,critical_holdout,4,,0.45,0
cluster,critical_holdout,5,0.0,0.5810745302174191,6
cluster,critical_holdout,6,0.6666666666666666,0.6491585192045091,21
cluster,critical_holdout,7,,0.75,0
cluster,critical_holdout,8,,0.8500000000000001,0
cluster,critical_holdout,9,,0.95,0
cluster,critical_holdout,0,,0.05,0
cluster,critical_holdout,1,,0.15000000000000002,0
cluster,critical_holdout,2,,0.25,0
cluster,critical_holdout,3,,0.35000000000000003,0
cluster,critical_holdout,4,,0.45,0
cluster,critical_holdout,5,0.0,0.5850550139555937,4
cluster,critical_holdout,6,0.55,0.6552595072204417,20
cluster,critical_holdout,7,1.0,0.7065430277021866,3
cluster,critical_holdout,8,,0.8500000000000001,0
cluster,critical_holdout,9,,0.95,0
cluster,critical_holdout,0,,0.05,0
cluster,critical_holdout,1,,0.15000000000000002,0
cluster,critical_holdout,2,,0.25,0
cluster,critical_holdout,3,,0.35000000000000003,0
cluster,critical_holdout,4,,0.45,0
cluster,critical_holdout,5,,0.55,0
cluster,critical_holdout,6,0.38095238095238093,0.6650020251857529,21
cluster,critical_holdout,7,1.0,0.7078208601317918,6
cluster,critical_holdout,8,,0.8500000000000001,0
cluster,critical_holdout,9,,0.95,0
cluster,critical_holdout,0,,0.05,0
cluster,critical_holdout,1,,0.15000000000000002,0
cluster,critical_holdout,2,,0.25,0
cluster,critical_holdout,3,,0.35000000000000003,0
cluster,critical_holdout,4,,0.45,0
cluster,critical_holdout,5,0.0,0.5964975657693388,1
cluster,critical_holdout,6,0.3333333333333333,0.6558043431482324,18
cluster,critical_holdout,7,1.0,0.715491827542026,8
cluster,critical_holdout,8,,0.8500000000000001,0
cluster,critical_holdout,9,,0.95,0
cluster,critical_holdout,0,,0.05,0
cluster,critical_holdout,1,,0.15000000000000002,0
cluster,critical_holdout,2,,0.25,0
cluster,critical_holdout,3,,0.35000000000000003,0
cluster,critical_holdout,4,,0.45,0
cluster,critical_holdout,5,0.0,0.5787677436677405,5
cluster,critical_holdout,6,0.5294117647058824,0.6548794920597122,17
cluster,critical_holdout,7,1.0,0.7132488515851371,5
cluster,critical_holdout,8,,0.8500000000000001,0
cluster,critical_holdout,9,,0.95,0
cluster,critical_holdout,0,,0.05,0
cluster,critical_holdout,1,,0.15000000000000002,0
cluster,critical_holdout,2,,0.25,0
cluster,critical_holdout,3,,0.35000000000000003,0
cluster,critical_holdout,4,,0.45,0
cluster,critical_holdout,5,0.0,0.5864126584775543,4
cluster,critical_holdout,6,0.5,0.653891033458171,18
cluster,critical_holdout,7,1.0,0.7080673748959313,5
cluster,critical_holdout,8,,0.8500000000000001,0
cluster,critical_holdout,9,,0.95,0
cluster,critical_holdout,0,,0.05,0
cluster,critical_holdout,1,,0.15000000000000002,0
cluster,critical_holdout,2,,0.25,0
cluster,critical_holdout,3,,0.35000000000000003,0
cluster,critical_holdout,4,,0.45,0
cluster,critical_holdout,5,0.0,0.5875336661078298,4
cluster,critical_holdout,6,0.5263157894736842,0.6565074065630236,19
cluster,critical_holdout,7,1.0,0.7093456416990662,4
cluster,critical_holdout,8,,0.8500000000000001,0
cluster,critical_holdout,9,,0.95,0
cluster,critical_holdout,0,,0.05,0
cluster,critical_holdout,1,,0.15000000000000002,0
cluster,critical_holdout,2,,0.25,0
cluster,critical_holdout,3,,0.35000000000000003,0
cluster,critical_holdout,4,,0.45,0
cluster,critical_holdout,5,0.0,0.583939863676052,5
cluster,critical_holdout,6,0.6363636363636364,0.645613313893481,22
cluster,critical_holdout,7,,0.75,0
cluster,critical_holdout,8,,0.8500000000000001,0
cluster,critical_holdout,9,,0.95,0
cluster,critical_holdout,0,,0.05,0
cluster,critical_holdout,1,,0.15000000000000002,0
cluster,critical_holdout,2,,0.25,0
cluster,critical_holdout,3,,0.35000000000000003,0
cluster,critical_holdout,4,,0.45,0
cluster,critical_holdout,5,0.0,0.5804246700049606,6
cluster,critical_holdout,6,0.631578947368421,0.6560320735838422,19
cluster,critical_holdout,7,1.0,0.7022802331135765,2
cluster,critical_holdout,8,,0.8500000000000001,0
cluster,critical_holdout,9,,0.95,0
cluster,critical_holdout,0,,0.05,0
cluster,critical_holdout,1,,0.15000000000000002,0
cluster,critical_holdout,2,,0.25,0
cluster,critical_holdout,3,,0.35000000000000003,0
cluster,critical_holdout,4,,0.45,0
cluster,critical_holdout,5,0.0,0.5809922699909196,5
cluster,critical_holdout,6,0.5294117647058824,0.6546819018463018,17
cluster,critical_holdout,7,1.0,0.711049736285735,5
cluster,critical_holdout,8,,0.8500000000000001,0
cluster,critical_holdout,9,,0.95,0
cluster,critical_holdout,0,,0.05,0
cluster,critical_holdout,1,,0.15000000000000002,0
cluster,critical_holdout,2,,0.25,0
cluster,critical_holdout,3,,0.35000000000000003,0
cluster,critical_holdout,4,0.0,0.48970704211918065,3
cluster,critical_holdout,5,0.5833333333333334,0.556421802050891,24
cluster,critical_holdout,6,,0.6500000000000001,0
cluster,critical_holdout,7,,0.75,0
cluster,critical_holdout,8,,0.8500000000000001,0
cluster,critical_holdout,9,,0.95,0
cluster,critical_holdout,0,,0.05,0
cluster,critical_holdout,1,,0.15000000000000002,0
cluster,critical_holdout,2,,0.25,0
cluster,critical_holdout,3,,0.35000000000000003,0
cluster,critical_holdout,4,,0.45,0
cluster,critical_holdout,5,0.0,0.5869652138253706,4
cluster,critical_holdout,6,0.5263157894736842,0.6548934205463992,19
cluster,critical_holdout,7,1.0,0.7067438448933405,4
cluster,critical_holdout,8,,0.8500000000000001,0
cluster,critical_holdout,9,,0.95,0
cluster,critical_holdout,0,,0.05,0
cluster,critical_holdout,1,,0.15000000000000002,0
cluster,critical_holdout,2,,0.25,0
cluster,critical_holdout,3,,0.35000000000000003,0
cluster,critical_holdout,4,,0.45,0
cluster,critical_holdout,5,0.35,0.5637026412091595,20
cluster,critical_holdout,6,1.0,0.6087548419187314,7
cluster,critical_holdout,7,,0.75,0
cluster,critical_holdout,8,,0.8500000000000001,0
cluster,critical_holdout,9,,0.95,0
cluster,critical_holdout,0,,0.05,0
cluster,critical_holdout,1,,0.15000000000000002,0
cluster,critical_holdout,2,,0.25,0
cluster,critical_holdout,3,,0.35000000000000003,0
cluster,critical_holdout,4,,0.45,0
cluster,critical_holdout,5,0.0,0.5954674076329716,2
cluster,critical_holdout,6,0.47619047619047616,0.6560227249067849,21
cluster,critical_holdout,7,1.0,0.7060878225633147,4
cluster,critical_holdout,8,,0.8500000000000001,0
cluster,critical_holdout,9,,0.95,0
cluster,critical_holdout,0,,0.05,0
cluster,critical_holdout,1,,0.15000000000000002,0
cluster,critical_holdout,2,,0.25,0
cluster,critical_holdout,3,,0.35000000000000003,0
cluster,critical_holdout,4,,0.45,0
cluster,critical_holdout,5,0.0,0.5823521199994578,4
cluster,critical_holdout,6,0.5,0.6534570371981059,18
cluster,critical_holdout,7,1.0,0.710484864150499,5
cluster,critical_holdout,8,,0.8500000000000001,0
cluster,critical_holdout,9,,0.95,0
cluster,critical_holdout,0,,0.05,0
cluster,critical_holdout,1,,0.15000000000000002,0
cluster,critical_holdout,2,,0.25,0
cluster,critical_holdout,3,,0.35000000000000003,0
cluster,critical_holdout,4,,0.45,0
cluster,critical_holdout,5,0.0,0.5837494750737303,5
cluster,critical_holdout,6,0.6363636363636364,0.6521814942655375,22
cluster,critical_holdout,7,,0.75,0
cluster,critical_holdout,8,,0.8500000000000001,0
cluster,critical_holdout,9,,0.95,0
cluster,critical_holdout,0,,0.05,0
cluster,critical_holdout,1,,0.15000000000000002,0
cluster,critical_holdout,2,,0.25,0
cluster,critical_holdout,3,,0.35000000000000003,0
cluster,critical_holdout,4,,0.45,0
cluster,critical_holdout,5,0.0,0.5671546614718604,11
cluster,critical_holdout,6,0.875,0.6383529905700072,16
cluster,critical_holdout,7,,0.75,0
cluster,critical_holdout,8,,0.8500000000000001,0
cluster,critical_holdout,9,,0.95,0
cluster,critical_holdout,0,,0.05,0
cluster,critical_holdout,1,,0.15000000000000002,0
cluster,critical_holdout,2,,0.25,0
cluster,critical_holdout,3,,0.35000000000000003,0
cluster,critical_holdout,4,,0.45,0
cluster,critical_holdout,5,0.0,0.5854486550559632,5
cluster,critical_holdout,6,0.6363636363636364,0.6526244599507239,22
cluster,critical_holdout,7,,0.75,0
cluster,critical_holdout,8,,0.8500000000000001,0
cluster,critical_holdout,9,,0.95,0
cluster,critical_holdout,0,,0.05,0
cluster,critical_holdout,1,,0.15000000000000002,0
cluster,critical_holdout,2,,0.25,0
cluster,critical_holdout,3,,0.35000000000000003,0
cluster,critical_holdout,4,,0.45,0
cluster,critical_holdout,5,0.0,0.5875495259426574,3
cluster,critical_holdout,6,0.47368421052631576,0.6550618005904192,19
cluster,critical_holdout,7,1.0,0.7084659757409929,5
cluster,critical_holdout,8,,0.8500000000000001,0
cluster,critical_holdout,9,,0.95,0
cluster,critical_holdout,0,,0.05,0
cluster,critical_holdout,1,,0.15000000000000002,0
cluster,critical_holdout,2,,0.25,0
cluster,critical_holdout,3,,0.35000000000000003,0
cluster,critical_holdout,4,,0.45,0
cluster,critical_holdout,5,0.0,0.5866910856253454,3
cluster,critical_holdout,6,0.3333333333333333,0.651970606740729,15
cluster,critical_holdout,7,1.0,0.7188105627861523,9
cluster,critical_holdout,8,,0.8500000000000001,0
cluster,critical_holdout,9,,0.95,0
cluster,critical_holdout,0,,0.05,0
cluster,critical_holdout,1,,0.15000000000000002,0
cluster,critical_holdout,2,,0.25,0
cluster,critical_holdout,3,,0.35000000000000003,0
cluster,critical_holdout,4,0.38095238095238093,0.4625645602906444,21
cluster,critical_holdout,5,1.0,0.507740287930706,6
cluster,critical_holdout,6,,0.6500000000000001,0
cluster,critical_holdout,7,,0.75,0
cluster,critical_holdout,8,,0.8500000000000001,0
cluster,critical_holdout,9,,0.95,0
cluster,critical_holdout,0,,0.05,0
cluster,critical_holdout,1,,0.15000000000000002,0
cluster,critical_holdout,2,,0.25,0
cluster,critical_holdout,3,,0.35000000000000003,0
cluster,critical_holdout,4,,0.45,0
cluster,critical_holdout,5,0.0,0.5800934294605955,5
cluster,critical_holdout,6,0.5789473684210527,0.6539335734511224,19
cluster,critical_holdout,7,1.0,0.7056124479701952,3
cluster,critical_holdout,8,,0.8500000000000001,0
cluster,critical_holdout,9,,0.95,0
cluster,critical_holdout,0,,0.05,0
cluster,critical_holdout,1,,0.15000000000000002,0
cluster,critical_holdout,2,,0.25,0
cluster,critical_holdout,3,,0.35000000000000003,0
cluster,critical_holdout,4,,0.45,0
cluster,critical_holdout,5,0.0,0.5802809396350078,6
cluster,critical_holdout,6,0.65,0.6552404871169422,20
cluster,critical_holdout,7,1.0,0.7020702152141316,1
cluster,critical_holdout,8,,0.8500000000000001,0
cluster,critical_holdout,9,,0.95,0
cluster,critical_holdout,0,,0.05,0
cluster,critical_holdout,1,,0.15000000000000002,0
cluster,critical_holdout,2,,0.25,0
cluster,critical_holdout,3,,0.35000000000000003,0
cluster,critical_holdout,4,,0.45,0
cluster,critical_holdout,5,0.0,0.5606252955316168,13
cluster,critical_holdout,6,1.0,0.6277419977104427,14
cluster,critical_holdout,7,,0.75,0
cluster,critical_holdout,8,,0.8500000000000001,0
cluster,critical_holdout,9,,0.95,0
cluster,critical_holdout,0,,0.05,0
cluster,critical_holdout,1,,0.15000000000000002,0
cluster,critical_holdout,2,,0.25,0
cluster,critical_holdout,3,,0.35000000000000003,0
cluster,critical_holdout,4,,0.45,0
cluster,critical_holdout,5,0.0,0.5942267461895693,1
cluster,critical_holdout,6,0.14285714285714285,0.6525478114046915,14
cluster,critical_holdout,7,1.0,0.7304214925547434,12
cluster,critical_holdout,8,,0.8500000000000001,0
cluster,critical_holdout,9,,0.95,0
cluster,critical_holdout,0,,0.05,0
cluster,critical_holdout,1,,0.15000000000000002,0
cluster,critical_holdout,2,,0.25,0
cluster,critical_holdout,3,,0.35000000000000003,0
cluster,critical_holdout,4,,0.45,0
cluster,critical_holdout,5,0.0,0.587263183358479,3
cluster,critical_holdout,6,0.5,0.6544260293010058,20
cluster,critical_holdout,7,1.0,0.7073429563394731,4
cluster,critical_holdout,8,,0.8500000000000001,0
cluster,critical_holdout,9,,0.95,0
cluster,critical_holdout,0,,0.05,0
cluster,critical_holdout,1,,0.15000000000000002,0
cluster,critical_holdout,2,,0.25,0
cluster,critical_holdout,3,,0.35000000000000003,0
cluster,critical_holdout,4,,0.45,0
cluster,critical_holdout,5,0.0,0.5894346070881045,4
cluster,critical_holdout,6,0.5263157894736842,0.6558844264111253,19
cluster,critical_holdout,7,1.0,0.7063228870238745,4
cluster,critical_holdout,8,,0.8500000000000001,0
cluster,critical_holdout,9,,0.95,0
cluster,critical_holdout,0,,0.05,0
cluster,critical_holdout,1,,0.15000000000000002,0
cluster,critical_holdout,2,,0.25,0
cluster,critical_holdout,3,,0.35000000000000003,0
cluster,critical_holdout,4,,0.45,0
cluster,critical_holdout,5,0.0,0.584642848177601,5
cluster,critical_holdout,6,0.6363636363636364,0.6524305568319907,22
cluster,critical_holdout,7,,0.75,0
cluster,critical_holdout,8,,0.8500000000000001,0
cluster,critical_holdout,9,,0.95,0
cluster,critical_holdout,0,,0.05,0
cluster,critical_holdout,1,,0.15000000000000002,0
cluster,critical_holdout,2,,0.25,0
cluster,critical_holdout,3,,0.35000000000000003,0
cluster,critical_holdout,4,,0.45,0
cluster,critical_holdout,5,0.0,0.5788880787133082,8
cluster,critical_holdout,6,0.7368421052631579,0.6369246332443756,19
cluster,critical_holdout,7,,0.75,0
cluster,critical_holdout,8,,0.8500000000000001,0
cluster,critical_holdout,9,,0.95,0
cluster,critical_holdout,0,,0.05,0
cluster,critical_holdout,1,,0.15000000000000002,0
cluster,critical_holdout,2,,0.25,0
cluster,critical_holdout,3,,0.35000000000000003,0
cluster,critical_holdout,4,,0.45,0
cluster,critical_holdout,5,0.0,0.5813052917995493,5
cluster,critical_holdout,6,0.5294117647058824,0.6546254268181744,17
cluster,critical_holdout,7,1.0,0.7108750355862717,5
cluster,critical_holdout,8,,0.8500000000000001,0
cluster,critical_holdout,9,,0.95,0
cluster,critical_holdout,0,,0.05,0
cluster,critical_holdout,1,,0.15000000000000002,0
cluster,critical_holdout,2,,0.25,0
cluster,critical_holdout,3,,0.35000000000000003,0
cluster,critical_holdout,4,,0.45,0
cluster,critical_holdout,5,,0.55,0
cluster,critical_holdout,6,0.5,0.6579648977215994,26
cluster,critical_holdout,7,1.0,0.7019364604601901,1
cluster,critical_holdout,8,,0.8500000000000001,0
cluster,critical_holdout,9,,0.95,0
