family,split_type,split_seed,optimizer_seed,accuracy,balanced_accuracy,f1,roc_auc,cross_entropy,brier_score,ece,fixed_threshold_ba,validation_selected_threshold,validation_selected_test_ba,threshold_shift,recalibrated_ba,mean_score_class_0,mean_score_class_1,score_separation,optimizer_success,scipy_optimizer_success,optimizer_message,termination_reason,n_function_evaluations,maxiter_budget,convergence_status,initial_train_loss,best_train_loss,final_train_loss,validation_loss,loss_improvement,last_10_eval_improvement,evaluation_limit_reached,convergence_plateau_detected,training_time
tfim,iid,11,100,0.9545454545454546,0.9545454545454546,0.9565217391304348,1.0,0.44880941505319694,0.13621961693419263,0.30709672668139576,0.9545454545454546,0.5,0.9545454545454546,0.0,0.9090909090909092,0.28204193115443416,0.5751948325609927,0.29315290140655853,False,False,Return from COBYLA because the objective function has been evaluated MAXFUN times.,Return from COBYLA because the objective function has been evaluated MAXFUN times.,300,300,budget_exhausted_uncertain,0.6584325496230772,0.48405123086101615,0.48405123086101615,0.489041442791455,0.17438131876206103,0.0005374268652891812,True,False,41.1080163000006
tfim,iid,11,200,0.9545454545454546,0.9545454545454546,0.9565217391304348,1.0,0.3990019560254359,0.11405874034814883,0.27014629555372677,0.9545454545454546,0.53,0.9545454545454546,0.030000000000000027,0.9545454545454546,0.2793185877156725,0.6373572091821995,0.35803862146652704,False,False,Return from COBYLA because the objective function has been evaluated MAXFUN times.,Return from COBYLA because the objective function has been evaluated MAXFUN times.,600,600,budget_exhausted_uncertain,0.7816030788627963,0.44213301492297635,0.44213301492297635,0.4428586195045596,0.33947006393982,0.0005759975533221051,True,False,101.42348880000645
tfim,iid,11,300,0.9545454545454546,0.9545454545454546,0.9565217391304348,1.0,0.40094856893727626,0.11546995546372273,0.27065937337306645,0.9545454545454546,0.53,0.9545454545454546,0.030000000000000027,0.9545454545454546,0.2758715024787819,0.6325108654589243,0.3566393629801424,False,False,Return from COBYLA because the objective function has been evaluated MAXFUN times.,Return from COBYLA because the objective function has been evaluated MAXFUN times.,300,300,budget_exhausted_uncertain,0.708880634145337,0.44505575224647065,0.44505575224647065,0.445805497880228,0.2638248818988663,0.0008410084192729261,True,False,40.72850820000167
tfim,iid,11,400,0.9545454545454546,0.9545454545454546,0.9565217391304348,1.0,0.39842875393307525,0.11432441985498096,0.26952650562476127,0.9545454545454546,0.53,0.9545454545454546,0.030000000000000027,0.9545454545454546,0.2724049759709596,0.6321669851742239,0.3597620092032643,False,False,Return from COBYLA because the objective function has been evaluated MAXFUN times.,Return from COBYLA because the objective function has been evaluated MAXFUN times.,300,300,budget_exhausted_uncertain,0.7380260850399877,0.4416487367992726,0.4417662090926716,0.4425065417623765,0.29625987594731606,0.0004672167078252909,True,False,41.087306200002786
tfim,iid,11,500,0.9545454545454546,0.9545454545454546,0.9565217391304348,1.0,0.37428977280810893,0.10243719162236492,0.3047633294658749,0.9545454545454546,0.54,0.9545454545454546,0.040000000000000036,0.9545454545454546,0.28775025930332687,0.6782236003715773,0.3904733410682504,False,False,Return from COBYLA because the objective function has been evaluated MAXFUN times.,Return from COBYLA because the objective function has been evaluated MAXFUN times.,900,900,budget_exhausted_uncertain,0.6780396683649245,0.41805340765082066,0.41805340765082066,0.41527078030673276,0.2599862607141038,0.00021913840757942227,True,False,139.82330869999714
tfim,iid,23,100,1.0,1.0,1.0,1.0,0.43538970544151767,0.1262651614057193,0.3503632116054352,1.0,0.52,1.0,0.020000000000000018,0.9545454545454546,0.3538026080400339,0.6530761848291635,0.29927357678912964,False,False,Return from COBYLA because the objective function has been evaluated MAXFUN times.,Return from COBYLA because the objective function has been evaluated MAXFUN times.,600,600,budget_exhausted_uncertain,0.6571647221385937,0.4373821426656303,0.4373821426656303,0.43647973886044056,0.21978257947296337,0.0004173865674311217,True,False,102.83800730000075
tfim,iid,23,200,1.0,1.0,1.0,1.0,0.41152075197361954,0.11557460862215004,0.33478398172787166,1.0,0.51,1.0,0.010000000000000009,0.9545454545454546,0.3390362486644255,0.6694682852086821,0.33043203654425657,False,False,Return from COBYLA because the objective function has been evaluated MAXFUN times.,Return from COBYLA because the objective function has been evaluated MAXFUN times.,900,900,budget_exhausted_uncertain,0.785070055094599,0.41770915779294454,0.41770915779294454,0.41640066838544354,0.3673608973016545,0.0005900581028817631,True,False,139.2875076999917
tfim,iid,23,300,1.0,1.0,1.0,1.0,0.43667147840650133,0.1270639948094552,0.35086789378738414,1.0,0.52,1.0,0.020000000000000018,0.9545454545454546,0.35408181636903135,0.6523460287942631,0.2982642124252317,False,False,Return from COBYLA because the objective function has been evaluated MAXFUN times.,Return from COBYLA because the objective function has been evaluated MAXFUN times.,600,600,budget_exhausted_uncertain,0.7095671022538601,0.4376623072602773,0.4376711124224426,0.4368482784322587,0.2718959898314175,0.00033850361450943334,True,False,102.2776051999972
tfim,iid,23,400,1.0,1.0,1.0,1.0,0.44692350595382935,0.13190816089655588,0.35744809855191567,1.0,0.51,1.0,0.010000000000000009,0.9090909090909092,0.34327919876087426,0.628383001657043,0.2851038028961687,False,False,Return from COBYLA because the objective function has been evaluated MAXFUN times.,Return from COBYLA because the objective function has been evaluated MAXFUN times.,300,300,budget_exhausted_uncertain,0.7395559435398964,0.4456531252941801,0.44606134719673585,0.4463394222827978,0.29349459634316055,-0.00019817968348728732,True,False,60.10583030000271
tfim,iid,23,500,1.0,1.0,1.0,1.0,0.4387427548740106,0.12791812353557772,0.35200496044099416,1.0,0.53,1.0,0.030000000000000027,0.9545454545454546,0.37291583234217884,0.6689059114601904,0.29599007911801156,False,False,Return from COBYLA because the objective function has been evaluated MAXFUN times.,Return from COBYLA because the objective function has been evaluated MAXFUN times.,300,300,budget_exhausted_uncertain,0.6772506463590994,0.43948872900760816,0.4395346195820736,0.4374564964128284,0.23771602677702575,0.0004003186605614495,True,False,61.04639329999918
tfim,iid,37,100,0.8636363636363636,0.8636363636363636,0.88,1.0,0.48974156551850734,0.15227117126958528,0.30746097162605956,0.8636363636363636,0.5,0.8636363636363636,0.0,0.7727272727272727,0.39181619976776233,0.6291125017382457,0.2372963019704834,False,False,Return from COBYLA because the objective function has been evaluated MAXFUN times.,Return from COBYLA because the objective function has been evaluated MAXFUN times.,600,600,budget_exhausted_uncertain,0.656850476086164,0.44670569977054997,0.44670569977054997,0.432825507657014,0.210144776315614,0.00043809156510754566,True,False,97.77372060000198
tfim,iid,37,200,0.8636363636363636,0.8636363636363636,0.88,1.0,0.45703957243190846,0.13799525571782004,0.35901827036209977,0.8636363636363636,0.5,0.8636363636363636,0.0,0.8181818181818181,0.38081679037774613,0.6627802496535465,0.2819634592758004,False,False,Return from COBYLA because the objective function has been evaluated MAXFUN times.,Return from COBYLA because the objective function has been evaluated MAXFUN times.,900,900,budget_exhausted_uncertain,0.7862987906789285,0.40850983979314076,0.40854077360145996,0.39319338626660705,0.37775801707746853,0.00039157394019095904,True,False,98.48057139999582
tfim,iid,37,300,0.8636363636363636,0.8636363636363636,0.88,1.0,0.46666826946255013,0.1423438844997425,0.3652526808937907,0.8636363636363636,0.5,0.8636363636363636,0.0,0.7727272727272727,0.38274521388652916,0.6522398520989477,0.2694946382124186,False,False,Return from COBYLA because the objective function has been evaluated MAXFUN times.,Return from COBYLA because the objective function has been evaluated MAXFUN times.,600,600,budget_exhausted_uncertain,0.7097409797368057,0.41888651587709497,0.41891397160347954,0.40248478526516607,0.2908270081333262,0.00020145374443175657,True,False,67.59422199999972
tfim,iid,37,400,0.8636363636363636,0.8636363636363636,0.88,1.0,0.4614594978917173,0.14005671559568242,0.3623368856705985,0.8636363636363636,0.5,0.8636363636363636,0.0,0.7727272727272727,0.37101390975031273,0.6463401384091156,0.2753262286588029,False,False,Return from COBYLA because the objective function has been evaluated MAXFUN times.,Return from COBYLA because the objective function has been evaluated MAXFUN times.,600,600,budget_exhausted_uncertain,0.739757593416342,0.4135982255831021,0.4135982255831021,0.3991464689264542,0.32615936783323984,0.0005806882730898244,True,False,67.89151909999782
tfim,iid,37,500,0.8636363636363636,0.8636363636363636,0.88,1.0,0.4836582753070712,0.1496254906543685,0.26404237687420756,0.8636363636363636,0.5,0.8636363636363636,0.0,0.7727272727272727,0.3770584163335304,0.6213513032150317,0.24429288688150136,False,False,Return from COBYLA because the objective function has been evaluated MAXFUN times.,Return from COBYLA because the objective function has been evaluated MAXFUN times.,300,300,budget_exhausted_uncertain,0.6769186524031806,0.44001156109400386,0.44041793254220013,0.4297487462817801,0.23650071986098048,0.0002450706777570866,True,False,36.46435169999313
tfim,iid,51,100,0.9545454545454546,0.9545454545454546,0.9565217391304348,1.0,0.4641459083946737,0.14078503080964297,0.3181652900169424,0.9545454545454546,0.52,0.9545454545454546,0.020000000000000018,0.8181818181818181,0.3459566901449921,0.613939784606927,0.2679830944619349,False,False,Return from COBYLA because the objective function has been evaluated MAXFUN times.,Return from COBYLA because the objective function has been evaluated MAXFUN times.,600,600,budget_exhausted_uncertain,0.6577183905896212,0.45686996434204896,0.45686996434204896,0.4452343488958287,0.20084842624757226,0.00018144866029501383,True,False,66.93885710000177
tfim,iid,51,200,0.9545454545454546,0.9545454545454546,0.9565217391304348,1.0,0.45213270693043284,0.13674566902025784,0.30872028740727836,0.9545454545454546,0.52,0.9545454545454546,0.020000000000000018,0.7727272727272727,0.32461852040646727,0.6113852565532748,0.28676673614680753,False,False,Return from COBYLA because the objective function has been evaluated MAXFUN times.,Return from COBYLA because the objective function has been evaluated MAXFUN times.,300,300,budget_exhausted_uncertain,0.7826159466498825,0.44443269076896547,0.44443269076896547,0.4285767179518458,0.3381832558809171,0.0004245362378041406,True,False,30.552237999989302
tfim,iid,51,300,0.9090909090909091,0.9090909090909092,0.9166666666666666,1.0,0.4416583063948028,0.1316578465950009,0.31226429984804494,0.9090909090909092,0.56,0.9545454545454546,0.06000000000000005,0.8181818181818181,0.347374896800257,0.6487330823238717,0.3013581855236147,False,False,Return from COBYLA because the objective function has been evaluated MAXFUN times.,Return from COBYLA because the objective function has been evaluated MAXFUN times.,600,600,budget_exhausted_uncertain,0.7090921333395941,0.4333654943046699,0.4333654943046699,0.41287372821264257,0.27572663903492417,0.0007296339156727671,True,False,61.93070139999327
tfim,iid,51,400,0.9090909090909091,0.9090909090909092,0.9166666666666666,1.0,0.45973487379906997,0.1404754447059692,0.2830860655221297,0.9090909090909092,0.54,0.9545454545454546,0.040000000000000036,0.7727272727272727,0.33339322279125116,0.6116487600387266,0.2782555372474754,False,False,Return from COBYLA because the objective function has been evaluated MAXFUN times.,Return from COBYLA because the objective function has been evaluated MAXFUN times.,300,300,budget_exhausted_uncertain,0.7383507258984481,0.45226107434644336,0.45241555421958113,0.43119013472445433,0.28593517167886695,-2.5023533405221787e-05,True,False,30.61045720000402
tfim,iid,51,500,0.9090909090909091,0.9090909090909092,0.9166666666666666,1.0,0.45207390270787634,0.1364491447772567,0.28010270816626814,0.9090909090909092,0.54,0.9545454545454546,0.040000000000000036,0.7727272727272727,0.33923587235286695,0.6262467503676101,0.2870108780147432,False,False,Return from COBYLA because the objective function has been evaluated MAXFUN times.,Return from COBYLA because the objective function has been evaluated MAXFUN times.,300,300,budget_exhausted_uncertain,0.6778080194351724,0.44437058878339564,0.4443891612041073,0.4248494971256721,0.23341885823106512,0.0005755696718879322,True,False,30.970930199997383
tfim,iid,71,100,0.9090909090909091,0.9090909090909092,0.9166666666666666,1.0,0.47215611225425574,0.1445707417625628,0.2937548533833938,0.9090909090909092,0.53,0.9545454545454546,0.030000000000000027,0.8181818181818181,0.3557263256185456,0.6141285241615143,0.2584021985429687,False,False,Return from COBYLA because the objective function has been evaluated MAXFUN times.,Return from COBYLA because the objective function has been evaluated MAXFUN times.,300,300,budget_exhausted_uncertain,0.6576168507789958,0.46597949364763586,0.4665390946575756,0.45358913502179843,0.1910777561214202,-9.545714422720675e-05,True,False,30.45754790000501
tfim,iid,71,200,0.9090909090909091,0.9090909090909092,0.9166666666666666,1.0,0.4321482241680999,0.12754320572770142,0.3053144280185516,0.9090909090909092,0.55,1.0,0.050000000000000044,0.8181818181818181,0.33854621360759457,0.6519193971978772,0.3133731835902826,False,False,Return from COBYLA because the objective function has been evaluated MAXFUN times.,Return from COBYLA because the objective function has been evaluated MAXFUN times.,600,600,budget_exhausted_uncertain,0.7835279339404493,0.42458457196802774,0.42460678691764875,0.4094483559157715,0.35892114702280054,9.759374463813586e-05,True,False,60.83257149999554
tfim,iid,71,300,0.9090909090909091,0.9090909090909092,0.9166666666666666,1.0,0.46349015425399204,0.1427960714451525,0.28503536890232717,0.9090909090909092,0.53,0.9545454545454546,0.030000000000000027,0.8181818181818181,0.3280743496311358,0.6025546853685322,0.2744803357373964,False,False,Return from COBYLA because the objective function has been evaluated MAXFUN times.,Return from COBYLA because the objective function has been evaluated MAXFUN times.,300,300,budget_exhausted_uncertain,0.7092685405594107,0.4554863869529787,0.4554863869529787,0.44057126423327536,0.25378215360643197,0.0011126613063721646,True,False,30.570826700000907
tfim,iid,71,400,0.9090909090909091,0.9090909090909092,0.9166666666666666,1.0,0.46979067725979856,0.14533335980904438,0.2899034769461479,0.9090909090909092,0.54,1.0,0.040000000000000036,0.8181818181818181,0.3377183982218741,0.6037168815661613,0.2659984833442872,False,False,Return from COBYLA because the objective function has been evaluated MAXFUN times.,Return from COBYLA because the objective function has been evaluated MAXFUN times.,300,300,budget_exhausted_uncertain,0.7388140572927369,0.46166915967401984,0.46166915967401984,0.4460537107118762,0.277144897618717,0.0011563898585701393,True,False,30.607267100000172
tfim,iid,71,500,0.9090909090909091,0.9090909090909092,0.9166666666666666,1.0,0.4520687650957758,0.1367504134874991,0.317825964995855,0.9090909090909092,0.55,0.9545454545454546,0.050000000000000044,0.8181818181818181,0.3485470953965807,0.6370778743804517,0.28853077898387103,False,False,Return from COBYLA because the objective function has been evaluated MAXFUN times.,Return from COBYLA because the objective function has been evaluated MAXFUN times.,300,300,budget_exhausted_uncertain,0.677580576485694,0.44387993279208265,0.44437529314605656,0.42651475058896987,0.23320528333963747,0.00023248665245745315,True,False,30.82350650000444
tfim,iid,89,100,0.9090909090909091,0.9090909090909092,0.9166666666666666,1.0,0.5123073022975363,0.1627536029927831,0.30303293015518395,0.9090909090909092,0.5,0.9090909090909092,0.0,0.7727272727272727,0.368802512851364,0.5758181166005792,0.20701560374921524,False,False,Return from COBYLA because the objective function has been evaluated MAXFUN times.,Return from COBYLA because the objective function has been evaluated MAXFUN times.,300,300,budget_exhausted_uncertain,0.6563437504485562,0.48012407347915537,0.48012407347915537,0.4839595076041901,0.17621967696940083,0.0002457212252710006,True,False,30.85054709999531
tfim,iid,89,200,0.8636363636363636,0.8636363636363636,0.88,1.0,0.4722887918795436,0.1441890612888389,0.33358365543775637,0.8636363636363636,0.5,0.8636363636363636,0.0,0.8636363636363636,0.38298066299940037,0.642535251486231,0.25955458848683066,False,False,Return from COBYLA because the objective function has been evaluated MAXFUN times.,Return from COBYLA because the objective function has been evaluated MAXFUN times.,600,600,budget_exhausted_uncertain,0.7875703741655187,0.4340603386330954,0.4340603386330954,0.43240860941724324,0.3535100355324233,0.0002937031302290838,True,False,59.97205149999354
tfim,iid,89,300,0.8636363636363636,0.8636363636363636,0.88,1.0,0.46666667059111133,0.14193850033452882,0.3650290486930314,0.8636363636363636,0.51,0.8636363636363636,0.010000000000000009,0.8636363636363636,0.3941698297646351,0.6641117323785724,0.26994190261393725,True,False,Return from COBYLA because the objective function has been evaluated MAXFUN times.,Return from COBYLA because the objective function has been evaluated MAXFUN times.,600,600,plateau_converged,0.7100321608792303,0.4266174453885695,0.4266174453885695,0.4219507751184012,0.2834147154906608,6.72085475056372e-05,True,True,59.88939669998945
tfim,iid,89,400,0.9090909090909091,0.9090909090909092,0.9166666666666666,1.0,0.4706931032058377,0.1437743245190237,0.3314391843835164,0.9090909090909092,0.5,0.9090909090909092,0.0,0.8636363636363636,0.36481483232893325,0.6260682677628303,0.26125343543389706,False,False,Return from COBYLA because the objective function has been evaluated MAXFUN times.,Return from COBYLA because the objective function has been evaluated MAXFUN times.,300,300,budget_exhausted_uncertain,0.740537468302052,0.4325267094296885,0.4328424142997491,0.43221149481404003,0.3076950540023029,3.368283897298152e-05,True,False,30.446218800003408
tfim,iid,89,500,0.8636363636363636,0.8636363636363636,0.88,1.0,0.46432800104878835,0.14101801224453225,0.36283136252700815,0.8636363636363636,0.52,0.8636363636363636,0.020000000000000018,0.8636363636363636,0.4047734614368094,0.6791107363827931,0.27433727494598364,False,False,Return from COBYLA because the objective function has been evaluated MAXFUN times.,Return from COBYLA because the objective function has been evaluated MAXFUN times.,300,300,budget_exhausted_uncertain,0.6766761410900112,0.42279666656656806,0.4229518398504617,0.41867948250226916,0.2537243012395495,0.0009379017036708626,True,False,30.136184700008016
tfim,iid,101,100,0.8636363636363636,0.8636363636363636,0.88,1.0,0.49764864499434014,0.1556618644635234,0.313248094332835,0.8636363636363636,0.54,0.9090909090909092,0.040000000000000036,0.8181818181818181,0.3996541496896203,0.6256533771995639,0.2259992275099436,False,False,Return from COBYLA because the objective function has been evaluated MAXFUN times.,Return from COBYLA because the objective function has been evaluated MAXFUN times.,600,600,budget_exhausted_uncertain,0.6554482713715223,0.4459632971113836,0.4459632971113836,0.45754096481030887,0.20948497426013868,0.0006511005104653522,True,False,60.50907579998602
tfim,iid,101,200,0.8636363636363636,0.8636363636363636,0.88,1.0,0.4838501979973262,0.15003423819041078,0.3764678079609696,0.8636363636363636,0.56,0.9090909090909092,0.06000000000000005,0.8181818181818181,0.40082291120560015,0.647887295283661,0.2470643840780608,False,False,Return from COBYLA because the objective function has been evaluated MAXFUN times.,Return from COBYLA because the objective function has been evaluated MAXFUN times.,600,600,budget_exhausted_uncertain,0.7886866517588564,0.4231412311418713,0.4231412311418713,0.43618581597574346,0.36554542061698514,0.0003555437385053817,True,False,60.74172819999512
tfim,iid,101,300,0.8636363636363636,0.8636363636363636,0.88,1.0,0.47750208931632,0.14718447762411294,0.37205377769847825,0.8636363636363636,0.56,0.9090909090909092,0.06000000000000005,0.8636363636363636,0.3999769955420454,0.655869440145089,0.25589244460304356,True,False,Return from COBYLA because the objective function has been evaluated MAXFUN times.,Return from COBYLA because the objective function has been evaluated MAXFUN times.,600,600,plateau_converged,0.7102486319792268,0.41681084743484903,0.4168452606363595,0.429867526091121,0.2934033713428673,6.186142039177334e-05,True,True,60.6955772999936
tfim,iid,101,400,0.9090909090909091,0.9090909090909092,0.9166666666666666,1.0,0.48580355667242736,0.15082767192177216,0.30486109675768236,0.9090909090909092,0.53,0.9090909090909092,0.030000000000000027,0.8181818181818181,0.38239821543196073,0.624619422565335,0.24222120713337425,False,False,Return from COBYLA because the objective function has been evaluated MAXFUN times.,Return from COBYLA because the objective function has been evaluated MAXFUN times.,300,300,budget_exhausted_uncertain,0.7408397749591245,0.42859807101621517,0.4287971117263058,0.44217368872117385,0.31204266323281865,0.0005374466087798013,True,False,29.564408199992613
tfim,iid,101,500,0.8636363636363636,0.8636363636363636,0.88,1.0,0.5023105490820446,0.15842334320790427,0.38802888850416745,0.8636363636363636,0.56,0.9090909090909092,0.06000000000000005,0.7727272727272727,0.4140428708402036,0.6379850938318686,0.22394222299166505,False,False,Return from COBYLA because the objective function has been evaluated MAXFUN times.,Return from COBYLA because the objective function has been evaluated MAXFUN times.,300,300,budget_exhausted_uncertain,0.6764707627269135,0.44259446695234184,0.44259446695234184,0.45558568876786415,0.2338762957745717,0.00037650654190701793,True,False,29.607185800006846
tfim,iid,131,100,0.9090909090909091,0.9090909090909092,0.9166666666666666,1.0,0.44154954008926245,0.13128254395660585,0.2765181732477501,0.9090909090909092,0.53,0.9545454545454546,0.030000000000000027,0.8636363636363636,0.3193335474125388,0.6184884550466015,0.29915490763406277,False,False,Return from COBYLA because the objective function has been evaluated MAXFUN times.,Return from COBYLA because the objective function has been evaluated MAXFUN times.,300,300,budget_exhausted_uncertain,0.657715153742267,0.46265735432751537,0.46340254125425306,0.4734873302032525,0.1943126124880139,0.0001832626136493709,True,False,29.76689240000269
tfim,iid,131,200,0.9090909090909091,0.9090909090909092,0.9166666666666666,1.0,0.4029074935869016,0.1154804825458116,0.322569221683334,0.9090909090909092,0.56,0.9545454545454546,0.06000000000000005,0.8636363636363636,0.3104565817855434,0.6653181384188754,0.354861556633332,False,False,Return from COBYLA because the objective function has been evaluated MAXFUN times.,Return from COBYLA because the objective function has been evaluated MAXFUN times.,600,600,budget_exhausted_uncertain,0.7828182054794766,0.4287581992347457,0.4287581992347457,0.4390315701875614,0.3540600062447309,0.0006913444830027315,True,False,60.29196899999806
tfim,iid,131,300,0.9090909090909091,0.9090909090909092,0.9166666666666666,1.0,0.4052163157337752,0.11637230185624192,0.3242566092909482,0.9090909090909092,0.56,0.9545454545454546,0.06000000000000005,0.8636363636363636,0.311035288579416,0.6625220699975196,0.35148678141810363,False,False,Return from COBYLA because the objective function has been evaluated MAXFUN times.,Return from COBYLA because the objective function has been evaluated MAXFUN times.,600,600,budget_exhausted_uncertain,0.7091131469517773,0.43054936832978613,0.43054998763610536,0.4408232192320205,0.27856315931567194,0.00038840330336714635,True,False,60.29102469999634
tfim,iid,131,400,0.9545454545454546,0.9545454545454546,0.9565217391304348,1.0,0.41342688397423083,0.12172993774740162,0.2805278328994656,0.9545454545454546,0.52,0.9545454545454546,0.020000000000000018,0.8636363636363636,0.2770115419609885,0.6190616710261121,0.3420501290651236,False,False,Return from COBYLA because the objective function has been evaluated MAXFUN times.,Return from COBYLA because the objective function has been evaluated MAXFUN times.,300,300,budget_exhausted_uncertain,0.7384263029083113,0.43812359402816986,0.43812359402816986,0.4509919077515446,0.3003027088801415,0.001000050188382784,True,False,29.18671439999889
tfim,iid,131,500,0.9090909090909091,0.9090909090909092,0.9166666666666666,1.0,0.41379516087720825,0.1197327490195402,0.3301891614872591,0.9090909090909092,0.5700000000000001,0.9545454545454546,0.07000000000000006,0.8636363636363636,0.3245988013120265,0.6642204783375084,0.3396216770254819,False,False,Return from COBYLA because the objective function has been evaluated MAXFUN times.,Return from COBYLA because the objective function has been evaluated MAXFUN times.,300,300,budget_exhausted_uncertain,0.6777936446271046,0.4400151907785666,0.4400151907785666,0.4498013249420944,0.23777845384853796,0.00019012524796258035,True,False,29.04115780000575
tfim,iid,151,100,1.0,1.0,1.0,1.0,0.4647799219725609,0.1425646530352291,0.3650759490907367,1.0,0.53,1.0,0.030000000000000027,0.8636363636363636,0.3120375287197424,0.5818856305382689,0.26984810181852653,False,False,Return from COBYLA because the objective function has been evaluated MAXFUN times.,Return from COBYLA because the objective function has been evaluated MAXFUN times.,300,300,budget_exhausted_uncertain,0.6567737197105477,0.47692729061184974,0.47692729061184974,0.5041986019890945,0.1798464290986979,0.00022524863978240495,True,False,29.095492000007653
tfim,iid,151,200,0.9545454545454546,0.9545454545454546,0.9565217391304348,1.0,0.4342840208078828,0.13011205142053495,0.2973464621926371,0.9545454545454546,0.56,1.0,0.06000000000000005,0.8636363636363636,0.30306020627736013,0.6148559583847528,0.3117957521073927,False,False,Return from COBYLA because the objective function has been evaluated MAXFUN times.,Return from COBYLA because the objective function has been evaluated MAXFUN times.,300,300,budget_exhausted_uncertain,0.785320457670195,0.4485713830503176,0.44859672049271193,0.4798167399107036,0.33672373717748305,0.0006188857248294322,True,False,29.41568060001009
tfim,iid,151,300,0.9090909090909091,0.9090909090909092,0.9166666666666666,1.0,0.4183378867299297,0.1219664939287123,0.3335406030131042,0.9090909090909092,0.6,1.0,0.09999999999999998,0.8636363636363636,0.3351287049698673,0.668047498943659,0.3329187939737917,False,False,Return from COBYLA because the objective function has been evaluated MAXFUN times.,Return from COBYLA because the objective function has been evaluated MAXFUN times.,600,600,budget_exhausted_uncertain,0.7096138043850285,0.4333553068955908,0.4333553068955908,0.4631078247410793,0.2762584974894377,0.0007153622982227215,True,False,60.955169500011834
tfim,iid,151,400,0.9090909090909091,0.9090909090909092,0.9166666666666666,1.0,0.393300874468188,0.1107286195219575,0.3173949893425394,0.9090909090909092,0.6,1.0,0.09999999999999998,0.9090909090909092,0.3230316207864605,0.6882416421013816,0.3652100213149211,False,False,Return from COBYLA because the objective function has been evaluated MAXFUN times.,Return from COBYLA because the objective function has been evaluated MAXFUN times.,900,900,budget_exhausted_uncertain,0.7395679785465143,0.4091881632426662,0.4092003236261106,0.43732900691192506,0.33036765492040376,0.0002039011797758672,True,False,92.74921870000253
tfim,iid,151,500,0.9090909090909091,0.9090909090909092,0.9166666666666666,1.0,0.40681808315798373,0.11684647304108639,0.3260776631089988,0.9090909090909092,0.6,1.0,0.09999999999999998,0.8636363636363636,0.3307411333654911,0.6785858071474934,0.3478446737820023,False,False,Return from COBYLA because the objective function has been evaluated MAXFUN times.,Return from COBYLA because the objective function has been evaluated MAXFUN times.,600,600,budget_exhausted_uncertain,0.6772402469894453,0.42287808201822513,0.42287808201822513,0.45244507269732864,0.25436216497122016,0.0006273087114098685,True,False,61.85572160000447
tfim,iid,181,100,0.9090909090909091,0.9090909090909092,0.9166666666666666,1.0,0.5249560756834978,0.17008530787855894,0.30968597346713433,0.9090909090909092,0.51,0.9545454545454546,0.010000000000000009,0.7272727272727273,0.3685642024872775,0.5636697457402587,0.19510554325298124,False,False,Return from COBYLA because the objective function has been evaluated MAXFUN times.,Return from COBYLA because the objective function has been evaluated MAXFUN times.,300,300,budget_exhausted_uncertain,0.6564910374650011,0.48106816955117804,0.48106816955117804,0.46682951841073794,0.1754228679138231,0.000553855918685231,True,False,31.444228200009093
tfim,iid,181,200,0.9090909090909091,0.9090909090909092,0.9166666666666666,1.0,0.49803966214540973,0.15836758193436998,0.28762597776731225,0.9090909090909092,0.53,0.9545454545454546,0.030000000000000027,0.7727272727272727,0.36533030538561756,0.5958591687398601,0.23052886335424255,False,False,Return from COBYLA because the objective function has been evaluated MAXFUN times.,Return from COBYLA because the objective function has been evaluated MAXFUN times.,300,300,budget_exhausted_uncertain,0.7858966235407684,0.4463871428122786,0.4463871428122786,0.4278470380502712,0.3395094807284898,0.0012355794525700792,True,False,31.532170199992834
tfim,iid,181,300,0.8636363636363636,0.8636363636363636,0.88,1.0,0.48015258485528844,0.1495292057717359,0.33556533125422894,0.8636363636363636,0.5800000000000001,0.9545454545454546,0.08000000000000007,0.7727272727272727,0.39933510182529647,0.6551888817308676,0.2558537799055712,False,False,Return from COBYLA because the objective function has been evaluated MAXFUN times.,Return from COBYLA because the objective function has been evaluated MAXFUN times.,600,600,budget_exhausted_uncertain,0.7097179044202011,0.4227530663351882,0.42275836727459887,0.39905747148579235,0.28695953714560224,8.885479486053782e-05,True,False,63.33122050001111
tfim,iid,181,400,0.9090909090909091,0.9090909090909092,0.9166666666666666,1.0,0.4713094488844177,0.14564968940134373,0.2932388219602422,0.9090909090909092,0.5700000000000001,0.9545454545454546,0.07000000000000006,0.7727272727272727,0.3879478554073818,0.6545467235149895,0.26659886810760774,False,False,Return from COBYLA because the objective function has been evaluated MAXFUN times.,Return from COBYLA because the objective function has been evaluated MAXFUN times.,600,600,budget_exhausted_uncertain,0.7397008678357194,0.413342403028552,0.413342403028552,0.3904228853130712,0.3263584648071674,0.000521293570565573,True,False,61.65689779999957
tfim,iid,181,500,0.8181818181818182,0.8181818181818181,0.8461538461538461,1.0,0.4842793660892744,0.15160259832198703,0.31890420189786856,0.8181818181818181,0.59,0.9545454545454546,0.08999999999999997,0.7727272727272727,0.4112472545044726,0.6638678281545762,0.25262057365010365,False,False,Return from COBYLA because the objective function has been evaluated MAXFUN times.,Return from COBYLA because the objective function has been evaluated MAXFUN times.,600,600,budget_exhausted_uncertain,0.6770825343090588,0.42638073647462,0.42638073647462,0.40139654315488127,0.25070179783443886,0.0004708010757284997,True,False,61.942885399999795
tfim,parameter_block,11,100,0.8059701492537313,0.8194444444444444,0.7796610169491526,1.0,0.5831355474528811,0.19684190346606553,0.30717707557806817,0.8194444444444444,0.5,0.8194444444444444,0.0,0.5,0.3633812694115009,0.500319043542442,0.13693777413094116,False,False,Return from COBYLA because the objective function has been evaluated MAXFUN times.,Return from COBYLA because the objective function has been evaluated MAXFUN times.,300,300,budget_exhausted_uncertain,0.6156704798903128,0.32960663093313414,0.32960663093313414,0.5029159659331066,0.2860638489571786,0.0002358473880416101,True,False,30.674553499993635
tfim,parameter_block,11,200,0.8805970149253731,0.8709677419354839,0.9,1.0,0.5424554965360004,0.17587517025092136,0.2906654864998356,0.8709677419354839,0.5,0.8709677419354839,0.0,0.5,0.43523708168575254,0.5999685846191473,0.16473150293339472,True,False,Return from COBYLA because the objective function has been evaluated MAXFUN times.,Return from COBYLA because the objective function has been evaluated MAXFUN times.,600,600,plateau_converged,0.8920735645762496,0.28276674891157416,0.28276674891157416,0.42393173959505825,0.6093068156646755,1.5704165894248057e-05,True,True,60.86705499999516
tfim,parameter_block,11,300,0.8955223880597015,0.8870967741935484,0.9113924050632911,1.0,0.5408181467159902,0.17509036725499894,0.306227814352392,0.8870967741935484,0.5,0.8870967741935484,0.0,0.5,0.42612780799037087,0.5936270590291349,0.16749925103876406,False,False,Return from COBYLA because the objective function has been evaluated MAXFUN times.,Return from COBYLA because the objective function has been evaluated MAXFUN times.,600,600,budget_exhausted_uncertain,0.7147690494366185,0.28285924081066816,0.28285924081066816,0.4237446644277325,0.4319098086259503,0.0005568973679789258,True,False,61.44044359998952
tfim,parameter_block,11,400,0.9253731343283582,0.9193548387096775,0.935064935064935,1.0,0.5619412829990047,0.1852925470704956,0.351449861900769,0.9193548387096775,0.5,0.9193548387096775,0.0,0.5,0.4211479208113354,0.5657238249905026,0.14457590417916716,False,False,Return from COBYLA because the objective function has been evaluated MAXFUN times.,Return from COBYLA because the objective function has been evaluated MAXFUN times.,300,300,budget_exhausted_uncertain,0.7241947226652398,0.30081645232918225,0.30081645232918225,0.4578054635720987,0.4233782703360575,0.000538351234993184,True,False,30.319242500001565
tfim,parameter_block,11,500,0.835820895522388,0.8225806451612903,0.8674698795180723,1.0,0.5348225002351615,0.17278417382318118,0.3849463218772477,0.8225806451612903,0.5,0.8225806451612903,0.0,0.5,0.467190540608979,0.6407000280366484,0.17350948742766936,False,False,Return from COBYLA because the objective function has been evaluated MAXFUN times.,Return from COBYLA because the objective function has been evaluated MAXFUN times.,900,900,budget_exhausted_uncertain,0.6805479089762233,0.2739622444080615,0.2739860212413368,0.4004320575111906,0.4065618877348865,0.00012827354751182574,True,False,91.90732330000901
tfim,parameter_block,11,600,0.9552238805970149,0.9516129032258065,0.96,1.0,0.5619695326851252,0.18540531316359418,0.38248451225034075,0.9516129032258065,0.5,0.9516129032258065,0.0,0.5,0.4106181153118343,0.5568850628028965,0.14626694749106223,False,False,Return from COBYLA because the objective function has been evaluated MAXFUN times.,Return from COBYLA because the objective function has been evaluated MAXFUN times.,300,300,budget_exhausted_uncertain,0.8590674011419287,0.3003003040937763,0.3014960276205222,0.46030111330785506,0.5575713735214065,-0.0011106653405497102,True,False,30.86445389999426
tfim,parameter_block,11,700,0.9701492537313433,0.967741935483871,0.972972972972973,1.0,0.5445936955691345,0.17722135496529892,0.38743187579679617,0.967741935483871,0.5,0.967741935483871,0.0,0.5,0.39156101626201867,0.5601182908476666,0.16855727458564795,False,False,Return from COBYLA because the objective function has been evaluated MAXFUN times.,Return from COBYLA because the objective function has been evaluated MAXFUN times.,900,900,budget_exhausted_uncertain,0.7718623708403654,0.2788785105312744,0.2790193901725003,0.43677810435366277,0.492842980667865,0.0002604524168823841,True,False,93.36092759999156
tfim,parameter_block,11,800,0.9850746268656716,0.9838709677419355,0.9863013698630136,1.0,0.5687517385146714,0.1888510159583533,0.41668135893394315,0.9838709677419355,0.5,0.9838709677419355,0.0,0.5,0.4014752937506395,0.5423883119744635,0.14091301822382396,False,False,Return from COBYLA because the objective function has been evaluated MAXFUN times.,Return from COBYLA because the objective function has been evaluated MAXFUN times.,600,600,budget_exhausted_uncertain,0.6864566157833869,0.30755198822259866,0.30755198822259866,0.4727321788606967,0.37890462756078824,0.0005190639700870525,True,False,61.61847370000032
tfim,parameter_block,11,900,0.9850746268656716,0.9861111111111112,0.9859154929577465,1.0,0.5678445108983221,0.18856696004672213,0.41576758645801637,0.9861111111111112,0.5,0.9861111111111112,0.0,0.5,0.39303247681003844,0.5368301432867688,0.14379766647673037,False,False,Return from COBYLA because the objective function has been evaluated MAXFUN times.,Return from COBYLA because the objective function has been evaluated MAXFUN times.,300,300,budget_exhausted_uncertain,0.7997633073905055,0.3043804356876932,0.3043804356876932,0.47238227458062987,0.4953828717028123,0.0001499830469881558,True,False,31.10046760000114
tfim,parameter_block,11,1000,0.8656716417910447,0.8548387096774194,0.8888888888888888,1.0,0.48561860716296934,0.15020995093349676,0.36612144819870873,0.8548387096774194,0.5,0.8548387096774194,0.0,0.7096774193548387,0.44093678345292164,0.6760373019194872,0.23510051846656554,False,False,Return from COBYLA because the objective function has been evaluated MAXFUN times.,Return from COBYLA because the objective function has been evaluated MAXFUN times.,300,300,budget_exhausted_uncertain,0.7060995744341505,0.23038321959474617,0.23079031858963034,0.3322004952179331,0.47530925584452016,0.00019431030800690086,True,False,30.798088600000483
tfim,critical_holdout,11,100,0.7777777777777778,0.7692307692307692,0.8235294117647058,1.0,0.6386407331192245,0.22285879762277294,0.24049504226782165,0.7692307692307692,0.5,0.7692307692307692,0.0,0.5,0.4975222448275662,0.5535119139553578,0.05598966912779163,False,False,Return from COBYLA because the objective function has been evaluated MAXFUN times.,Return from COBYLA because the objective function has been evaluated MAXFUN times.,300,300,budget_exhausted_uncertain,0.6514911614596319,0.4561810105076603,0.4561810105076603,0.43657339803530465,0.19531015095197163,0.00040416385912533936,True,False,31.3333633000002
tfim,critical_holdout,11,200,0.5925925925925926,0.5769230769230769,0.717948717948718,1.0,0.624211443556458,0.21640491372037454,0.39755891036886815,0.5769230769230769,0.5,0.5769230769230769,0.0,0.5,0.5390011440002991,0.6172986064854841,0.07829746248518499,False,False,Return from COBYLA because the objective function has been evaluated MAXFUN times.,Return from COBYLA because the objective function has been evaluated MAXFUN times.,600,600,budget_exhausted_uncertain,0.7979081130944738,0.39062159387782086,0.39062159387782086,0.36699258721651756,0.407286519216653,0.0008691533484198599,True,False,63.15205619999324
tfim,critical_holdout,11,300,0.5185185185185185,0.5,0.6829268292682927,1.0,0.6340385506214872,0.22138938287485826,0.46147824550386185,0.5,0.5,0.5,0.0,0.5,0.55391887157568,0.6243594787056834,0.07044060713000344,False,False,Return from COBYLA because the objective function has been evaluated MAXFUN times.,Return from COBYLA because the objective function has been evaluated MAXFUN times.,300,300,budget_exhausted_uncertain,0.7119280114692584,0.4000215206598757,0.4002194031051009,0.37466088378917556,0.31170860836415754,0.0002620555241661937,True,False,31.77903009999136
tfim,critical_holdout,11,400,0.5925925925925926,0.5769230769230769,0.717948717948718,1.0,0.6183389001343089,0.2137025879459807,0.42390762395285875,0.5769230769230769,0.5,0.5769230769230769,0.0,0.5,0.5410512368880899,0.6271983749982282,0.0861471381101383,False,False,Return from COBYLA because the objective function has been evaluated MAXFUN times.,Return from COBYLA because the objective function has been evaluated MAXFUN times.,900,900,budget_exhausted_uncertain,0.743904213454112,0.37666625287205924,0.37666625287205924,0.3531642982681468,0.3672379605820527,0.000820869341740027,True,False,97.01261259999592
tfim,critical_holdout,11,500,0.5555555555555556,0.5384615384615384,0.7,1.0,0.6285082389098945,0.21878069545782536,0.4581133160689571,0.5384615384615384,0.5,0.5384615384615384,0.0,0.5,0.5529227897640222,0.6299240523621747,0.07700126259815254,False,False,Return from COBYLA because the objective function has been evaluated MAXFUN times.,Return from COBYLA because the objective function has been evaluated MAXFUN times.,300,300,budget_exhausted_uncertain,0.6743565027513269,0.39170188611351336,0.3917217241624699,0.3672853439590994,0.28263477858885694,0.0004116792573126693,True,False,31.046157899996615
tfim,critical_holdout,23,100,0.7777777777777778,0.7692307692307692,0.8235294117647058,1.0,0.6357300021243449,0.2214149016711982,0.23940583639204013,0.7692307692307692,0.5,0.7692307692307692,0.0,0.5,0.4957320008365849,0.554842690445431,0.05911068960884608,False,False,Return from COBYLA because the objective function has been evaluated MAXFUN times.,Return from COBYLA because the objective function has been evaluated MAXFUN times.,300,300,budget_exhausted_uncertain,0.6512771893901866,0.45177190608147705,0.45177190608147705,0.4347841592741848,0.1995052833087096,0.00018500258253473234,True,False,31.119777799991425
tfim,critical_holdout,23,200,0.5555555555555556,0.5384615384615384,0.7,1.0,0.623949991588629,0.2164821717166778,0.42666489636410143,0.5384615384615384,0.5,0.5384615384615384,0.0,0.5,0.5467716984476328,0.627565651991277,0.08079395354364416,False,False,Return from COBYLA because the objective function has been evaluated MAXFUN times.,Return from COBYLA because the objective function has been evaluated MAXFUN times.,600,600,budget_exhausted_uncertain,0.7979695105484298,0.3838498532785743,0.3838498532785743,0.3627175441788486,0.4141196572698555,0.0009872318523984625,True,False,65.00960459999624
tfim,critical_holdout,23,300,0.5185185185185185,0.5,0.6829268292682927,1.0,0.6353363278785016,0.2219875789801797,0.4327057116977309,0.5,0.5,0.5,0.0,0.5,0.5534942022084526,0.6222019506076509,0.06870774839919835,False,False,Return from COBYLA because the objective function has been evaluated MAXFUN times.,Return from COBYLA because the objective function has been evaluated MAXFUN times.,300,300,budget_exhausted_uncertain,0.7119727319108587,0.40151729701686106,0.40151729701686106,0.37956829591549207,0.3104554348939977,0.0004254607323898041,True,False,32.857775899989065
tfim,critical_holdout,23,400,0.6296296296296297,0.6153846153846154,0.7368421052631579,1.0,0.6197923836146401,0.21416145828097666,0.36532169460199954,0.6153846153846154,0.5,0.6153846153846154,0.0,0.5,0.5323559408743391,0.6144637699444034,0.08210782907006431,False,False,Return from COBYLA because the objective function has been evaluated MAXFUN times.,Return from COBYLA because the objective function has been evaluated MAXFUN times.,600,600,budget_exhausted_uncertain,0.7440166442198007,0.3839574988806325,0.3839574988806325,0.3637121533952877,0.3600591453391682,0.0009144811211819759,True,False,66.30267609999282
tfim,critical_holdout,23,500,0.5185185185185185,0.5,0.6829268292682927,1.0,0.6344904122815683,0.22178231691030936,0.4156952427303315,0.5,0.5,0.5,0.0,0.5,0.5606700102590033,0.632791819634239,0.07212180937523571,False,False,Return from COBYLA because the objective function has been evaluated MAXFUN times.,Return from COBYLA because the objective function has been evaluated MAXFUN times.,300,300,budget_exhausted_uncertain,0.6743597169337375,0.3958041908501457,0.3958041908501457,0.3736290335865546,0.27855552608359185,0.0011860850990547123,True,False,33.267769799989765
tfim,critical_holdout,37,100,0.7037037037037037,0.6923076923076923,0.7777777777777778,1.0,0.6360656576059407,0.22164013379958306,0.1596938149895779,0.6923076923076923,0.5,0.6923076923076923,0.0,0.5,0.5057037623276601,0.564890563902045,0.05918680157438483,False,False,Return from COBYLA because the objective function has been evaluated MAXFUN times.,Return from COBYLA because the objective function has been evaluated MAXFUN times.,300,300,budget_exhausted_uncertain,0.6514438141429816,0.4492743656948341,0.4492743656948341,0.42851606456444236,0.2021694484481475,0.0009658667117092845,True,False,33.40896290000819
tfim,critical_holdout,37,200,0.5555555555555556,0.5384615384615384,0.7,1.0,0.6286503234294676,0.2186768130393932,0.3998368043647953,0.5384615384615384,0.5,0.5384615384615384,0.0,0.5,0.5463951733183662,0.6212051393701943,0.0748099660518281,False,False,Return from COBYLA because the objective function has been evaluated MAXFUN times.,Return from COBYLA because the objective function has been evaluated MAXFUN times.,600,600,budget_exhausted_uncertain,0.7974551845049714,0.3985679734662068,0.39857498800960184,0.37398906626538586,0.3988801964953696,0.00032820777880893104,True,False,67.09998830000404
tfim,critical_holdout,37,300,0.5185185185185185,0.5,0.6829268292682927,1.0,0.6297375801189828,0.21977269237148161,0.3209536672975862,0.5,0.5,0.5,0.0,0.5,0.5664885327221655,0.6469344401257785,0.08044590740361302,False,False,Return from COBYLA because the objective function has been evaluated MAXFUN times.,Return from COBYLA because the objective function has been evaluated MAXFUN times.,900,900,budget_exhausted_uncertain,0.7118366880163504,0.3830101686733662,0.3830101686733662,0.35817260117152316,0.3288265193429842,0.00029135584759665267,True,False,100.56470519999857
tfim,critical_holdout,37,400,0.6296296296296297,0.6153846153846154,0.7368421052631579,1.0,0.6209665227781473,0.21472570258173554,0.3658221149332611,0.6153846153846154,0.5,0.6153846153846154,0.0,0.5,0.5326492365379036,0.6133661523955902,0.08071691585768659,False,False,Return from COBYLA because the objective function has been evaluated MAXFUN times.,Return from COBYLA because the objective function has been evaluated MAXFUN times.,600,600,budget_exhausted_uncertain,0.7436446751706813,0.388124850751617,0.38816731880145405,0.36530723106135715,0.3554773563692273,0.0006694609387584705,True,False,66.3825555999938
tfim,critical_holdout,37,500,0.5555555555555556,0.5384615384615384,0.7,1.0,0.6316040127037326,0.22000934874442316,0.37172299074494647,0.5384615384615384,0.5,0.5384615384615384,0.0,0.5,0.5438196660101842,0.6143071796999054,0.07048751368972128,False,False,Return from COBYLA because the objective function has been evaluated MAXFUN times.,Return from COBYLA because the objective function has been evaluated MAXFUN times.,300,300,budget_exhausted_uncertain,0.6744901026723525,0.4043966721755608,0.4044701217439382,0.37886627648099575,0.27001998092841434,0.00035016910456636685,True,False,32.97586929998943
tfim,critical_holdout,51,100,0.7777777777777778,0.7692307692307692,0.8235294117647058,1.0,0.6346018594367457,0.2208681862805636,0.2377463178371106,0.7692307692307692,0.5,0.7692307692307692,0.0,0.5,0.4974528287800244,0.5578478198173918,0.06039499103736745,False,False,Return from COBYLA because the objective function has been evaluated MAXFUN times.,Return from COBYLA because the objective function has been evaluated MAXFUN times.,300,300,budget_exhausted_uncertain,0.6514610916111541,0.4493626842266984,0.4493626842266984,0.42587883563504253,0.20209840738445567,0.00012805185617886794,True,False,32.939190499993856
tfim,critical_holdout,51,200,0.6296296296296297,0.6153846153846154,0.7368421052631579,1.0,0.6234098840065945,0.21574891736765547,0.2760090365485977,0.6153846153846154,0.5,0.6153846153846154,0.0,0.5,0.5258322275803609,0.6021644921385517,0.07633226455819087,False,False,Return from COBYLA because the objective function has been evaluated MAXFUN times.,Return from COBYLA because the objective function has been evaluated MAXFUN times.,600,600,budget_exhausted_uncertain,0.7969839775096297,0.3996648285259327,0.3996648285259327,0.37368287180884013,0.39731914898369697,0.0003190802738596288,True,False,66.67272079999384
tfim,critical_holdout,51,300,0.5185185185185185,0.5,0.6829268292682927,1.0,0.629909062348284,0.21959467179556655,0.4130838220380382,0.5,0.5,0.5,0.0,0.5,0.5586263754135543,0.6358351499967544,0.07720877458320008,False,False,Return from COBYLA because the objective function has been evaluated MAXFUN times.,Return from COBYLA because the objective function has been evaluated MAXFUN times.,600,600,budget_exhausted_uncertain,0.7117603964649001,0.38982695733899914,0.38982695733899914,0.36140469400324854,0.32193343912590094,0.0004145217654545341,True,False,65.85235859999375
tfim,critical_holdout,51,400,0.5185185185185185,0.5,0.6829268292682927,1.0,0.6217631921243884,0.21600324852486671,0.36102610353212783,0.5,0.5,0.5,0.0,0.5,0.562665886323706,0.6519133508963214,0.08924746457261545,False,False,Return from COBYLA because the objective function has been evaluated MAXFUN times.,Return from COBYLA because the objective function has been evaluated MAXFUN times.,900,900,budget_exhausted_uncertain,0.7434694441780637,0.3669316037507417,0.3669316037507417,0.3394333616543726,0.376537840427322,0.0005800990151559882,True,False,97.92272299999604
tfim,critical_holdout,51,500,0.5555555555555556,0.5384615384615384,0.7,1.0,0.6248297506554706,0.216855170696176,0.4273330340449941,0.5384615384615384,0.5,0.5384615384615384,0.0,0.5,0.5453419604324345,0.6246081719928049,0.07926621156037039,False,False,Return from COBYLA because the objective function has been evaluated MAXFUN times.,Return from COBYLA because the objective function has been evaluated MAXFUN times.,300,300,budget_exhausted_uncertain,0.6746177840989134,0.38903529651054497,0.38972401586815186,0.36159058098755636,0.2848937682307615,-2.8346482094210312e-05,True,False,32.76196289999643
tfim,critical_holdout,71,100,0.5185185185185185,0.5,0.6829268292682927,1.0,0.6274456285508069,0.21945259633004202,0.22008721914466045,0.5,0.5,0.5,0.0,0.5769230769230769,0.5829603094906483,0.6741667353210611,0.09120642583041283,False,False,Return from COBYLA because the objective function has been evaluated MAXFUN times.,Return from COBYLA because the objective function has been evaluated MAXFUN times.,1000,1000,budget_exhausted_uncertain,0.6503287992310395,0.3541196791673961,0.3541196791673961,0.37206117296540603,0.29620912006364336,0.0004732852867066484,True,False,108.919435600008
tfim,critical_holdout,71,200,0.5185185185185185,0.5,0.6829268292682927,1.0,0.6280433067340518,0.21865561241585982,0.41262674800454274,0.5,0.5,0.5,0.0,0.5384615384615384,0.5560144541421661,0.6346360268132745,0.07862157267110836,False,False,Return from COBYLA because the objective function has been evaluated MAXFUN times.,Return from COBYLA because the objective function has been evaluated MAXFUN times.,600,600,budget_exhausted_uncertain,0.8008426476250176,0.3800526924908594,0.3800526924908594,0.39848996427331773,0.4207899551341582,0.00047459727845505784,True,False,66.36867379999603
tfim,critical_holdout,71,300,0.5185185185185185,0.5,0.6829268292682927,1.0,0.6365620396846213,0.22321571084203437,0.27714370819640816,0.5,0.5,0.5,0.0,0.5,0.5756512769450831,0.6511266018691179,0.07547532492403475,False,False,Return from COBYLA because the objective function has been evaluated MAXFUN times.,Return from COBYLA because the objective function has been evaluated MAXFUN times.,600,600,budget_exhausted_uncertain,0.7124930679574782,0.3836069460313509,0.3836069460313509,0.40261123698275014,0.3288861219261273,0.0004715684874789239,True,False,65.67141819999961
tfim,critical_holdout,71,400,0.6296296296296297,0.6153846153846154,0.7368421052631579,1.0,0.6350550255708195,0.22130469536741154,0.07178266748058594,0.6153846153846154,0.5,0.6153846153846154,0.0,0.5,0.5223666546291993,0.5844635388095859,0.06209688418038661,False,False,Return from COBYLA because the objective function has been evaluated MAXFUN times.,Return from COBYLA because the objective function has been evaluated MAXFUN times.,300,300,budget_exhausted_uncertain,0.745116745200038,0.4167927718883548,0.4167990523695065,0.43474465181031835,0.3283176928305315,0.0001861300419878087,True,False,33.087550700001884
tfim,critical_holdout,71,500,0.5185185185185185,0.5,0.6829268292682927,1.0,0.6479620607157246,0.22915977853428812,0.18339785706914657,0.5,0.51,0.5,0.010000000000000009,0.5384615384615384,0.5961466806070604,0.666790289408759,0.07064360880169851,False,False,Return from COBYLA because the objective function has been evaluated MAXFUN times.,Return from COBYLA because the objective function has been evaluated MAXFUN times.,300,300,budget_exhausted_uncertain,0.6737110657761504,0.40230444560423667,0.40230444560423667,0.42163071769016053,0.2714066201719137,0.0005700288992988023,True,False,33.29779419999977
tfim,critical_holdout,89,100,0.5185185185185185,0.5,0.6829268292682927,1.0,0.6324283915616623,0.2213313071675029,0.274103143656352,0.5,0.5,0.5,0.0,0.5,0.5752607302376295,0.6559393776229986,0.08067864738536912,False,False,Return from COBYLA because the objective function has been evaluated MAXFUN times.,Return from COBYLA because the objective function has been evaluated MAXFUN times.,600,600,budget_exhausted_uncertain,0.651282278473015,0.3796974408132903,0.379764593656122,0.3737584688809163,0.27151768481689303,0.0001816546313003764,True,False,66.04645729999174
tfim,critical_holdout,89,200,0.5555555555555556,0.5384615384615384,0.7,1.0,0.6299536571585642,0.2193362357789819,0.430056845757543,0.5384615384615384,0.5,0.5384615384615384,0.0,0.5,0.5484020590886695,0.6222065355300339,0.07380447644136445,False,False,Return from COBYLA because the objective function has been evaluated MAXFUN times.,Return from COBYLA because the objective function has been evaluated MAXFUN times.,600,600,budget_exhausted_uncertain,0.7996148210058976,0.3950202047034656,0.3950202047034656,0.38947394839186034,0.40459461630243204,0.0005400430861285388,True,False,63.55138839999563
tfim,critical_holdout,89,300,0.5185185185185185,0.5,0.6829268292682927,1.0,0.6306344934957089,0.2200629977596986,0.36765747850015784,0.5,0.5,0.5,0.0,0.5,0.5628623908318791,0.6407057399574894,0.0778433491256103,False,False,Return from COBYLA because the objective function has been evaluated MAXFUN times.,Return from COBYLA because the objective function has been evaluated MAXFUN times.,600,600,budget_exhausted_uncertain,0.7122134601692293,0.38666632462955913,0.38666632462955913,0.3785887467827813,0.32554713553967013,0.00044718872839843993,True,False,63.857753699994646
tfim,critical_holdout,89,400,0.5925925925925926,0.5769230769230769,0.717948717948718,1.0,0.6191064973013995,0.21402867276890766,0.42447818748578775,0.5769230769230769,0.5,0.5769230769230769,0.0,0.5,0.5399220726092577,0.6248038206171055,0.08488174800784776,False,False,Return from COBYLA because the objective function has been evaluated MAXFUN times.,Return from COBYLA because the objective function has been evaluated MAXFUN times.,600,600,budget_exhausted_uncertain,0.7445346356715813,0.37431210922918456,0.37431210922918456,0.3679248301679643,0.3702225264423967,0.0005526995239851229,True,False,64.09821359999478
tfim,critical_holdout,89,500,0.5185185185185185,0.5,0.6829268292682927,1.0,0.6280358890554145,0.21861110327971323,0.45744067157920565,0.5,0.5,0.5,0.0,0.5,0.5546629773127152,0.6328371837447674,0.0781742064320522,False,False,Return from COBYLA because the objective function has been evaluated MAXFUN times.,Return from COBYLA because the objective function has been evaluated MAXFUN times.,300,300,budget_exhausted_uncertain,0.6739164237302658,0.3857763079008554,0.3857763079008554,0.37983880928470926,0.28814011582941046,0.000826218249778965,True,False,32.994487999996636
tfim,critical_holdout,101,100,0.6666666666666666,0.6538461538461539,0.7567567567567568,1.0,0.6365815330588892,0.22198353004978866,0.11530331636378892,0.6538461538461539,0.5,0.6538461538461539,0.0,0.5,0.5163161705563124,0.5758550213134113,0.05953885075709886,False,False,Return from COBYLA because the objective function has been evaluated MAXFUN times.,Return from COBYLA because the objective function has been evaluated MAXFUN times.,300,300,budget_exhausted_uncertain,0.6499781572129505,0.43285812825409925,0.43285812825409925,0.4520355789405364,0.21712002895885124,0.0001841428838199599,True,False,31.55402710000635
tfim,critical_holdout,101,200,0.6296296296296297,0.6153846153846154,0.7368421052631579,1.0,0.629384486258484,0.21855733455217732,0.15602939056482465,0.6153846153846154,0.5,0.6153846153846154,0.0,0.5384615384615384,0.5220765814128027,0.5907091230875274,0.06863254167472477,False,False,Return from COBYLA because the objective function has been evaluated MAXFUN times.,Return from COBYLA because the objective function has been evaluated MAXFUN times.,300,300,budget_exhausted_uncertain,0.8008796974106939,0.4050901736536352,0.405583105013446,0.4256926734437769,0.39529659239724785,0.00013440912435574992,True,False,31.338659599990933
tfim,critical_holdout,101,300,0.5185185185185185,0.5,0.6829268292682927,1.0,0.6341868651835034,0.2215912010924646,0.4159904101803199,0.5,0.5,0.5,0.0,0.5,0.5589453906782695,0.6308592515243336,0.0719138608460641,False,False,Return from COBYLA because the objective function has been evaluated MAXFUN times.,Return from COBYLA because the objective function has been evaluated MAXFUN times.,300,300,budget_exhausted_uncertain,0.7125534724047845,0.38952862318015996,0.38952862318015996,0.4130038398255198,0.32302484922462454,0.0015331913822872467,True,False,31.375052400006098
tfim,critical_holdout,101,400,0.5555555555555556,0.5384615384615384,0.7,1.0,0.6295820609162263,0.2192889406548252,0.45871310926737663,0.5384615384615384,0.5,0.5384615384615384,0.0,0.5384615384615384,0.5533255798216266,0.6291413276758554,0.07581574785422884,False,False,Return from COBYLA because the objective function has been evaluated MAXFUN times.,Return from COBYLA because the objective function has been evaluated MAXFUN times.,600,600,budget_exhausted_uncertain,0.7452715995407942,0.38188530366627926,0.38188530366627926,0.40482585048710185,0.363386295874515,0.0006320547591124881,True,False,64.1189377999981
tfim,critical_holdout,101,500,0.5555555555555556,0.5384615384615384,0.7,1.0,0.6217172955167458,0.21553209103575077,0.4543706772697241,0.5384615384615384,0.5,0.5384615384615384,0.0,0.5769230769230769,0.5496057352207111,0.6340618765419067,0.08445614132119561,False,False,Return from COBYLA because the objective function has been evaluated MAXFUN times.,Return from COBYLA because the objective function has been evaluated MAXFUN times.,600,600,budget_exhausted_uncertain,0.673741737988398,0.3735219296634346,0.3735219296634346,0.3932684361554847,0.30021980832496337,0.0004889290222632736,True,False,63.739576400010264
tfim,critical_holdout,131,100,0.8148148148148148,0.8076923076923077,0.8484848484848485,1.0,0.6313223596392256,0.21921219569033315,0.2762120190039211,0.8076923076923077,0.5,0.8076923076923077,0.0,0.5,0.48908514515620377,0.5529222617314461,0.06383711657524233,False,False,Return from COBYLA because the objective function has been evaluated MAXFUN times.,Return from COBYLA because the objective function has been evaluated MAXFUN times.,300,300,budget_exhausted_uncertain,0.6507068562730597,0.42756103112931115,0.42788422343027127,0.4257730161618618,0.22282263284278842,0.000527864614092155,True,False,31.846066500002053
tfim,critical_holdout,131,200,0.5925925925925926,0.5769230769230769,0.717948717948718,1.0,0.6211015935289542,0.21488377273628906,0.39593195792745645,0.5769230769230769,0.5,0.5769230769230769,0.0,0.5384615384615384,0.5367400574384,0.6182977945378535,0.08155773709945346,False,False,Return from COBYLA because the objective function has been evaluated MAXFUN times.,Return from COBYLA because the objective function has been evaluated MAXFUN times.,600,600,budget_exhausted_uncertain,0.7995522294072367,0.3815602816554302,0.3815709853023484,0.37818698060165595,0.4179812441048883,0.0003561574058069672,True,False,63.14638340000238
tfim,critical_holdout,131,300,0.5185185185185185,0.5,0.6829268292682927,1.0,0.6282319692727285,0.21883275632428065,0.4117800496727272,0.5,0.5,0.5,0.0,0.5,0.5590325339122896,0.6385172096590929,0.07948467574680329,False,False,Return from COBYLA because the objective function has been evaluated MAXFUN times.,Return from COBYLA because the objective function has been evaluated MAXFUN times.,600,600,budget_exhausted_uncertain,0.7122702237582438,0.38258614985965683,0.38258614985965683,0.379461279828473,0.32968407389858695,0.00026679602085089016,True,False,63.426560599997174
tfim,critical_holdout,131,400,0.7407407407407407,0.7307692307692308,0.8,1.0,0.626208383551239,0.21676012713166576,0.19330070475893857,0.7307692307692308,0.5,0.7307692307692308,0.0,0.5,0.49911154453080603,0.5689430469817233,0.06983150245091724,False,False,Return from COBYLA because the objective function has been evaluated MAXFUN times.,Return from COBYLA because the objective function has been evaluated MAXFUN times.,300,300,budget_exhausted_uncertain,0.744681957915156,0.4100195906307697,0.4100195906307697,0.40782401372596694,0.3346623672843863,0.0005859481176554437,True,False,32.048174800002016
tfim,critical_holdout,131,500,0.5185185185185185,0.5,0.6829268292682927,1.0,0.6351742659082672,0.22216893496790077,0.4155221705064265,0.5,0.5,0.5,0.0,0.5,0.5629245754459962,0.6349635962736915,0.07203902082769531,False,False,Return from COBYLA because the objective function has been evaluated MAXFUN times.,Return from COBYLA because the objective function has been evaluated MAXFUN times.,600,600,budget_exhausted_uncertain,0.6740257835657898,0.39789445359073666,0.39789445359073666,0.3956935087381279,0.27613132997505313,0.0007342633384095909,True,False,63.636516099999426
tfim,critical_holdout,151,100,0.8148148148148148,0.8076923076923077,0.8484848484848485,1.0,0.6361679847058307,0.2216054969538233,0.2796631755042234,0.8076923076923077,0.5,0.8076923076923077,0.0,0.5,0.4894839212495877,0.5480493434755751,0.05856542222598743,False,False,Return from COBYLA because the objective function has been evaluated MAXFUN times.,Return from COBYLA because the objective function has been evaluated MAXFUN times.,300,300,budget_exhausted_uncertain,0.6513658659444003,0.453473596999872,0.4536631229933114,0.4323549944539329,0.19770274295108886,4.077872868446519e-05,True,False,32.50626209999609
tfim,critical_holdout,151,200,0.6666666666666666,0.6538461538461539,0.7567567567567568,1.0,0.629018934634117,0.21831404073004654,0.1090269656074094,0.6538461538461539,0.5,0.6538461538461539,0.0,0.5,0.517059199288396,0.5853826032418838,0.0683234039534878,False,False,Return from COBYLA because the objective function has been evaluated MAXFUN times.,Return from COBYLA because the objective function has been evaluated MAXFUN times.,300,300,budget_exhausted_uncertain,0.797488458044674,0.41378005845881094,0.41403636412254957,0.3886536987215459,0.3834520939221245,0.0004901816652126412,True,False,31.070738299997174
tfim,critical_holdout,151,300,0.5555555555555556,0.5384615384615384,0.7,1.0,0.6237947715205884,0.21646577052378468,0.45585512967508623,0.5384615384615384,0.5,0.5384615384615384,0.0,0.5,0.548832378016696,0.6304808866421228,0.08164850862542672,False,False,Return from COBYLA because the objective function has been evaluated MAXFUN times.,Return from COBYLA because the objective function has been evaluated MAXFUN times.,600,600,budget_exhausted_uncertain,0.7118484593607053,0.3834228862768721,0.3834228862768721,0.3583916330328918,0.3284255730838332,6.417207497583233e-05,True,False,64.93963789999543
tfim,critical_holdout,151,400,0.6666666666666666,0.6538461538461539,0.7567567567567568,1.0,0.6164036702966916,0.21236758796769503,0.30308430382706114,0.6538461538461539,0.5,0.6538461538461539,0.0,0.5,0.5237030423499985,0.6080687721031974,0.08436572975319889,False,False,Return from COBYLA because the objective function has been evaluated MAXFUN times.,Return from COBYLA because the objective function has been evaluated MAXFUN times.,600,600,budget_exhausted_uncertain,0.7436943375333621,0.38148418070359374,0.38148418070359374,0.35767103265519773,0.36221015682976837,0.0003736460233760841,True,False,64.86799620000238
tfim,critical_holdout,151,500,0.6296296296296297,0.6153846153846154,0.7368421052631579,1.0,0.6302308048024877,0.21908204223901098,0.24898710544777597,0.6153846153846154,0.5,0.6153846153846154,0.0,0.5,0.529499121847905,0.5983851576002532,0.0688860357523482,False,False,Return from COBYLA because the objective function has been evaluated MAXFUN times.,Return from COBYLA because the objective function has been evaluated MAXFUN times.,300,300,budget_exhausted_uncertain,0.6745127244539916,0.41066929688865006,0.4114532983624832,0.38449758343481755,0.2630594260915084,-0.00018520245324171736,True,False,31.35585480000009
tfim,critical_holdout,181,100,0.6666666666666666,0.6538461538461539,0.7567567567567568,1.0,0.628833920634032,0.21821055229427333,0.1100816364781178,0.6538461538461539,0.5,0.6538461538461539,0.0,0.5,0.5158667740535157,0.5842211441483739,0.06835437009485823,False,False,Return from COBYLA because the objective function has been evaluated MAXFUN times.,Return from COBYLA because the objective function has been evaluated MAXFUN times.,600,600,budget_exhausted_uncertain,0.6506929269058896,0.42797092104170903,0.4280371163549515,0.4202725254217769,0.22265581055093814,0.0006406431319877504,True,False,64.64378800000122
tfim,critical_holdout,181,200,0.5555555555555556,0.5384615384615384,0.7,1.0,0.630093454113318,0.21930601379761877,0.40064663220131524,0.5384615384615384,0.5,0.5384615384615384,0.0,0.5,0.544361209156481,0.6168491260756429,0.0724879169191619,False,False,Return from COBYLA because the objective function has been evaluated MAXFUN times.,Return from COBYLA because the objective function has been evaluated MAXFUN times.,600,600,budget_exhausted_uncertain,0.7987710171527785,0.3985905345833139,0.39859595323632463,0.3895664382600754,0.4001750639164539,0.0007897332123346645,True,False,64.14870910000172
tfim,critical_holdout,181,300,0.5185185185185185,0.5,0.6829268292682927,1.0,0.6324039873579705,0.22086666770748747,0.36912246897304846,0.5,0.5,0.5,0.0,0.5,0.5624847980985657,0.6379315749696847,0.075446776871119,False,False,Return from COBYLA because the objective function has been evaluated MAXFUN times.,Return from COBYLA because the objective function has been evaluated MAXFUN times.,600,600,budget_exhausted_uncertain,0.7121469106585883,0.3883881858412379,0.3883881858412379,0.3799191704898211,0.32375872481735035,0.0006328313792911544,True,False,64.27517280000029
tfim,critical_holdout,181,400,0.5185185185185185,0.5,0.6829268292682927,1.0,0.6362406928037267,0.22304457749295625,0.2773908718875359,0.5,0.5,0.5,0.0,0.5,0.5749096655400637,0.6504581625871328,0.07554849704706912,False,False,Return from COBYLA because the objective function has been evaluated MAXFUN times.,Return from COBYLA because the objective function has been evaluated MAXFUN times.,300,300,budget_exhausted_uncertain,0.7443985034549837,0.388974718330936,0.38916446147194034,0.3797744325571333,0.35523404198304337,0.00041935618435273714,True,False,33.396366999993916
tfim,critical_holdout,181,500,0.5185185185185185,0.5,0.6829268292682927,1.0,0.6361127882800767,0.22324786366742336,0.22857153816467518,0.5,0.5,0.5,0.0,0.5,0.581681594743849,0.6605641089470013,0.0788825142031524,False,False,Return from COBYLA because the objective function has been evaluated MAXFUN times.,Return from COBYLA because the objective function has been evaluated MAXFUN times.,600,600,budget_exhausted_uncertain,0.6742408496446078,0.3825873630232411,0.3825873630232411,0.3730843257335049,0.29165348662136675,0.00017173955585214618,True,False,64.635867399993
xxz,iid,11,100,0.9545454545454546,0.9545454545454546,0.9565217391304348,1.0,0.503662372647277,0.15759304038477737,0.3444110116990785,0.9545454545454546,0.53,0.9545454545454546,0.030000000000000027,0.8181818181818181,0.4033501497103977,0.6176907543440586,0.21434060463366095,True,False,Return from COBYLA because the objective function has been evaluated MAXFUN times.,Return from COBYLA because the objective function has been evaluated MAXFUN times.,300,300,plateau_converged,0.6954257574503071,0.5478699459418883,0.5479086024882872,0.5393689473740017,0.1475171549620199,1.0318741818560184e-05,True,True,33.247115499994834
xxz,iid,11,200,0.9545454545454546,0.9545454545454546,0.9565217391304348,1.0,0.4983626084990885,0.15514422587001772,0.3413817893367948,0.9545454545454546,0.52,0.9545454545454546,0.020000000000000018,0.8181818181818181,0.3955486155737873,0.6165020025035216,0.22095338692973432,True,False,Return from COBYLA because the objective function has been evaluated MAXFUN times.,Return from COBYLA because the objective function has been evaluated MAXFUN times.,300,300,plateau_converged,0.6894804598004645,0.543676843968349,0.5438671965000603,0.5353999544562289,0.14561326330040414,-8.7577851612064e-05,True,True,30.758569899990107
xxz,iid,11,300,0.9545454545454546,0.9545454545454546,0.9565217391304348,1.0,0.5248533024803348,0.16749549513258072,0.3589227892724659,0.9545454545454546,0.51,0.9545454545454546,0.010000000000000009,0.8181818181818181,0.40083022126993323,0.5885352493591361,0.18770502808920292,False,False,Return from COBYLA because the objective function has been evaluated MAXFUN times.,Return from COBYLA because the objective function has been evaluated MAXFUN times.,300,300,budget_exhausted_uncertain,0.6970440055995861,0.5648306013311281,0.5650555148286454,0.5590537701470272,0.13198849077094077,-0.00017663601169259913,True,False,30.843300599997747
xxz,iid,11,400,0.9545454545454546,0.9545454545454546,0.9565217391304348,1.0,0.495797119639699,0.1539291717512881,0.34050125354901284,0.9545454545454546,0.52,0.9545454545454546,0.020000000000000018,0.8181818181818181,0.38915535338409435,0.6130730014808367,0.2239176480967423,False,False,Return from COBYLA because the objective function has been evaluated MAXFUN times.,Return from COBYLA because the objective function has been evaluated MAXFUN times.,600,600,budget_exhausted_uncertain,0.6981286455693578,0.5413741969594547,0.5413741969594547,0.5325373167559976,0.15675444860990317,0.00016909139549781127,True,False,64.18525909999153
xxz,iid,11,500,0.9545454545454546,0.9545454545454546,0.9565217391304348,1.0,0.524696052947481,0.16745048196598752,0.358246423063575,0.9545454545454546,0.52,0.9545454545454546,0.020000000000000018,0.8181818181818181,0.4029812017931851,0.5911134656245417,0.18813226383135662,False,False,Return from COBYLA because the objective function has been evaluated MAXFUN times.,Return from COBYLA because the objective function has been evaluated MAXFUN times.,300,300,budget_exhausted_uncertain,0.6962625445401392,0.5654345270318607,0.5654642650636681,0.5602446021429687,0.13079827947647116,0.0005444012124855568,True,False,31.66525439999532
xxz,iid,23,100,0.9545454545454546,0.9545454545454546,0.9565217391304348,1.0,0.5242132787647095,0.16761595819632327,0.359522500592891,0.9545454545454546,0.51,1.0,0.010000000000000009,0.6818181818181819,0.41810973332477774,0.6080691501399221,0.1899594168151444,False,False,Return from COBYLA because the objective function has been evaluated MAXFUN times.,Return from COBYLA because the objective function has been evaluated MAXFUN times.,300,300,budget_exhausted_uncertain,0.6953827047018141,0.5451854330499074,0.545216013180056,0.532028214934966,0.1501666915217581,0.00013422788982042633,True,False,30.90033499999845
xxz,iid,23,200,1.0,1.0,1.0,1.0,0.526400926542412,0.16859460588625888,0.40653644113223575,1.0,0.51,1.0,0.010000000000000009,0.6818181818181819,0.4151376316263668,0.6020647493618951,0.18692711773552834,False,False,Return from COBYLA because the objective function has been evaluated MAXFUN times.,Return from COBYLA because the objective function has been evaluated MAXFUN times.,300,300,budget_exhausted_uncertain,0.6889145128726581,0.5469115698806324,0.5469376619735603,0.5345625844811716,0.14197685089909784,0.00018724144309989477,True,False,31.411943200000678
xxz,iid,23,300,0.9545454545454546,0.9545454545454546,0.9565217391304348,1.0,0.5596105126849427,0.18421061168761532,0.38107318999940576,0.9545454545454546,0.51,1.0,0.010000000000000009,0.5909090909090909,0.44151125320001633,0.588009184194208,0.14649793099419167,False,False,Return from COBYLA because the objective function has been evaluated MAXFUN times.,Return from COBYLA because the objective function has been evaluated MAXFUN times.,300,300,budget_exhausted_uncertain,0.6971111793708867,0.576134021498554,0.5763247459066594,0.5657424393944449,0.12078643346422735,0.00042331761498481946,True,False,31.675629699995625
xxz,iid,23,400,1.0,1.0,1.0,1.0,0.5225452531096846,0.16673471731235265,0.40425395203956527,1.0,0.51,1.0,0.010000000000000009,0.6818181818181819,0.41507025781598467,0.6065623537368543,0.19149209592086963,False,False,Return from COBYLA because the objective function has been evaluated MAXFUN times.,Return from COBYLA because the objective function has been evaluated MAXFUN times.,300,300,budget_exhausted_uncertain,0.6981440419261682,0.5430226982931095,0.5430226982931095,0.5311258338415479,0.15512134363305874,0.0007283674851084054,True,False,31.942684299996472
xxz,iid,23,500,1.0,1.0,1.0,1.0,0.5180927330396415,0.16470771370461013,0.4015236619726277,1.0,0.5,1.0,0.0,0.6818181818181819,0.4041279219813569,0.6010805980361016,0.1969526760547447,True,False,Return from COBYLA because the objective function has been evaluated MAXFUN times.,Return from COBYLA because the objective function has been evaluated MAXFUN times.,600,600,plateau_converged,0.6961874382497365,0.5389972405482121,0.5389972405482121,0.5273729208086051,0.15719019770152443,6.852302266269206e-05,True,True,62.6078206999955
xxz,iid,37,100,0.8636363636363636,0.8636363636363636,0.88,1.0,0.5751780279768961,0.19218802783009287,0.2935188306162555,0.8636363636363636,0.5,0.8636363636363636,0.0,0.6363636363636364,0.44560131085108473,0.5767662998449433,0.1311649889938586,False,False,Return from COBYLA because the objective function has been evaluated MAXFUN times.,Return from COBYLA because the objective function has been evaluated MAXFUN times.,300,300,budget_exhausted_uncertain,0.6954221677431263,0.5313872988483664,0.5313872988483664,0.5429075488320582,0.16403486889475982,0.0011600306506727165,True,False,32.43821310000203
xxz,iid,37,200,0.8636363636363636,0.8636363636363636,0.88,1.0,0.5646539805665779,0.1872256290373642,0.2866787093209606,0.8636363636363636,0.5,0.8636363636363636,0.0,0.6363636363636364,0.4409641284455379,0.5849668687406114,0.14400274029507354,False,False,Return from COBYLA because the objective function has been evaluated MAXFUN times.,Return from COBYLA because the objective function has been evaluated MAXFUN times.,600,600,budget_exhausted_uncertain,0.6864567670336575,0.5167095408665565,0.5167095408665565,0.5297823768288028,0.16974722616710103,0.0002359869792233349,True,False,63.57038010000542
xxz,iid,37,300,0.8636363636363636,0.8636363636363636,0.88,1.0,0.5672057027912767,0.18844416604972647,0.2886697941043317,0.8636363636363636,0.5,0.8636363636363636,0.0,0.6363636363636364,0.4407326745138334,0.581598443813766,0.1408657692999326,False,False,Return from COBYLA because the objective function has been evaluated MAXFUN times.,Return from COBYLA because the objective function has been evaluated MAXFUN times.,600,600,budget_exhausted_uncertain,0.6974497723263843,0.5204956202632667,0.5204956202632667,0.5329504913521103,0.1769541520631176,0.00021960146618915655,True,False,62.35011840000516
xxz,iid,37,400,0.8636363636363636,0.8636363636363636,0.88,1.0,0.581468588818828,0.19515835614395602,0.2996646970047442,0.8636363636363636,0.5,0.8636363636363636,0.0,0.6363636363636364,0.4421969902906854,0.5653475538586242,0.12315056356793885,False,False,Return from COBYLA because the objective function has been evaluated MAXFUN times.,Return from COBYLA because the objective function has been evaluated MAXFUN times.,300,300,budget_exhausted_uncertain,0.6985375144051255,0.5398171136646001,0.5398171136646001,0.5520225819332898,0.1587204007405254,0.0008719103972006925,True,False,31.238387700010207
xxz,iid,37,500,0.8636363636363636,0.8636363636363636,0.88,1.0,0.548105028035047,0.17969790597006424,0.2742256449616395,0.8636363636363636,0.5,0.8636363636363636,0.0,0.6363636363636364,0.43458233553666764,0.6000234350312359,0.16544109949456826,False,False,Return from COBYLA because the objective function has been evaluated MAXFUN times.,Return from COBYLA because the objective function has been evaluated MAXFUN times.,600,600,budget_exhausted_uncertain,0.6962832044380175,0.4952033692205045,0.4952033692205045,0.5076347792631599,0.201079835217513,0.0002209784793458236,True,False,61.83911800000351
xxz,iid,51,100,0.8181818181818182,0.8181818181818181,0.8461538461538461,1.0,0.5404306994257915,0.1756416926895806,0.2543561891771463,0.8181818181818181,0.54,1.0,0.040000000000000036,0.6363636363636364,0.44048653472690874,0.6137429120780026,0.17325637735109384,True,False,Return from COBYLA because the objective function has been evaluated MAXFUN times.,Return from COBYLA because the objective function has been evaluated MAXFUN times.,300,300,plateau_converged,0.6953937419851898,0.5357908654487331,0.5357908654487331,0.5225387795017424,0.15960287653645666,0.0001178152299859958,True,True,30.78104400000302
xxz,iid,51,200,0.9545454545454546,0.9545454545454546,0.9565217391304348,1.0,0.537776915228701,0.1741900990431139,0.3661433839320065,0.9545454545454546,0.51,0.9545454545454546,0.010000000000000009,0.6818181818181819,0.4199175146720918,0.5945419218275145,0.1746244071554227,False,False,Return from COBYLA because the objective function has been evaluated MAXFUN times.,Return from COBYLA because the objective function has been evaluated MAXFUN times.,300,300,budget_exhausted_uncertain,0.6882034043813665,0.5326868381702318,0.532780667532156,0.5237542438735504,0.15542273684921049,0.00013472736154962472,True,False,30.894251299992902
xxz,iid,51,300,0.9545454545454546,0.9545454545454546,0.9565217391304348,1.0,0.5546304514920039,0.18210090290617834,0.37729941663732314,0.9545454545454546,0.51,1.0,0.010000000000000009,0.5909090909090909,0.4232989392682356,0.5770628192687446,0.153763880000509,True,False,Return from COBYLA because the objective function has been evaluated MAXFUN times.,Return from COBYLA because the objective function has been evaluated MAXFUN times.,600,600,plateau_converged,0.6972066344891416,0.5503726734551607,0.5503786492356318,0.5429115777808681,0.1468279852535097,5.0287762756950904e-05,True,True,64.94829130001017
xxz,iid,51,400,0.9090909090909091,0.9090909090909092,0.9166666666666666,1.0,0.5436322842251697,0.17691668514444392,0.3227972081320379,0.9090909090909092,0.52,1.0,0.020000000000000018,0.6363636363636364,0.4309901785012962,0.5986497830007056,0.16765960449940942,False,False,Return from COBYLA because the objective function has been evaluated MAXFUN times.,Return from COBYLA because the objective function has been evaluated MAXFUN times.,300,300,budget_exhausted_uncertain,0.6982715389288848,0.5386870477719718,0.5386870477719718,0.5290021683726586,0.15958449115691298,0.0009356940001237213,True,False,30.852723799995147
xxz,iid,51,500,0.9090909090909091,0.9090909090909092,0.9166666666666666,1.0,0.5264727363734573,0.16899033391503032,0.31281942356321457,0.9090909090909092,0.52,1.0,0.020000000000000018,0.7272727272727273,0.4161584976742052,0.6051637572971269,0.1890052596229217,False,False,Return from COBYLA because the objective function has been evaluated MAXFUN times.,Return from COBYLA because the objective function has been evaluated MAXFUN times.,300,300,budget_exhausted_uncertain,0.696224318402122,0.5209859162918251,0.5210690946632034,0.5110055632676526,0.17515522373891856,0.0007514252487209605,True,False,30.854851700001745
xxz,iid,71,100,0.9090909090909091,0.9090909090909092,0.9166666666666666,1.0,0.5406674822336762,0.17564353620134923,0.3223269689974215,0.9090909090909092,0.51,0.9545454545454546,0.010000000000000009,0.6363636363636364,0.4233447122323273,0.5947750638603704,0.1714303516280431,True,False,Return from COBYLA because the objective function has been evaluated MAXFUN times.,Return from COBYLA because the objective function has been evaluated MAXFUN times.,300,300,plateau_converged,0.6953794876779185,0.5476242680635149,0.547840214188993,0.5324711084676712,0.14753927348892548,0.00016599409190587444,True,True,31.021376099990448
xxz,iid,71,200,0.9090909090909091,0.9090909090909092,0.9166666666666666,1.0,0.5305923689573638,0.17097548367945484,0.31557988789449326,0.9090909090909092,0.52,1.0,0.020000000000000018,0.6363636363636364,0.41965423664966894,0.6037376915896406,0.1840834549399717,False,False,Return from COBYLA because the objective function has been evaluated MAXFUN times.,Return from COBYLA because the objective function has been evaluated MAXFUN times.,300,300,budget_exhausted_uncertain,0.6886331396628486,0.5368304346408528,0.5368304346408528,0.5207957407916498,0.15180270502199578,0.0007096190838278282,True,False,33.425172499992186
xxz,iid,71,300,0.9090909090909091,0.9090909090909092,0.9166666666666666,1.0,0.5495671100749321,0.17980026981407707,0.3273533218192221,0.9090909090909092,0.52,1.0,0.020000000000000018,0.6363636363636364,0.4303502678008234,0.5909167608738596,0.16056649307303617,False,False,Return from COBYLA because the objective function has been evaluated MAXFUN times.,Return from COBYLA because the objective function has been evaluated MAXFUN times.,300,300,budget_exhausted_uncertain,0.6971456773359748,0.5567011946882768,0.5567011946882768,0.5418375335746541,0.14044448264769793,0.00022522859579554577,True,False,33.99758180000936
xxz,iid,71,400,0.9090909090909091,0.9090909090909092,0.9166666666666666,1.0,0.534696744179358,0.1728618129181688,0.31699843036518927,0.9090909090909092,0.52,1.0,0.020000000000000018,0.6363636363636364,0.4274186934060045,0.6066351452401311,0.17921645183412654,False,False,Return from COBYLA because the objective function has been evaluated MAXFUN times.,Return from COBYLA because the objective function has been evaluated MAXFUN times.,300,300,budget_exhausted_uncertain,0.6981713201951938,0.5404576767391089,0.5404576767391089,0.5241141718716117,0.15771364345608485,0.00048146568915785615,True,False,34.26988609999535
xxz,iid,71,500,0.9090909090909091,0.9090909090909092,0.9166666666666666,1.0,0.5419752237714476,0.1761101963838029,0.32322839542896276,0.9090909090909092,0.51,0.9545454545454546,0.010000000000000009,0.6363636363636364,0.42734475025118485,0.5966607532491417,0.16931600299795685,False,False,Return from COBYLA because the objective function has been evaluated MAXFUN times.,Return from COBYLA because the objective function has been evaluated MAXFUN times.,300,300,budget_exhausted_uncertain,0.6961828907238024,0.5474603579899443,0.5474912719993288,0.5334082082073899,0.14869161872447356,0.0004704129458039663,True,False,33.65306209999835
xxz,iid,89,100,0.8636363636363636,0.8636363636363636,0.88,1.0,0.5426328513622949,0.17651152359705297,0.2720780866248162,0.8636363636363636,0.51,0.8636363636363636,0.010000000000000009,0.6818181818181819,0.4424226006934978,0.6121715535821197,0.1697489528886219,False,False,Return from COBYLA because the objective function has been evaluated MAXFUN times.,Return from COBYLA because the objective function has been evaluated MAXFUN times.,300,300,budget_exhausted_uncertain,0.695530643420181,0.5392938466782256,0.5392938466782256,0.5483824583209159,0.15623679674195545,0.00039163905781713915,True,False,33.65904219998629
xxz,iid,89,200,0.8636363636363636,0.8636363636363636,0.88,1.0,0.5337411877858789,0.17239786769072804,0.26564983321786695,0.8636363636363636,0.52,0.9090909090909092,0.020000000000000018,0.6818181818181819,0.44127148602839683,0.6223637731125996,0.18109228708420277,False,False,Return from COBYLA because the objective function has been evaluated MAXFUN times.,Return from COBYLA because the objective function has been evaluated MAXFUN times.,300,300,budget_exhausted_uncertain,0.6875561588100295,0.5306882857113013,0.5307232267501348,0.5393532576587977,0.15683293205989468,0.0005765581116622398,True,False,33.90360330000112
xxz,iid,89,300,0.9090909090909091,0.9090909090909092,0.9166666666666666,1.0,0.5538764805371442,0.18160413881403725,0.3298902879713126,0.9090909090909092,0.5,0.9090909090909092,0.0,0.5909090909090909,0.4358712738913148,0.5901875064791592,0.15431623258784438,False,False,Return from COBYLA because the objective function has been evaluated MAXFUN times.,Return from COBYLA because the objective function has been evaluated MAXFUN times.,300,300,budget_exhausted_uncertain,0.6973354700287702,0.5523594692781947,0.5523594692781947,0.5619204599897898,0.14497600075057548,0.0004825250865380104,True,False,33.33361319999676
xxz,iid,89,400,0.8636363636363636,0.8636363636363636,0.88,1.0,0.5422318588940799,0.1761778127531526,0.27556256540795876,0.8636363636363636,0.5,0.8636363636363636,0.0,0.6818181818181819,0.4326252423922847,0.6016774848685724,0.1690522424762877,False,False,Return from COBYLA because the objective function has been evaluated MAXFUN times.,Return from COBYLA because the objective function has been evaluated MAXFUN times.,300,300,budget_exhausted_uncertain,0.6984661252999032,0.5396846457510452,0.5396846457510452,0.5490884325012677,0.1587814795488579,0.0004930242295210219,True,False,32.64755530000548
xxz,iid,89,500,0.8636363636363636,0.8636363636363636,0.88,1.0,0.5122831952550317,0.16266018003716343,0.2511878295307546,0.8636363636363636,0.52,0.9090909090909092,0.020000000000000018,0.6818181818181819,0.4281601761338459,0.6369094523510224,0.20874927621717648,True,False,Return from COBYLA because the objective function has been evaluated MAXFUN times.,Return from COBYLA because the objective function has been evaluated MAXFUN times.,600,600,plateau_converged,0.6964264181519999,0.5081991768266242,0.5081991768266242,0.5177347152490066,0.18822724132537572,6.885292250002895e-05,True,True,65.82999080000445
xxz,iid,101,100,0.8181818181818182,0.8181818181818181,0.8461538461538461,1.0,0.5438195682362087,0.17731745847695057,0.22245193957420073,0.8181818181818181,0.54,0.9545454545454546,0.040000000000000036,0.6818181818181819,0.44550883096842675,0.6161185619660269,0.17060973099760013,False,False,Return from COBYLA because the objective function has been evaluated MAXFUN times.,Return from COBYLA because the objective function has been evaluated MAXFUN times.,300,300,budget_exhausted_uncertain,0.6954377024404962,0.5367428890310998,0.5367428890310998,0.532369002410608,0.1586948134093964,0.0006214223201796987,True,False,31.712006000001566
xxz,iid,101,200,0.8636363636363636,0.8636363636363636,0.88,1.0,0.5409521530025511,0.17581756758378606,0.27200029808337056,0.8636363636363636,0.52,0.9090909090909092,0.020000000000000018,0.7272727272727273,0.43047864244326717,0.6027792475472412,0.17230060510397405,False,False,Return from COBYLA because the objective function has been evaluated MAXFUN times.,Return from COBYLA because the objective function has been evaluated MAXFUN times.,300,300,budget_exhausted_uncertain,0.6877974732771851,0.5336010426205292,0.5336010426205292,0.530673042111874,0.1541964306566559,0.000379827337875005,True,False,31.273928399998113
xxz,iid,101,300,0.9090909090909091,0.9090909090909092,0.9166666666666666,1.0,0.5575525702509123,0.18360662021286475,0.3326195929903498,0.9090909090909092,0.5,0.9090909090909092,0.0,0.6818181818181819,0.4208678193864289,0.5718833255781767,0.15101550619174775,True,False,Return from COBYLA because the objective function has been evaluated MAXFUN times.,Return from COBYLA because the objective function has been evaluated MAXFUN times.,600,600,plateau_converged,0.6972593589019435,0.5513230551805156,0.5513323228375387,0.5500476500409096,0.1459270360644047,4.435470139441122e-05,True,True,65.05570060000173
xxz,iid,101,400,0.8636363636363636,0.8636363636363636,0.88,1.0,0.5456198810554096,0.17798376394647794,0.2736982937666794,0.8636363636363636,0.53,0.9545454545454546,0.030000000000000027,0.6818181818181819,0.4380493204552593,0.6047693008930408,0.16671998043778152,False,False,Return from COBYLA because the objective function has been evaluated MAXFUN times.,Return from COBYLA because the objective function has been evaluated MAXFUN times.,300,300,budget_exhausted_uncertain,0.6983507016382098,0.5383822595075715,0.5383949073507216,0.5352044614847199,0.15995579428748818,0.0009987880799419147,True,False,32.24845990000176
xxz,iid,101,500,0.8636363636363636,0.8636363636363636,0.88,1.0,0.5613316576709905,0.1853162837174997,0.2848556579769216,0.8636363636363636,0.52,0.9090909090909092,0.020000000000000018,0.6818181818181819,0.4429005932911527,0.5898061593341771,0.1469055660430244,False,False,Return from COBYLA because the objective function has been evaluated MAXFUN times.,Return from COBYLA because the objective function has been evaluated MAXFUN times.,300,300,budget_exhausted_uncertain,0.6962933861258607,0.5548930565587089,0.5551315231781894,0.5520630565482941,0.1411618629476713,0.00040213400796296206,True,False,32.4409006999922
xxz,iid,131,100,0.9090909090909091,0.9090909090909092,0.9166666666666666,1.0,0.5403555314096952,0.17533184173390295,0.3219033867511797,0.9090909090909092,0.52,1.0,0.020000000000000018,0.6818181818181819,0.4186010322017937,0.5895521129046511,0.17095108070285747,False,False,Return from COBYLA because the objective function has been evaluated MAXFUN times.,Return from COBYLA because the objective function has been evaluated MAXFUN times.,300,300,budget_exhausted_uncertain,0.6954229005113792,0.5439340367252541,0.5448744707691585,0.5408063389163511,0.1505484297422207,-0.0006777232930328392,True,False,32.32022559999314
xxz,iid,131,200,0.9090909090909091,0.9090909090909092,0.9166666666666666,1.0,0.5297224632101819,0.17033305412302457,0.3135306553867226,0.9090909090909092,0.52,0.9545454545454546,0.020000000000000018,0.6818181818181819,0.421464464842972,0.6058803590845286,0.18441589424155663,False,False,Return from COBYLA because the objective function has been evaluated MAXFUN times.,Return from COBYLA because the objective function has been evaluated MAXFUN times.,300,300,budget_exhausted_uncertain,0.6881690854204124,0.5332220214431894,0.5332220214431894,0.5285984350362707,0.15494706397722302,0.0006199027231343912,True,False,33.28865770000266
xxz,iid,131,300,0.9090909090909091,0.9090909090909092,0.9166666666666666,1.0,0.5572250241236559,0.18332829329016131,0.33282525336700053,0.9090909090909092,0.51,0.9545454545454546,0.010000000000000009,0.6363636363636364,0.4232572946631731,0.5737129198575668,0.1504556251943937,False,False,Return from COBYLA because the objective function has been evaluated MAXFUN times.,Return from COBYLA because the objective function has been evaluated MAXFUN times.,300,300,budget_exhausted_uncertain,0.6972123686864611,0.5608672598398912,0.5610960168871788,0.5583172133215578,0.13611635179928228,0.0007019571188860985,True,False,34.26011419999122
xxz,iid,131,400,0.9090909090909091,0.9090909090909092,0.9166666666666666,1.0,0.5380921503091814,0.17422845691825162,0.31858216399019895,0.9090909090909092,0.53,1.0,0.030000000000000027,0.6818181818181819,0.42686238108581787,0.6009272246949688,0.17406484360915098,False,False,Return from COBYLA because the objective function has been evaluated MAXFUN times.,Return from COBYLA because the objective function has been evaluated MAXFUN times.,300,300,budget_exhausted_uncertain,0.698294441940061,0.5414661074119677,0.5417035755572571,0.5368475358150351,0.15659086638280384,0.0002752842014639434,True,False,34.02528840000741
xxz,iid,131,500,0.9090909090909091,0.9090909090909092,0.9166666666666666,1.0,0.5102164446457377,0.16158881986557744,0.3169912783477071,0.9090909090909092,0.53,0.9545454545454546,0.030000000000000027,0.6818181818181819,0.4126836918256817,0.6228598530432367,0.21017616121755495,False,False,Return from COBYLA because the objective function has been evaluated MAXFUN times.,Return from COBYLA because the objective function has been evaluated MAXFUN times.,600,600,budget_exhausted_uncertain,0.6962675753085471,0.5147237130511557,0.5147237130511557,0.5089303201585974,0.1815438622573914,0.00023972356148671548,True,False,64.65674510000099
xxz,iid,151,100,0.9090909090909091,0.9090909090909092,0.9166666666666666,1.0,0.5273152590643099,0.16900472677630754,0.31270088665577445,0.9090909090909092,0.54,1.0,0.040000000000000036,0.7272727272727273,0.4286540090805588,0.615655082956503,0.18700107387594417,True,False,Return from COBYLA because the objective function has been evaluated MAXFUN times.,Return from COBYLA because the objective function has been evaluated MAXFUN times.,300,300,plateau_converged,0.6955072805561285,0.5375688221411506,0.5377971442645336,0.549426918831483,0.15771013629159492,-7.924225985478373e-05,True,True,32.76521050000156
xxz,iid,151,200,0.9090909090909091,0.9090909090909092,0.9166666666666666,1.0,0.5123429132374123,0.1619764007858462,0.3054483178788201,0.9090909090909092,0.53,1.0,0.030000000000000027,0.7272727272727273,0.41321508767480636,0.6181799784139184,0.204964890739112,False,False,Return from COBYLA because the objective function has been evaluated MAXFUN times.,Return from COBYLA because the objective function has been evaluated MAXFUN times.,600,600,budget_exhausted_uncertain,0.6878850576533859,0.5242208145670261,0.5242208145670261,0.536724867258,0.16366424308635985,0.0001650672747836035,True,False,64.6828172000096
xxz,iid,151,300,0.9545454545454546,0.9545454545454546,0.9565217391304348,1.0,0.550936592753059,0.18006803989589254,0.37548343022843556,0.9545454545454546,0.52,1.0,0.020000000000000018,0.6818181818181819,0.4265178911562918,0.5835896574479339,0.1570717662916421,False,False,Return from COBYLA because the objective function has been evaluated MAXFUN times.,Return from COBYLA because the objective function has been evaluated MAXFUN times.,300,300,budget_exhausted_uncertain,0.6972818694170382,0.559618246844693,0.559618246844693,0.5711605155484897,0.1376636225723452,0.0006072905516228966,True,False,31.42127750000509
xxz,iid,151,400,0.9545454545454546,0.9545454545454546,0.9565217391304348,1.0,0.5263731580369228,0.1684376968281471,0.36099156626095885,0.9545454545454546,0.52,1.0,0.020000000000000018,0.7272727272727273,0.412138738643367,0.5989322752183619,0.18679353657499492,False,False,Return from COBYLA because the objective function has been evaluated MAXFUN times.,Return from COBYLA because the objective function has been evaluated MAXFUN times.,300,300,budget_exhausted_uncertain,0.698403160668749,0.5374521963147904,0.5374521963147904,0.5498095247314916,0.16095096435395861,0.0006357412111546168,True,False,31.33821689999604
xxz,iid,151,500,0.8181818181818182,0.8181818181818181,0.8461538461538461,1.0,0.5668520804815936,0.18777096259479312,0.275332269591356,0.8181818181818181,0.54,1.0,0.040000000000000036,0.5,0.46196022460502156,0.6014671149572858,0.1395068903522642,False,False,Return from COBYLA because the objective function has been evaluated MAXFUN times.,Return from COBYLA because the objective function has been evaluated MAXFUN times.,300,300,budget_exhausted_uncertain,0.6963912490165222,0.5754944583255479,0.5756389951269011,0.5825004731591008,0.12075225388962108,9.543632113140355e-06,True,False,30.764511400004267
xxz,iid,181,100,0.8181818181818182,0.8181818181818181,0.8461538461538461,1.0,0.568059377055879,0.18876766786979698,0.2424384621760268,0.8181818181818181,0.53,0.9545454545454546,0.030000000000000027,0.6363636363636364,0.45561353286070394,0.5958770330470502,0.14026350018634626,False,False,Return from COBYLA because the objective function has been evaluated MAXFUN times.,Return from COBYLA because the objective function has been evaluated MAXFUN times.,300,300,budget_exhausted_uncertain,0.6955159380369281,0.535987956145567,0.5361472400048801,0.5214652571532904,0.159368698032048,0.0004737450126620635,True,False,30.284748200007016
xxz,iid,181,200,0.7727272727272727,0.7727272727272727,0.8148148148148148,1.0,0.5626569551260607,0.18633403930125206,0.22715987598398513,0.7727272727272727,0.54,1.0,0.040000000000000036,0.6363636363636364,0.4591112725809797,0.6069818946352187,0.14787062205423895,False,False,Return from COBYLA because the objective function has been evaluated MAXFUN times.,Return from COBYLA because the objective function has been evaluated MAXFUN times.,300,300,budget_exhausted_uncertain,0.6874548457324053,0.5291063402558427,0.5291063402558427,0.5124890039946359,0.15834850547656265,0.0005463853209688452,True,False,32.09888750000391
xxz,iid,181,300,0.8636363636363636,0.8636363636363636,0.88,1.0,0.5545376254179109,0.1824442507423384,0.28028009175868973,0.8636363636363636,0.53,0.9545454545454546,0.030000000000000027,0.6363636363636364,0.4474522189135486,0.6043101334589668,0.1568579145454182,False,False,Return from COBYLA because the objective function has been evaluated MAXFUN times.,Return from COBYLA because the objective function has been evaluated MAXFUN times.,900,900,budget_exhausted_uncertain,0.697339696062969,0.5195807444714104,0.5195807444714104,0.5037680069286158,0.17775895159155852,0.00015805066649077215,True,False,95.83320300000196
xxz,iid,181,400,0.9090909090909091,0.9090909090909092,0.9166666666666666,1.0,0.5697768546878437,0.18952261295914097,0.3368438799335114,0.9090909090909092,0.52,0.9545454545454546,0.020000000000000018,0.6363636363636364,0.44923553333449456,0.5867268753773208,0.13749134204282626,False,False,Return from COBYLA because the objective function has been evaluated MAXFUN times.,Return from COBYLA because the objective function has been evaluated MAXFUN times.,300,300,budget_exhausted_uncertain,0.698494247700596,0.5383300727566775,0.5383300727566775,0.5249020372255943,0.16016417494391844,0.0007543598272650165,True,False,33.62652460001118
xxz,iid,181,500,0.7727272727272727,0.7727272727272727,0.8148148148148148,1.0,0.544833213026134,0.1781753372358561,0.2545162560420945,0.7727272727272727,0.54,0.9545454545454546,0.040000000000000036,0.6818181818181819,0.4483084143390838,0.6188940828066362,0.17058566846755235,False,False,Return from COBYLA because the objective function has been evaluated MAXFUN times.,Return from COBYLA because the objective function has been evaluated MAXFUN times.,600,600,budget_exhausted_uncertain,0.6964234760552471,0.5058950784932654,0.5058950784932654,0.48778176903915416,0.1905283975619817,0.00017747778935750524,True,False,65.40834689998883
xxz,parameter_block,11,100,0.6049382716049383,0.627906976744186,0.4074074074074074,1.0,0.618620590717695,0.21365356816744172,0.3334932490269488,0.627906976744186,0.5,0.627906976744186,0.0,0.5,0.3832629222239804,0.47901142733787,0.0957485051138896,False,False,Return from COBYLA because the objective function has been evaluated MAXFUN times.,Return from COBYLA because the objective function has been evaluated MAXFUN times.,600,600,budget_exhausted_uncertain,0.7155042709200847,0.36132695799547754,0.36132695799547754,0.5697006273797645,0.3541773129246072,0.00011923261324009449,True,False,64.7170815999998
xxz,parameter_block,11,200,0.4691358024691358,0.5,0.0,1.0,0.6340013317408473,0.22150681336739242,0.40213976357752135,0.5,0.49,0.5,-0.010000000000000009,0.5,0.371988676830264,0.45779253629642686,0.08580385946616287,False,False,Return from COBYLA because the objective function has been evaluated MAXFUN times.,Return from COBYLA because the objective function has been evaluated MAXFUN times.,300,300,budget_exhausted_uncertain,0.7387598733344822,0.38401793557214886,0.38401793557214886,0.603723014334892,0.35474193776233337,0.00034762108367958344,True,False,32.911338299993076
xxz,parameter_block,11,300,0.4691358024691358,0.5,0.0,1.0,0.6486980702086792,0.22897342338246893,0.4527762456384997,0.5,0.46,0.5697674418604651,-0.03999999999999998,0.5,0.36176173148859814,0.4388642133204027,0.07710248183180457,False,False,Return from COBYLA because the objective function has been evaluated MAXFUN times.,Return from COBYLA because the objective function has been evaluated MAXFUN times.,600,600,budget_exhausted_uncertain,0.7039427539763663,0.4017246724276779,0.4017246724276779,0.6356641692372574,0.3022180815486884,0.0003230385131445246,True,False,63.376181200001156
xxz,parameter_block,11,400,0.4691358024691358,0.5,0.0,1.0,0.6715498024239219,0.24097887483216227,0.2092695143576595,0.5,0.42000000000000004,0.5813953488372093,-0.07999999999999996,0.5,0.32580887770600964,0.4005143805038394,0.07470550279782978,False,False,Return from COBYLA because the objective function has been evaluated MAXFUN times.,Return from COBYLA because the objective function has been evaluated MAXFUN times.,300,300,budget_exhausted_uncertain,0.6946969604218953,0.4048198220101903,0.4049074576530898,0.6865501957278184,0.28978950276880555,0.0002986795107576268,True,False,32.05429859999276
xxz,parameter_block,11,500,0.4691358024691358,0.5,0.0,1.0,0.6639851001344592,0.23712912132016728,0.2567283027778299,0.5,0.43,0.6046511627906976,-0.07,0.5,0.3332694079346527,0.4103073207114499,0.07703791277679717,False,False,Return from COBYLA because the objective function has been evaluated MAXFUN times.,Return from COBYLA because the objective function has been evaluated MAXFUN times.,600,600,budget_exhausted_uncertain,0.6828183579932184,0.3933982816659076,0.3934158220218283,0.6696605869666084,0.28940253597139015,0.0001181932867067581,True,False,63.021015499994974
xxz,parameter_block,11,600,0.4691358024691358,0.5,0.0,1.0,0.6399275307394822,0.2242853991539651,0.38537821858865895,0.5,0.48000000000000004,0.5697674418604651,-0.019999999999999962,0.5,0.3793946226884996,0.45734291623136647,0.07794829354286686,False,False,Return from COBYLA because the objective function has been evaluated MAXFUN times.,Return from COBYLA because the objective function has been evaluated MAXFUN times.,300,300,budget_exhausted_uncertain,0.714734051965821,0.40557625626207744,0.4056304406259926,0.6149623576995968,0.30910361133982833,2.22252420479796e-05,True,False,30.988464599999133
xxz,parameter_block,11,700,0.4691358024691358,0.5,0.0,1.0,0.6317952527052375,0.22046434618510122,0.41082101926539416,0.5,0.49,0.5116279069767442,-0.010000000000000009,0.5,0.3699333730220301,0.4584183503665794,0.0884849773445493,False,False,Return from COBYLA because the objective function has been evaluated MAXFUN times.,Return from COBYLA because the objective function has been evaluated MAXFUN times.,600,600,budget_exhausted_uncertain,0.6907449223564114,0.37860538671392807,0.37860538671392807,0.5999671920656552,0.3121395356424833,0.0002235614921162199,True,False,61.425958799998625
xxz,parameter_block,11,800,0.4691358024691358,0.5,0.0,1.0,0.655973939142985,0.23280632932596276,0.3790401022916773,0.5,0.45,0.5581395348837209,-0.04999999999999999,0.5,0.350269722574213,0.4261083884654404,0.0758386658912274,False,False,Return from COBYLA because the objective function has been evaluated MAXFUN times.,Return from COBYLA because the objective function has been evaluated MAXFUN times.,300,300,budget_exhausted_uncertain,0.667003839929126,0.4032189799241112,0.40359020076982877,0.6531653074958401,0.2634136391592973,0.0005825649336353433,True,False,31.331442199996673
xxz,parameter_block,11,900,0.4691358024691358,0.5,0.0,1.0,0.6339558527560947,0.22154957050234217,0.4118830027587951,0.5,0.48000000000000004,0.5697674418604651,-0.019999999999999962,0.5,0.3692586845946413,0.4560900960930956,0.0868314114984543,False,False,Return from COBYLA because the objective function has been evaluated MAXFUN times.,Return from COBYLA because the objective function has been evaluated MAXFUN times.,300,300,budget_exhausted_uncertain,0.7093373059971211,0.38667864190315687,0.38667864190315687,0.6058741050493747,0.3226586640939642,0.0007362691016796208,True,False,31.26131920001353
xxz,parameter_block,11,1000,0.4691358024691358,0.5,0.0,1.0,0.6251751571103068,0.2171715498080234,0.3975408745976574,0.5,0.5,0.5,0.0,0.5,0.3705140056956481,0.46465244728085564,0.09413844158520757,True,False,Return from COBYLA because the objective function has been evaluated MAXFUN times.,Return from COBYLA because the objective function has been evaluated MAXFUN times.,600,600,plateau_converged,0.6641563624924706,0.3780002389981665,0.3780002389981665,0.5858731818441273,0.2861561234943041,1.4504831161166187e-05,True,True,62.57332409999799
xxz,critical_holdout,11,100,0.5151515151515151,0.5,0.68,1.0,0.657894343425036,0.23261299370473373,0.04151215208715764,0.5,0.5,0.5,0.0,0.5,0.5366760934495624,0.5754755013931298,0.0387994079435674,False,False,Return from COBYLA because the objective function has been evaluated MAXFUN times.,Return from COBYLA because the objective function has been evaluated MAXFUN times.,300,300,budget_exhausted_uncertain,0.6963686189973173,0.5118078656119648,0.5119032589416173,0.49379182581441866,0.18446536005570002,0.00035247666770088504,True,False,31.916396200002055
xxz,critical_holdout,11,200,0.6666666666666666,0.65625,0.7555555555555555,1.0,0.6518316998542869,0.22943603188535677,0.1349906670031326,0.65625,0.5,0.65625,0.0,0.5,0.508094662051877,0.550431283537086,0.042336621485209,False,False,Return from COBYLA because the objective function has been evaluated MAXFUN times.,Return from COBYLA because the objective function has been evaluated MAXFUN times.,300,300,budget_exhausted_uncertain,0.6841057859940306,0.49559499263469375,0.4957505385404738,0.47868919899965584,0.1883552474535568,0.0005969094058259627,True,False,30.663933000003453
xxz,critical_holdout,11,300,0.5151515151515151,0.5,0.68,1.0,0.6629155713792796,0.23497674097662463,0.022519835439373304,0.5,0.5,0.5,0.0,0.5,0.5215560032744886,0.5528387363004413,0.03128273302595275,False,False,Return from COBYLA because the objective function has been evaluated MAXFUN times.,Return from COBYLA because the objective function has been evaluated MAXFUN times.,300,300,budget_exhausted_uncertain,0.6982813361790625,0.5482521286750861,0.5483886089761749,0.5321649628559595,0.1498927272028876,0.0005409986807453082,True,False,30.62068310000177
xxz,critical_holdout,11,400,0.6060606060606061,0.59375,0.723404255319149,1.0,0.6551320599883489,0.23108799645759487,0.07300612442666835,0.59375,0.5,0.59375,0.0,0.5,0.5124804720285409,0.5515032996901921,0.039022827661651216,False,False,Return from COBYLA because the objective function has been evaluated MAXFUN times.,Return from COBYLA because the objective function has been evaluated MAXFUN times.,300,300,budget_exhausted_uncertain,0.6992496063648594,0.5090528967853359,0.5090528967853359,0.4930333292817386,0.1901967095795235,0.0008224117719354274,True,False,30.870200899997144
xxz,critical_holdout,11,500,0.7272727272727273,0.71875,0.7906976744186046,1.0,0.6556284409262748,0.23129477425332948,0.2014368022270402,0.71875,0.5,0.71875,0.0,0.5,0.503156910606844,0.5412237642819859,0.038066853675141954,False,False,Return from COBYLA because the objective function has been evaluated MAXFUN times.,Return from COBYLA because the objective function has been evaluated MAXFUN times.,600,600,budget_exhausted_uncertain,0.6964306533971297,0.5103357195886117,0.5103357195886117,0.49658506948698206,0.18609493380851805,9.312222292701122e-05,True,False,62.610977200005436
xxz,critical_holdout,23,100,0.5151515151515151,0.5,0.68,1.0,0.6519323043801639,0.2295757982289357,0.029605601004244586,0.5,0.5,0.5,0.0,0.5,0.5223796491918552,0.5658182615335523,0.0434386123416971,False,False,Return from COBYLA because the objective function has been evaluated MAXFUN times.,Return from COBYLA because the objective function has been evaluated MAXFUN times.,300,300,budget_exhausted_uncertain,0.6963581110425038,0.4931425006950956,0.49317391610546335,0.4857183117033871,0.20318419493704043,0.0007160651178120259,True,False,31.414560799996252
xxz,critical_holdout,23,200,0.6060606060606061,0.59375,0.723404255319149,1.0,0.6538680569522805,0.23045927749884476,0.07293631192740777,0.59375,0.5,0.59375,0.0,0.5,0.5116051091277082,0.5519421325071406,0.04033702337943246,False,False,Return from COBYLA because the objective function has been evaluated MAXFUN times.,Return from COBYLA because the objective function has been evaluated MAXFUN times.,300,300,budget_exhausted_uncertain,0.6837978665061789,0.5004000736563011,0.5004000736563011,0.49409990875170384,0.18339779284987778,0.0008325267858918517,True,False,31.189184600007138
xxz,critical_holdout,23,300,0.6060606060606061,0.59375,0.723404255319149,1.0,0.6476927302774218,0.22743387506156723,0.06671685927589434,0.59375,0.5,0.59375,0.0,0.5,0.5142261672514519,0.5615321839267101,0.047306016675258244,False,False,Return from COBYLA because the objective function has been evaluated MAXFUN times.,Return from COBYLA because the objective function has been evaluated MAXFUN times.,900,900,budget_exhausted_uncertain,0.6983226351884816,0.47570847182781684,0.47570847182781684,0.46854634585739485,0.22261416336066475,0.00020080600170363505,True,False,132.5132952999993
xxz,critical_holdout,23,400,0.6060606060606061,0.59375,0.723404255319149,1.0,0.6569304375668786,0.23197146332023827,0.07495535884603766,0.59375,0.5,0.59375,0.0,0.5,0.5114580199677221,0.5484747361359773,0.03701671616825519,False,False,Return from COBYLA because the objective function has been evaluated MAXFUN times.,Return from COBYLA because the objective function has been evaluated MAXFUN times.,300,300,budget_exhausted_uncertain,0.6992527900753824,0.5131580689903568,0.5131580689903568,0.5091610709328308,0.18609472108502567,0.0009966307763286109,True,False,31.649760000000242
xxz,critical_holdout,23,500,0.5454545454545454,0.53125,0.6938775510204082,1.0,0.6588170071807244,0.23291937582269606,0.01775865811925984,0.53125,0.5,0.53125,0.0,0.5,0.5147822910460909,0.5499717094822424,0.03518941843615153,False,False,Return from COBYLA because the objective function has been evaluated MAXFUN times.,Return from COBYLA because the objective function has been evaluated MAXFUN times.,300,300,budget_exhausted_uncertain,0.6964001165307017,0.5245491075706453,0.524555068242261,0.5196184759044049,0.17184504828844072,0.000508076622677267,True,False,31.792336300000898
xxz,critical_holdout,37,100,0.5757575757575758,0.5625,0.7083333333333334,1.0,0.6492252326914549,0.22821018622569986,0.034449671759937975,0.5625,0.5,0.5625,0.0,0.5,0.5174553814904981,0.5633694602809375,0.045914078790439405,False,False,Return from COBYLA because the objective function has been evaluated MAXFUN times.,Return from COBYLA because the objective function has been evaluated MAXFUN times.,600,600,budget_exhausted_uncertain,0.6963276914019507,0.47750797878332174,0.47750797878332174,0.49761934331228597,0.21881971261862898,0.00043541133135699406,True,False,83.21577539999271
xxz,critical_holdout,37,200,0.5151515151515151,0.5,0.68,1.0,0.6537485804924938,0.2304578551300422,0.02725086510527519,0.5,0.5,0.5,0.0,0.5,0.521135234469881,0.5624185174679991,0.04128328299811812,False,False,Return from COBYLA because the objective function has been evaluated MAXFUN times.,Return from COBYLA because the objective function has been evaluated MAXFUN times.,600,600,budget_exhausted_uncertain,0.6831339677564684,0.49248569848701973,0.49248569848701973,0.5112158909949809,0.19064826926944867,0.0002261111946364469,True,False,96.25873380000121
xxz,critical_holdout,37,300,0.5454545454545454,0.53125,0.6938775510204082,1.0,0.6542559694245393,0.2306773616488725,0.022038349402279903,0.53125,0.5,0.53125,0.0,0.5,0.5164421804489039,0.5567170966525161,0.04027491620361223,False,False,Return from COBYLA because the objective function has been evaluated MAXFUN times.,Return from COBYLA because the objective function has been evaluated MAXFUN times.,600,600,budget_exhausted_uncertain,0.6983896563037342,0.4978222303097349,0.4978222303097349,0.516855977141388,0.2005674259939993,0.00018141372910818188,True,False,98.85975909999979
xxz,critical_holdout,37,400,0.7272727272727273,0.71875,0.7906976744186046,1.0,0.6552806651681626,0.23111929715520346,0.20190805929199585,0.71875,0.5,0.71875,0.0,0.5,0.5021100873461208,0.5405216782326193,0.03841159088649848,False,False,Return from COBYLA because the objective function has been evaluated MAXFUN times.,Return from COBYLA because the objective function has been evaluated MAXFUN times.,300,300,budget_exhausted_uncertain,0.6993668099238083,0.5057793239058406,0.5058334045600696,0.5260568941137467,0.19353340536373864,0.00042130558527841977,True,False,32.05233039999439
xxz,critical_holdout,37,500,0.6060606060606061,0.59375,0.723404255319149,1.0,0.6556602693806906,0.23134836150481786,0.07327466288948395,0.59375,0.5,0.59375,0.0,0.5,0.5124847327327325,0.5509358876157362,0.03845115488300366,False,False,Return from COBYLA because the objective function has been evaluated MAXFUN times.,Return from COBYLA because the objective function has been evaluated MAXFUN times.,300,300,budget_exhausted_uncertain,0.6963938730881282,0.5022693046189258,0.5022778944936716,0.52081868991598,0.19411597859445662,0.00047678097525749585,True,False,48.25397989999328
xxz,critical_holdout,51,100,0.5151515151515151,0.5,0.68,1.0,0.655211556958402,0.23121409877164292,0.03194324963844308,0.5,0.51,0.53125,0.010000000000000009,0.5,0.5263494642063384,0.5666197535745416,0.040270289368203205,False,False,Return from COBYLA because the objective function has been evaluated MAXFUN times.,Return from COBYLA because the objective function has been evaluated MAXFUN times.,300,300,budget_exhausted_uncertain,0.6951832949508995,0.4987248850539487,0.4987248850539487,0.5012258927226165,0.1964584098969508,0.00012616864988695964,True,False,48.311462600002415
xxz,critical_holdout,51,200,0.5151515151515151,0.5,0.68,1.0,0.6561422301961046,0.23161130714576814,0.02177972583987231,0.5,0.5,0.5,0.0,0.5,0.5172122939786497,0.5554902499445522,0.038277955965902555,True,False,Return from COBYLA because the objective function has been evaluated MAXFUN times.,Return from COBYLA because the objective function has been evaluated MAXFUN times.,300,300,plateau_converged,0.6792733476691943,0.506031626245028,0.506031626245028,0.5079234669171828,0.17324172142416638,0.0002529432482933913,True,True,51.10507590000634
xxz,critical_holdout,51,300,0.5151515151515151,0.5,0.68,1.0,0.6551092822046218,0.23119838487050393,0.036477464908507895,0.5,0.51,0.5,0.010000000000000009,0.5,0.5305282438813385,0.571488496463491,0.04096025258215252,False,False,Return from COBYLA because the objective function has been evaluated MAXFUN times.,Return from COBYLA because the objective function has been evaluated MAXFUN times.,600,600,budget_exhausted_uncertain,0.6981174321150403,0.4998253213743563,0.4998253213743563,0.5036243245195111,0.19829211074068398,0.0002684982654619361,True,False,140.17444969998905
xxz,critical_holdout,51,400,0.5454545454545454,0.53125,0.6938775510204082,1.0,0.6541815514242634,0.23064022133155676,0.021988037960662284,0.53125,0.5,0.53125,0.0,0.5,0.5163537563837766,0.5567026559153784,0.04034889953160181,False,False,Return from COBYLA because the objective function has been evaluated MAXFUN times.,Return from COBYLA because the objective function has been evaluated MAXFUN times.,300,300,budget_exhausted_uncertain,0.6997454209003428,0.5008287710738686,0.5009359789174285,0.5038424648509279,0.19880944198291428,0.0005008434111525295,True,False,72.6158460000006
xxz,critical_holdout,51,500,0.5151515151515151,0.5,0.68,1.0,0.654621430317118,0.23095337630957447,0.035938685300983875,0.5,0.51,0.5,0.010000000000000009,0.5,0.5297646713560034,0.5711612866609654,0.04139661530496208,False,False,Return from COBYLA because the objective function has been evaluated MAXFUN times.,Return from COBYLA because the objective function has been evaluated MAXFUN times.,600,600,budget_exhausted_uncertain,0.6972853502348284,0.4989812110691964,0.4989812110691964,0.503088615532508,0.198304139165632,0.00032017491886326965,True,False,136.9442335000058
xxz,critical_holdout,71,100,0.5151515151515151,0.5,0.68,1.0,0.6523560675961694,0.22978406171767232,0.029442421467016366,0.5,0.5,0.5,0.0,0.5,0.5224549307672464,0.5654306480079764,0.042975717240730016,False,False,Return from COBYLA because the objective function has been evaluated MAXFUN times.,Return from COBYLA because the objective function has been evaluated MAXFUN times.,300,300,budget_exhausted_uncertain,0.6963030432357965,0.4898121576559884,0.4898626780579826,0.5027809042577571,0.2064403651778139,0.00015945285176605095,True,False,72.50011170000653
xxz,critical_holdout,71,200,0.6363636363636364,0.625,0.7391304347826086,1.0,0.6524846417213235,0.22977272473288382,0.10291242916355184,0.625,0.5,0.625,0.0,0.5,0.5109189299022201,0.5527144462832564,0.04179551638103629,False,False,Return from COBYLA because the objective function has been evaluated MAXFUN times.,Return from COBYLA because the objective function has been evaluated MAXFUN times.,300,300,budget_exhausted_uncertain,0.6833045849121995,0.4919675651916919,0.4919675651916919,0.5062003667050129,0.1913370197205076,0.0003982506003348818,True,False,71.73868329999095
xxz,critical_holdout,71,300,0.5757575757575758,0.5625,0.7083333333333334,1.0,0.6539743499960244,0.23053409955699733,0.03905783251689312,0.5625,0.5,0.5625,0.0,0.5,0.5156792543121751,0.556198733927792,0.04051947961561686,False,False,Return from COBYLA because the objective function has been evaluated MAXFUN times.,Return from COBYLA because the objective function has been evaluated MAXFUN times.,600,600,budget_exhausted_uncertain,0.698361118035549,0.49824009044648504,0.49824009044648504,0.5111628648774207,0.20012102758906397,0.00027824039946888757,True,False,132.76494439999806
xxz,critical_holdout,71,400,0.7878787878787878,0.78125,0.8292682926829268,1.0,0.6545856356553499,0.23076383584340887,0.2639380266829352,0.78125,0.5,0.78125,0.0,0.5,0.4985602416178935,0.5376524595288178,0.03909221791092432,False,False,Return from COBYLA because the objective function has been evaluated MAXFUN times.,Return from COBYLA because the objective function has been evaluated MAXFUN times.,300,300,budget_exhausted_uncertain,0.6993022152850586,0.5041121916143004,0.5042185781680956,0.5188088783579884,0.19508363711696308,0.0003415310973488017,True,False,74.39686809999694
xxz,critical_holdout,71,500,0.6363636363636364,0.625,0.7391304347826086,1.0,0.6544786134746481,0.23074920041818556,0.10551928533390553,0.625,0.5,0.625,0.0,0.5,0.5092352600390632,0.548772265145026,0.03953700510596281,False,False,Return from COBYLA because the objective function has been evaluated MAXFUN times.,Return from COBYLA because the objective function has been evaluated MAXFUN times.,300,300,budget_exhausted_uncertain,0.6963440296682386,0.4998970219094294,0.4999187027795437,0.5132940271927733,0.1964253268886949,0.0003882090458645071,True,False,73.6824970000016
xxz,critical_holdout,89,100,0.6666666666666666,0.65625,0.7555555555555555,1.0,0.6531194504551017,0.2300689419482382,0.1363229347434886,0.65625,0.5,0.65625,0.0,0.5,0.5073971591752555,0.5483065745462312,0.0409094153709757,False,False,Return from COBYLA because the objective function has been evaluated MAXFUN times.,Return from COBYLA because the objective function has been evaluated MAXFUN times.,600,600,budget_exhausted_uncertain,0.6963407285991926,0.4943736814623905,0.4943736814623905,0.5251799413299225,0.20196704713680208,0.00017346688942171395,True,False,121.01409900000726
xxz,critical_holdout,89,200,0.6363636363636364,0.625,0.7391304347826086,1.0,0.6549992089214544,0.23101043494567566,0.10529370149680187,0.625,0.5,0.625,0.0,0.5,0.5100065466286361,0.5490237177575807,0.03901717112894465,False,False,Return from COBYLA because the objective function has been evaluated MAXFUN times.,Return from COBYLA because the objective function has been evaluated MAXFUN times.,300,300,budget_exhausted_uncertain,0.6828097186314015,0.5002253503717342,0.5003491094088781,0.530901448906852,0.18246060922252338,0.00017024262655407352,True,False,64.18703010000172
xxz,critical_holdout,89,300,0.5151515151515151,0.5,0.68,1.0,0.6613018022127469,0.23425614723944463,0.036445348579633885,0.5,0.51,0.5,0.010000000000000009,0.5,0.5338187458086563,0.5683292100111422,0.034510464202485935,False,False,Return from COBYLA because the objective function has been evaluated MAXFUN times.,Return from COBYLA because the objective function has been evaluated MAXFUN times.,300,300,budget_exhausted_uncertain,0.6984406684859802,0.5271614468293092,0.5271614468293092,0.5506787193180782,0.17127922165667098,0.000521968694095376,True,False,64.40553700001328
xxz,critical_holdout,89,400,0.5757575757575758,0.5625,0.7083333333333334,1.0,0.6566961732067942,0.2318698549287373,0.0418986580277651,0.5625,0.5,0.5625,0.0,0.5,0.5144053668534039,0.5518636372162546,0.037458270362850765,False,False,Return from COBYLA because the objective function has been evaluated MAXFUN times.,Return from COBYLA because the objective function has been evaluated MAXFUN times.,300,300,budget_exhausted_uncertain,0.6994184896382015,0.5067091665377363,0.5067091665377363,0.5357371030721696,0.19270932310046518,0.0001514626634527838,True,False,56.70288069998787
xxz,critical_holdout,89,500,0.5151515151515151,0.5,0.68,1.0,0.6483770782744029,0.22796222966537064,0.11668864425337394,0.5,0.5,0.5,0.0,0.5,0.5345808665770408,0.5838787413411863,0.04929787476414549,False,False,Return from COBYLA because the objective function has been evaluated MAXFUN times.,Return from COBYLA because the objective function has been evaluated MAXFUN times.,600,600,budget_exhausted_uncertain,0.6964120694730712,0.45843267519983194,0.45859612789605203,0.4912097512185496,0.23781594157701919,0.0008090666908693867,True,False,116.47890830000688
xxz,critical_holdout,101,100,0.5151515151515151,0.5,0.68,1.0,0.6543879792429945,0.23084585308599492,0.036920302989469356,0.5,0.51,0.5,0.010000000000000009,0.5,0.5305509547422874,0.5723267483985819,0.04177579365629447,False,False,Return from COBYLA because the objective function has been evaluated MAXFUN times.,Return from COBYLA because the objective function has been evaluated MAXFUN times.,600,600,budget_exhausted_uncertain,0.6963938294256241,0.4977963465139737,0.4977963465139737,0.4865289043901252,0.1985974829116504,0.00028923532371155636,True,False,116.9707197000098
xxz,critical_holdout,101,200,0.5151515151515151,0.5,0.68,1.0,0.6548598798068103,0.23100805626062146,0.027244727647165012,0.5,0.51,0.59375,0.010000000000000009,0.5,0.5217293858066712,0.561847402320571,0.04011801651389979,False,False,Return from COBYLA because the objective function has been evaluated MAXFUN times.,Return from COBYLA because the objective function has been evaluated MAXFUN times.,300,300,budget_exhausted_uncertain,0.683900416009244,0.50133036654632,0.5014812431119612,0.49185866556769176,0.18241917289728282,0.00014438587472054287,True,False,55.796499599993695
xxz,critical_holdout,101,300,0.6363636363636364,0.625,0.7391304347826086,1.0,0.6487967917416173,0.22796093164861367,0.09971150984174074,0.625,0.5,0.625,0.0,0.5,0.5119016933918654,0.5577972267744491,0.045895533382583675,False,False,Return from COBYLA because the objective function has been evaluated MAXFUN times.,Return from COBYLA because the objective function has been evaluated MAXFUN times.,900,900,budget_exhausted_uncertain,0.6983136469186281,0.4800148017755896,0.4800148017755896,0.4694905860994469,0.2182988451430385,0.0007978391455569223,True,False,186.78145510000468
xxz,critical_holdout,101,400,0.5151515151515151,0.5,0.68,1.0,0.6570909743011345,0.23213879551376515,0.031240320753158968,0.5,0.51,0.53125,0.010000000000000009,0.5,0.5267009842867905,0.5649244021332708,0.03822341784648031,False,False,Return from COBYLA because the objective function has been evaluated MAXFUN times.,Return from COBYLA because the objective function has been evaluated MAXFUN times.,300,300,budget_exhausted_uncertain,0.6992988066348168,0.5111487847452154,0.5111487847452154,0.5010199424552192,0.1881500218896014,0.0003936210011282748,True,False,56.31125939999765
xxz,critical_holdout,101,500,0.5454545454545454,0.53125,0.6938775510204082,1.0,0.6544415167311941,0.2307688074127469,0.02205519311455821,0.53125,0.5,0.53125,0.0,0.5,0.5165582981241791,0.5566405060466798,0.04008220792250072,False,False,Return from COBYLA because the objective function has been evaluated MAXFUN times.,Return from COBYLA because the objective function has been evaluated MAXFUN times.,600,600,budget_exhausted_uncertain,0.6964713249609904,0.49810949394661946,0.49810949394661946,0.49091739716182753,0.19836183101437094,0.0002504993606267103,True,False,125.06207719999657
xxz,critical_holdout,131,100,0.5151515151515151,0.5,0.68,1.0,0.6526904654199425,0.23001049970380302,0.03716216409046913,0.5,0.5,0.5,0.0,0.5,0.529859843462201,0.5734467011523682,0.043586857690167125,False,False,Return from COBYLA because the objective function has been evaluated MAXFUN times.,Return from COBYLA because the objective function has been evaluated MAXFUN times.,600,600,budget_exhausted_uncertain,0.6964213122365331,0.48969099105496905,0.48969099105496905,0.48513294571347615,0.2067303211815641,0.000344899918127084,True,False,125.06414790000417
xxz,critical_holdout,131,200,0.6060606060606061,0.59375,0.723404255319149,1.0,0.6529227929874657,0.22999894824524048,0.07134708432188605,0.59375,0.5,0.59375,0.0,0.5,0.5127560895622624,0.554199564604802,0.041443475042539646,False,False,Return from COBYLA because the objective function has been evaluated MAXFUN times.,Return from COBYLA because the objective function has been evaluated MAXFUN times.,300,300,budget_exhausted_uncertain,0.6837024432106246,0.4959358080381151,0.49609065514468415,0.4926543621682535,0.18761178806594042,-0.00010685893747292008,True,False,64.26689410000108
xxz,critical_holdout,131,300,0.5151515151515151,0.5,0.68,1.0,0.6558603128346314,0.23147536706743727,0.022430555501096072,0.5,0.5,0.5,0.0,0.5,0.517683862140919,0.5563097963106743,0.03862593416975535,False,False,Return from COBYLA because the objective function has been evaluated MAXFUN times.,Return from COBYLA because the objective function has been evaluated MAXFUN times.,600,600,budget_exhausted_uncertain,0.6983580973596976,0.508754607207705,0.508754607207705,0.5044679936518515,0.18960349015199252,0.00024515448517536953,True,False,129.96303529999568
xxz,critical_holdout,131,400,0.6666666666666666,0.65625,0.7555555555555555,1.0,0.6548368087183204,0.23091646127574786,0.13790814510807678,0.65625,0.5,0.65625,0.0,0.5,0.5068408613701185,0.5458781395997248,0.03903727822960623,False,False,Return from COBYLA because the objective function has been evaluated MAXFUN times.,Return from COBYLA because the objective function has been evaluated MAXFUN times.,300,300,budget_exhausted_uncertain,0.699337436863308,0.5079252048873968,0.5080828465536785,0.5041918510786538,0.19125459030962944,0.00015425244019706685,True,False,65.58632580000267
xxz,critical_holdout,131,500,0.5454545454545454,0.53125,0.6938775510204082,1.0,0.6544626575775926,0.23078261586591886,0.022636980139661686,0.53125,0.5,0.53125,0.0,0.5,0.5171268092696977,0.5572347880172749,0.04010797874757721,False,False,Return from COBYLA because the objective function has been evaluated MAXFUN times.,Return from COBYLA because the objective function has been evaluated MAXFUN times.,600,600,budget_exhausted_uncertain,0.6965026489285752,0.4978567250016395,0.4978567250016395,0.4973216329888931,0.19864592392693564,0.0002828418054880433,True,False,135.42040489999636
xxz,critical_holdout,151,100,0.5151515151515151,0.5,0.68,1.0,0.6568697922171663,0.23202220605102117,0.03017151242351379,0.5,0.5,0.5,0.0,0.5,0.5255767543968779,0.5639077552721123,0.038331000875234444,False,False,Return from COBYLA because the objective function has been evaluated MAXFUN times.,Return from COBYLA because the objective function has been evaluated MAXFUN times.,300,300,budget_exhausted_uncertain,0.6953261880725409,0.503415122399482,0.5035523663276709,0.5254767916516395,0.19177382174487,0.0003195420476782562,True,False,67.86664180000662
xxz,critical_holdout,151,200,0.5151515151515151,0.5,0.68,1.0,0.6568224059078469,0.2320081267154736,0.031591182112063354,0.5,0.5,0.5,0.0,0.5,0.5268859513379074,0.5654313993112687,0.038545447973361346,False,False,Return from COBYLA because the objective function has been evaluated MAXFUN times.,Return from COBYLA because the objective function has been evaluated MAXFUN times.,300,300,budget_exhausted_uncertain,0.6786917952112297,0.5014495409783125,0.5014770060010868,0.5240870750459172,0.1772147892101429,0.0004224346057477568,True,False,65.685596299998
xxz,critical_holdout,151,300,0.7575757575757576,0.75,0.8095238095238095,1.0,0.6611314259948997,0.2340205555152766,0.23692362683887574,0.75,0.5,0.75,0.0,0.5,0.5004964158962772,0.5327248975365457,0.03222848164026848,False,False,Return from COBYLA because the objective function has been evaluated MAXFUN times.,Return from COBYLA because the objective function has been evaluated MAXFUN times.,300,300,budget_exhausted_uncertain,0.6982539345611801,0.5267862808483535,0.5267862808483535,0.544339695718457,0.17146765371282657,0.000846763410783602,True,False,66.45194349999656
xxz,critical_holdout,151,400,0.5151515151515151,0.5,0.68,1.0,0.6548607769864588,0.23109108771024386,0.03834433904349288,0.5,0.5,0.5,0.0,0.5,0.5321256056051827,0.5736090293383732,0.04148342373319047,False,False,Return from COBYLA because the objective function has been evaluated MAXFUN times.,Return from COBYLA because the objective function has been evaluated MAXFUN times.,600,600,budget_exhausted_uncertain,0.6999355182104324,0.4925930414985437,0.4925930414985437,0.5154397970134507,0.2073424767118887,0.0001173006441596014,True,False,125.90558279999823
xxz,critical_holdout,151,500,0.5151515151515151,0.5,0.68,1.0,0.6545227321903403,0.23096264404834602,0.042704700134323925,0.5,0.5,0.5,0.0,0.5,0.5359600637058349,0.5784643579493721,0.04250429424353719,False,False,Return from COBYLA because the objective function has been evaluated MAXFUN times.,Return from COBYLA because the objective function has been evaluated MAXFUN times.,600,600,budget_exhausted_uncertain,0.6974889124361464,0.4881979848504361,0.4881979848504361,0.5120897113167682,0.20929092758571033,0.0005125749908047594,True,False,123.43246270000236
xxz,critical_holdout,181,100,0.5151515151515151,0.5,0.68,1.0,0.6522689430204371,0.22973023694636974,0.02792456721081593,0.5,0.5,0.5,0.0,0.5,0.5209734315160239,0.5638785772765023,0.042905145760478325,False,False,Return from COBYLA because the objective function has been evaluated MAXFUN times.,Return from COBYLA because the objective function has been evaluated MAXFUN times.,300,300,budget_exhausted_uncertain,0.6962177635667606,0.5005742074360942,0.5005742074360942,0.4649746386975733,0.19564355613066642,0.0006821849261713364,True,False,66.78026369999861
xxz,critical_holdout,181,200,0.6363636363636364,0.625,0.7391304347826086,1.0,0.6525348448726833,0.22979849584917336,0.10281048351773671,0.625,0.5,0.625,0.0,0.5,0.5110964115431913,0.5528488416132913,0.04175243007009999,False,False,Return from COBYLA because the objective function has been evaluated MAXFUN times.,Return from COBYLA because the objective function has been evaluated MAXFUN times.,300,300,budget_exhausted_uncertain,0.6847336892774355,0.49995465957994506,0.5001028148802972,0.463483734939896,0.18463087439713832,-0.00011897619567630136,True,False,62.643813300004695
xxz,critical_holdout,181,300,0.8181818181818182,0.8125,0.85,1.0,0.6492756931179166,0.2281175773346755,0.2924736317216555,0.8125,0.5,0.8125,0.0,0.5,0.4944313978520072,0.5391179699791527,0.04468657212714555,False,False,Return from COBYLA because the objective function has been evaluated MAXFUN times.,Return from COBYLA because the objective function has been evaluated MAXFUN times.,600,600,budget_exhausted_uncertain,0.6981373557090707,0.4938045665382012,0.4938045665382012,0.461983399108344,0.20433278917086944,0.00017934021483140272,True,False,121.96900440000172
xxz,critical_holdout,181,400,0.7878787878787878,0.78125,0.8292682926829268,1.0,0.6538587330135714,0.23040353978355868,0.2633637949965752,0.78125,0.5,0.78125,0.0,0.5,0.4987343955635737,0.5385970177164281,0.03986262215285441,False,False,Return from COBYLA because the objective function has been evaluated MAXFUN times.,Return from COBYLA because the objective function has been evaluated MAXFUN times.,300,300,budget_exhausted_uncertain,0.6990238413191383,0.5092284931728501,0.5092284931728501,0.4769026109109273,0.18979534814628818,0.0007795797835822293,True,False,61.06973159998597
xxz,critical_holdout,181,500,0.5151515151515151,0.5,0.68,1.0,0.6477741580622471,0.22755390136911396,0.033668784727706735,0.5,0.5,0.5,0.0,0.5,0.5239398842171593,0.5722371616788101,0.0482972774616508,False,False,Return from COBYLA because the objective function has been evaluated MAXFUN times.,Return from COBYLA because the objective function has been evaluated MAXFUN times.,600,600,budget_exhausted_uncertain,0.6962021830877454,0.4724840194317454,0.4724840194317454,0.4285325957185922,0.223718163656,0.0002710000225193965,True,False,120.3203041000088
cluster,iid,11,100,0.9545454545454546,0.9545454545454546,0.9565217391304348,1.0,0.3886125253549784,0.10693281524172776,0.31594618296691884,0.9545454545454546,0.55,0.9545454545454546,0.050000000000000044,0.9545454545454546,0.33899999831340466,0.7071076323795669,0.3681076340661622,False,False,Return from COBYLA because the objective function has been evaluated MAXFUN times.,Return from COBYLA because the objective function has been evaluated MAXFUN times.,600,600,budget_exhausted_uncertain,0.7009786118897919,0.4309345810852891,0.4309432366997617,0.39782053297708925,0.27003537519003024,8.912325298077173e-05,True,False,121.30262629999197
cluster,iid,11,200,0.9545454545454546,0.9545454545454546,0.9565217391304348,1.0,0.43598097078103815,0.12748966234588416,0.3472085751708882,0.9545454545454546,0.5700000000000001,0.9545454545454546,0.07000000000000006,0.9545454545454546,0.3922257806520376,0.6978086303102613,0.3055828496582237,False,False,Return from COBYLA because the objective function has been evaluated MAXFUN times.,Return from COBYLA because the objective function has been evaluated MAXFUN times.,600,600,budget_exhausted_uncertain,0.6809004911016346,0.47728278051698825,0.47728278051698825,0.44468472723540714,0.2036177105846464,0.00021725502148800535,True,False,123.2712668999884
cluster,iid,11,300,0.8636363636363636,0.8636363636363636,0.88,1.0,0.4598891983070713,0.13921791718657126,0.30322246774062933,0.8636363636363636,0.6,0.9545454545454546,0.09999999999999998,0.9090909090909092,0.43256249803599883,0.7127271065900723,0.2801646085540735,True,False,Return from COBYLA because the objective function has been evaluated MAXFUN times.,Return from COBYLA because the objective function has been evaluated MAXFUN times.,300,300,plateau_converged,0.7012818289455581,0.5025700807633434,0.5026830841008441,0.4667601264125991,0.19859874484471407,-7.681396599912294e-05,True,True,58.479970999993384
cluster,iid,11,400,0.9545454545454546,0.9545454545454546,0.9565217391304348,1.0,0.3826878664474078,0.10544812779815914,0.2546664113937013,0.9545454545454546,0.5800000000000001,0.9545454545454546,0.08000000000000007,0.9545454545454546,0.356074748574077,0.7365885424120335,0.3805137938379565,False,False,Return from COBYLA because the objective function has been evaluated MAXFUN times.,Return from COBYLA because the objective function has been evaluated MAXFUN times.,900,900,budget_exhausted_uncertain,0.7325436738857324,0.4302583424109614,0.4302583424109614,0.39246142589025096,0.302285331474771,0.00014846362925258205,True,False,184.7654848000093
cluster,iid,11,500,0.7727272727272727,0.7727272727272727,0.8148148148148148,1.0,0.536334637224129,0.1743470767201201,0.3514679441334101,0.7727272727272727,0.6,0.9545454545454546,0.09999999999999998,0.7727272727272727,0.4868577462526714,0.6719427184429204,0.185084972190249,False,False,Return from COBYLA because the objective function has been evaluated MAXFUN times.,Return from COBYLA because the objective function has been evaluated MAXFUN times.,300,300,budget_exhausted_uncertain,0.6823910529826805,0.56833431967877,0.56833431967877,0.5396134887342472,0.11405673330391053,0.0007998866022539408,True,False,64.20492649999505
cluster,iid,23,100,0.9545454545454546,0.9545454545454546,0.9565217391304348,1.0,0.38588125493986797,0.10589491671032912,0.31464961696589533,0.9545454545454546,0.55,1.0,0.050000000000000044,0.9545454545454546,0.3638044333017877,0.7345051993699969,0.37070076606820923,False,False,Return from COBYLA because the objective function has been evaluated MAXFUN times.,Return from COBYLA because the objective function has been evaluated MAXFUN times.,600,600,budget_exhausted_uncertain,0.7017113049683649,0.43438948470363153,0.43439197635118776,0.43875733554519103,0.2673193286171771,0.00021796789350569945,True,False,129.53599170000234
cluster,iid,23,200,0.9545454545454546,0.9545454545454546,0.9565217391304348,1.0,0.4430406515230626,0.13028555542981166,0.3533707268182138,0.9545454545454546,0.55,1.0,0.050000000000000044,0.9545454545454546,0.39939207428313134,0.6926506206467038,0.29325854636357246,False,False,Return from COBYLA because the objective function has been evaluated MAXFUN times.,Return from COBYLA because the objective function has been evaluated MAXFUN times.,300,300,budget_exhausted_uncertain,0.6801336068593539,0.4847790704218909,0.4847790704218909,0.48839523199400003,0.19535453643746298,0.0006002790660663004,True,False,68.34089669999958
cluster,iid,23,300,0.8181818181818182,0.8181818181818181,0.8461538461538461,1.0,0.45776962366473345,0.1391002232776881,0.35805909980656714,0.8181818181818181,0.6,1.0,0.09999999999999998,0.9090909090909092,0.44626001265050536,0.7301418130373711,0.2838818003868658,False,False,Return from COBYLA because the objective function has been evaluated MAXFUN times.,Return from COBYLA because the objective function has been evaluated MAXFUN times.,300,300,budget_exhausted_uncertain,0.701818304674642,0.5012081071786165,0.5012081071786165,0.5011972337003183,0.2006101974960255,0.0007761216857570252,True,False,68.5068084999948
cluster,iid,23,400,0.9545454545454546,0.9545454545454546,0.9565217391304348,1.0,0.3875545146288253,0.10702622936709603,0.3149725079107829,0.9545454545454546,0.56,1.0,0.06000000000000005,0.9545454545454546,0.3695454080186224,0.7396003921970564,0.370054984178434,False,False,Return from COBYLA because the objective function has been evaluated MAXFUN times.,Return from COBYLA because the objective function has been evaluated MAXFUN times.,300,300,budget_exhausted_uncertain,0.7341897441758481,0.4377531148480386,0.43803055920142897,0.44166371270205457,0.2961591849744192,-2.119732179006739e-06,True,False,68.52618650000659
cluster,iid,23,500,0.8181818181818182,0.8181818181818181,0.8461538461538461,1.0,0.5130362919164814,0.16297117714412043,0.3956005178922692,0.8181818181818181,0.5800000000000001,1.0,0.08000000000000007,0.7727272727272727,0.46490486835721345,0.6737038325726751,0.20879896421546162,False,False,Return from COBYLA because the objective function has been evaluated MAXFUN times.,Return from COBYLA because the objective function has been evaluated MAXFUN times.,300,300,budget_exhausted_uncertain,0.6815083483108847,0.5449089378619529,0.5451094004511204,0.5452155167683462,0.13639894785976425,0.00034924188659601896,True,False,66.19407789999968
cluster,iid,37,100,0.7727272727272727,0.7727272727272727,0.8148148148148148,1.0,0.5207373270891392,0.16744136812149005,0.3967695426310207,0.7727272727272727,0.52,0.8636363636363636,0.020000000000000018,0.7272727272727273,0.47075150420693423,0.6772124189448927,0.20646091473795847,False,False,Return from COBYLA because the objective function has been evaluated MAXFUN times.,Return from COBYLA because the objective function has been evaluated MAXFUN times.,300,300,budget_exhausted_uncertain,0.7022710925992239,0.4684132423416346,0.4684603364296367,0.4418719164026471,0.23381075616958724,0.000437749423984779,True,False,65.50253040000098
cluster,iid,37,200,0.7727272727272727,0.7727272727272727,0.8148148148148148,1.0,0.5177856403993069,0.16636483713627004,0.3942857393178643,0.7727272727272727,0.53,0.8636363636363636,0.030000000000000027,0.7272727272727273,0.45984246116223254,0.671270982526504,0.21142852136427143,False,False,Return from COBYLA because the objective function has been evaluated MAXFUN times.,Return from COBYLA because the objective function has been evaluated MAXFUN times.,300,300,budget_exhausted_uncertain,0.6793480435277669,0.4615091076274853,0.4615638124226256,0.43128022204933186,0.21778423110514128,0.0003530071974256477,True,False,63.98190369999793
cluster,iid,37,300,0.7272727272727273,0.7272727272727273,0.7857142857142857,1.0,0.5102641774157068,0.16511403420111018,0.2936619973697333,0.7272727272727273,0.56,0.8636363636363636,0.06000000000000005,0.7272727272727273,0.48731513775390245,0.7229422898339766,0.23562715208007412,False,False,Return from COBYLA because the objective function has been evaluated MAXFUN times.,Return from COBYLA because the objective function has been evaluated MAXFUN times.,600,600,budget_exhausted_uncertain,0.702268084230971,0.4463017999362386,0.4463017999362386,0.4079263949560453,0.2559662842947324,0.0002536776572829025,True,False,116.06427889999759
cluster,iid,37,400,0.7727272727272727,0.7727272727272727,0.8148148148148148,1.0,0.4853128464615952,0.15342630895050313,0.2777637310356573,0.7727272727272727,0.53,0.8636363636363636,0.030000000000000027,0.7727272727272727,0.4559633365205414,0.7178840552666613,0.26192071874611994,False,False,Return from COBYLA because the objective function has been evaluated MAXFUN times.,Return from COBYLA because the objective function has been evaluated MAXFUN times.,300,300,budget_exhausted_uncertain,0.7359812912600165,0.41764702121280045,0.41764702121280045,0.379884690475454,0.3183342700472161,0.0006260887443377827,True,False,58.54836860000796
cluster,iid,37,500,0.7727272727272727,0.7727272727272727,0.8148148148148148,1.0,0.5259962266759054,0.17019287425107266,0.3434851877689001,0.7727272727272727,0.53,0.8636363636363636,0.030000000000000027,0.7272727272727273,0.4766638313218145,0.6793745856680585,0.20271075434624403,False,False,Return from COBYLA because the objective function has been evaluated MAXFUN times.,Return from COBYLA because the objective function has been evaluated MAXFUN times.,600,600,budget_exhausted_uncertain,0.6805541431621468,0.47233590887132376,0.47233590887132376,0.4424269464003323,0.20821823429082303,0.00014686443766565027,True,False,115.73646200000076
cluster,iid,51,100,0.8636363636363636,0.8636363636363636,0.88,1.0,0.4357598010075318,0.1284605788239184,0.3452962605726956,0.8636363636363636,0.5700000000000001,0.9545454545454546,0.07000000000000006,0.8636363636363636,0.3950666388006177,0.7044741176552266,0.3094074788546089,False,False,Return from COBYLA because the objective function has been evaluated MAXFUN times.,Return from COBYLA because the objective function has been evaluated MAXFUN times.,600,600,budget_exhausted_uncertain,0.7019717347921752,0.4229061943846756,0.4236504450012051,0.41055456294092785,0.27832128979097015,-0.000744250616529496,True,False,115.0071195000055
cluster,iid,51,200,0.8636363636363636,0.8636363636363636,0.88,1.0,0.47868800183717947,0.14742351945047774,0.37276986978126825,0.8636363636363636,0.59,1.0,0.08999999999999997,0.8181818181818181,0.42299950422894733,0.6774597646664108,0.25446026043746345,False,False,Return from COBYLA because the objective function has been evaluated MAXFUN times.,Return from COBYLA because the objective function has been evaluated MAXFUN times.,600,600,budget_exhausted_uncertain,0.6798528070742171,0.46708550388583897,0.46708550388583897,0.44418631044821744,0.21276730318837817,9.47578567916385e-05,True,False,116.52818389999447
cluster,iid,51,300,0.8181818181818182,0.8181818181818181,0.8461538461538461,1.0,0.49981640405632083,0.15877971497571475,0.3247461021587913,0.8181818181818181,0.62,0.9545454545454546,0.12,0.8181818181818181,0.4764394553560043,0.7140301223812457,0.23759066702524145,True,False,Return from COBYLA because the objective function has been evaluated MAXFUN times.,Return from COBYLA because the objective function has been evaluated MAXFUN times.,600,600,plateau_converged,0.7019642636475071,0.489495961434407,0.489495961434407,0.4669985864657084,0.2124683022131001,4.825364570204549e-05,True,True,116.9096783999994
cluster,iid,51,400,0.8636363636363636,0.8636363636363636,0.88,1.0,0.4427434444768329,0.13214639033020734,0.34834973749570286,0.8636363636363636,0.59,1.0,0.08999999999999997,0.8636363636363636,0.41354890809931066,0.7168494331079048,0.30330052500859417,False,False,Return from COBYLA because the objective function has been evaluated MAXFUN times.,Return from COBYLA because the objective function has been evaluated MAXFUN times.,600,600,budget_exhausted_uncertain,0.7349676516250493,0.43012232917443505,0.43012232917443505,0.41528840258420424,0.30484532245061424,0.00038994399042135974,True,False,117.02314180000394
cluster,iid,51,500,0.8181818181818182,0.8181818181818181,0.8461538461538461,1.0,0.4963617764081009,0.15664222428339117,0.3257194992958057,0.8181818181818181,0.61,1.0,0.10999999999999999,0.8181818181818181,0.46707872033545905,0.7051786074752039,0.23809988713974484,False,False,Return from COBYLA because the objective function has been evaluated MAXFUN times.,Return from COBYLA because the objective function has been evaluated MAXFUN times.,300,300,budget_exhausted_uncertain,0.6810755759122425,0.486545746426416,0.486545746426416,0.46851025855246275,0.19452982948582653,0.0008791476532834519,True,False,58.51815499999793
cluster,iid,71,100,0.8181818181818182,0.8181818181818181,0.8461538461538461,1.0,0.4458776253290898,0.13399431373966075,0.34870239113869267,0.8181818181818181,0.59,0.9545454545454546,0.08999999999999997,0.8181818181818181,0.4221381904021064,0.7247334081247211,0.3025952177226147,False,False,Return from COBYLA because the objective function has been evaluated MAXFUN times.,Return from COBYLA because the objective function has been evaluated MAXFUN times.,600,600,budget_exhausted_uncertain,0.702046795115651,0.44505820226616877,0.44505820226616877,0.4363330651107874,0.2569885928494823,0.0009466373461861077,True,False,114.47399850000511
cluster,iid,71,200,0.8181818181818182,0.8181818181818181,0.8461538461538461,1.0,0.46692626869489384,0.1425455871624502,0.3642726979502668,0.8181818181818181,0.5800000000000001,0.9545454545454546,0.08000000000000007,0.8181818181818181,0.4306897982602683,0.7021444023597346,0.2714546040994663,True,False,Return from COBYLA because the objective function has been evaluated MAXFUN times.,Return from COBYLA because the objective function has been evaluated MAXFUN times.,600,600,plateau_converged,0.6797906147886333,0.4665617624565757,0.4665617624565757,0.45999048786464736,0.21322885233205763,6.119109381813592e-05,True,True,112.99502159999975
cluster,iid,71,300,0.8181818181818182,0.8181818181818181,0.8461538461538461,1.0,0.5016120770015701,0.1599071843145787,0.31992661232991515,0.8181818181818181,0.63,1.0,0.13,0.8181818181818181,0.4809848084227866,0.71988740320477,0.23890259478198334,False,False,Return from COBYLA because the objective function has been evaluated MAXFUN times.,Return from COBYLA because the objective function has been evaluated MAXFUN times.,300,300,budget_exhausted_uncertain,0.7020235330178555,0.5010503927345286,0.5010503927345286,0.4866252137089378,0.2009731402833269,0.0003984832662812243,True,False,56.10376019999967
cluster,iid,71,400,0.8181818181818182,0.8181818181818181,0.8461538461538461,1.0,0.423621986891027,0.12468691152727848,0.3335416254054935,0.8181818181818181,0.59,0.9545454545454546,0.08999999999999997,0.8181818181818181,0.3856626018704651,0.7185793510594781,0.33291674918901304,False,False,Return from COBYLA because the objective function has been evaluated MAXFUN times.,Return from COBYLA because the objective function has been evaluated MAXFUN times.,300,300,budget_exhausted_uncertain,0.7350459236171043,0.42343131585332905,0.42365656367871307,0.41277985590879884,0.31138935993839123,-0.00015249763415009499,True,False,55.63923519999662
cluster,iid,71,500,0.8181818181818182,0.8181818181818181,0.8461538461538461,1.0,0.4869558003728167,0.15443903174751888,0.3381313526064103,0.8181818181818181,0.63,0.9545454545454546,0.13,0.8181818181818181,0.4831676407072717,0.7451172701265222,0.2619496294192505,False,False,Return from COBYLA because the objective function has been evaluated MAXFUN times.,Return from COBYLA because the objective function has been evaluated MAXFUN times.,600,600,budget_exhausted_uncertain,0.6810283762199039,0.4854516708816531,0.4857504324382111,0.4706242103739907,0.19527794378169278,0.001138663163435083,True,False,117.19908999999461
cluster,iid,89,100,0.8636363636363636,0.8636363636363636,0.88,1.0,0.47255904685400857,0.14487917574637657,0.3676856996206742,0.8636363636363636,0.54,0.8636363636363636,0.040000000000000036,0.8636363636363636,0.4289371961868452,0.6935657969454966,0.26462860075865136,False,False,Return from COBYLA because the objective function has been evaluated MAXFUN times.,Return from COBYLA because the objective function has been evaluated MAXFUN times.,300,300,budget_exhausted_uncertain,0.7023073901764836,0.4517284204874862,0.45176604527579417,0.4401909075831381,0.2505413449006894,0.001112135585417784,True,False,56.70531550000305
cluster,iid,89,200,0.8636363636363636,0.8636363636363636,0.88,1.0,0.4848159387252617,0.1511807625766109,0.2621155720409817,0.8636363636363636,0.56,0.8636363636363636,0.06000000000000005,0.8636363636363636,0.43909922756152464,0.6931710619171176,0.254071834355593,False,False,Return from COBYLA because the objective function has been evaluated MAXFUN times.,Return from COBYLA because the objective function has been evaluated MAXFUN times.,300,300,budget_exhausted_uncertain,0.6794450632156787,0.4634779864828346,0.46369966074007773,0.4534919512338958,0.21574540247560092,0.00017270472033015238,True,False,56.87812629999826
cluster,iid,89,300,0.7727272727272727,0.7727272727272727,0.8148148148148148,1.0,0.5104728320797861,0.1637527754179375,0.2724962755158848,0.7727272727272727,0.5800000000000001,0.8636363636363636,0.08000000000000007,0.8636363636363636,0.4857356461525224,0.7131441707141711,0.22740852456164873,True,False,Return from COBYLA because the objective function has been evaluated MAXFUN times.,Return from COBYLA because the objective function has been evaluated MAXFUN times.,300,300,plateau_converged,0.7022552409963609,0.49093148576791074,0.4909374260495802,0.47734734121404354,0.21131781494678076,0.00015187812383676835,True,True,56.7150765999977
cluster,iid,89,400,0.8636363636363636,0.8636363636363636,0.88,1.0,0.4437547815110236,0.13387434009303345,0.25817322041167756,0.8636363636363636,0.56,0.8636363636363636,0.06000000000000005,0.8636363636363636,0.41286789426185594,0.7237239925182436,0.31085609825638766,False,False,Return from COBYLA because the objective function has been evaluated MAXFUN times.,Return from COBYLA because the objective function has been evaluated MAXFUN times.,600,600,budget_exhausted_uncertain,0.7356615727918108,0.418754336324181,0.418754336324181,0.4066217947511924,0.31690723646762975,0.0001380562380985939,True,False,130.00130070000887
cluster,iid,89,500,0.8636363636363636,0.8636363636363636,0.88,1.0,0.47307768317421933,0.14631323372854588,0.36708767515562296,0.8636363636363636,0.54,0.8636363636363636,0.040000000000000036,0.7727272727272727,0.3939586489713405,0.6597832986600946,0.2658246496887541,False,False,Return from COBYLA because the objective function has been evaluated MAXFUN times.,Return from COBYLA because the objective function has been evaluated MAXFUN times.,600,600,budget_exhausted_uncertain,0.680684142197471,0.4514737975488864,0.4514762667497102,0.4457126047122996,0.22920787544776078,0.00011715697114011991,True,False,129.76010769999993
cluster,iid,101,100,0.7727272727272727,0.7727272727272727,0.8148148148148148,1.0,0.49829607506851126,0.15921162190606244,0.2895349961975866,0.7727272727272727,0.62,0.9090909090909092,0.12,0.8181818181818181,0.48374579809071233,0.7316369139404728,0.24789111584976048,False,False,Return from COBYLA because the objective function has been evaluated MAXFUN times.,Return from COBYLA because the objective function has been evaluated MAXFUN times.,300,300,budget_exhausted_uncertain,0.7021677288342878,0.4630483246428184,0.4630828079499308,0.46445237110748167,0.239084920884357,0.0003824917267521988,True,False,57.365710600002785
cluster,iid,101,200,0.8181818181818182,0.8181818181818181,0.8461538461538461,1.0,0.4932244918980249,0.15476863271899333,0.3797297805466821,0.8181818181818181,0.5800000000000001,0.9090909090909092,0.08000000000000007,0.8181818181818181,0.44945743570970526,0.6899978746163412,0.24054043890663596,False,False,Return from COBYLA because the objective function has been evaluated MAXFUN times.,Return from COBYLA because the objective function has been evaluated MAXFUN times.,600,600,budget_exhausted_uncertain,0.6793048074786748,0.4614354358949312,0.46187154070681946,0.46344526637213096,0.21743326677185537,-6.972544965944127e-05,True,False,137.12928239999746
cluster,iid,101,300,0.8181818181818182,0.8181818181818181,0.8461538461538461,1.0,0.46175365036783406,0.14211306019724412,0.26470284908469843,0.8181818181818181,0.6,0.9090909090909092,0.09999999999999998,0.8181818181818181,0.4255626993321186,0.7145312188549473,0.2889685195228287,False,False,Return from COBYLA because the objective function has been evaluated MAXFUN times.,Return from COBYLA because the objective function has been evaluated MAXFUN times.,600,600,budget_exhausted_uncertain,0.7022908519860296,0.4227633402693916,0.4227633402693916,0.42818619347650627,0.279527511716638,0.0001580919740108433,True,False,136.76931139999942
cluster,iid,101,400,0.7727272727272727,0.7727272727272727,0.8148148148148148,1.0,0.48581331810896794,0.15346558854936768,0.2807355190108199,0.7727272727272727,0.62,0.9090909090909092,0.12,0.8181818181818181,0.4619797338290424,0.725494113152815,0.2635143793237726,True,False,Return from COBYLA because the objective function has been evaluated MAXFUN times.,Return from COBYLA because the objective function has been evaluated MAXFUN times.,600,600,plateau_converged,0.7357920250190454,0.4495622865117087,0.4495622865117087,0.45116479246061464,0.2862297385073367,6.0355534973188796e-05,True,True,137.11706219999178
cluster,iid,101,500,0.8181818181818182,0.8181818181818181,0.8461538461538461,1.0,0.49103481632084917,0.1544218711509788,0.26438341805782184,0.8181818181818181,0.6,0.9090909090909092,0.09999999999999998,0.8181818181818181,0.4524947828573097,0.7009630371576013,0.24846825430029162,False,False,Return from COBYLA because the objective function has been evaluated MAXFUN times.,Return from COBYLA because the objective function has been evaluated MAXFUN times.,600,600,budget_exhausted_uncertain,0.6806427849008978,0.4569122838468724,0.45711548557747916,0.46012713465670096,0.22352729932341864,0.000817419483332471,True,False,133.96495799999684
cluster,iid,131,100,0.8636363636363636,0.8636363636363636,0.88,1.0,0.468852085166495,0.1457439171569871,0.3319768654843694,0.8636363636363636,0.63,0.9545454545454546,0.13,0.8636363636363636,0.46742666116956644,0.7487209896919282,0.2812943285223618,False,False,Return from COBYLA because the objective function has been evaluated MAXFUN times.,Return from COBYLA because the objective function has been evaluated MAXFUN times.,300,300,budget_exhausted_uncertain,0.7024852201174036,0.4731754003504108,0.4731754003504108,0.4663917568408193,0.22930981976699277,0.0006841329635429716,True,False,75.48522760000196
cluster,iid,131,200,0.8636363636363636,0.8636363636363636,0.88,1.0,0.4622856898201718,0.13990018108120217,0.3625619695851725,0.8636363636363636,0.5800000000000001,0.9545454545454546,0.08000000000000007,0.8636363636363636,0.4036102839863264,0.6784863448159815,0.27487606082965504,False,False,Return from COBYLA because the objective function has been evaluated MAXFUN times.,Return from COBYLA because the objective function has been evaluated MAXFUN times.,300,300,budget_exhausted_uncertain,0.6795073366651945,0.4676542452158349,0.4676542452158349,0.4719586518265356,0.2118530914493596,0.00033891181941658743,True,False,73.78208600000653
cluster,iid,131,300,0.8636363636363636,0.8636363636363636,0.88,1.0,0.4555543605351033,0.13842454769889667,0.29704375114223436,0.8636363636363636,0.62,0.9545454545454546,0.12,0.8636363636363636,0.4347732939054373,0.7272854397545121,0.2925121458490748,False,False,Return from COBYLA because the objective function has been evaluated MAXFUN times.,Return from COBYLA because the objective function has been evaluated MAXFUN times.,300,300,budget_exhausted_uncertain,0.7022813725993964,0.46072010511717226,0.4607362285938858,0.4604720302718433,0.24154514400551058,4.7865989766082695e-05,True,False,61.30464389998815
cluster,iid,131,400,0.9090909090909091,0.9090909090909092,0.9166666666666666,1.0,0.4050112460627147,0.11594604587103437,0.32302906372070755,0.9090909090909092,0.5800000000000001,0.9545454545454546,0.08000000000000007,0.8636363636363636,0.3611093392797071,0.715051211838292,0.3539418725585849,False,False,Return from COBYLA because the objective function has been evaluated MAXFUN times.,Return from COBYLA because the objective function has been evaluated MAXFUN times.,600,600,budget_exhausted_uncertain,0.7356359586795334,0.41114599812969643,0.41114599812969643,0.4146646304405765,0.3244899605498369,0.00013081754748478502,True,False,117.85091850000026
cluster,iid,131,500,0.8636363636363636,0.8636363636363636,0.88,1.0,0.44563983323347905,0.1342443457165282,0.3498934568374369,0.8636363636363636,0.5800000000000001,0.9545454545454546,0.08000000000000007,0.8636363636363636,0.36426230412502997,0.6644753904501562,0.3002130863251263,True,False,Return from COBYLA because the objective function has been evaluated MAXFUN times.,Return from COBYLA because the objective function has been evaluated MAXFUN times.,900,900,plateau_converged,0.6806824620549206,0.45201799164570877,0.45201799164570877,0.465299271217702,0.22866447040921178,4.1611532683671903e-05,True,True,172.64472519999254
cluster,iid,151,100,0.8636363636363636,0.8636363636363636,0.88,1.0,0.45952934390142436,0.14081304619033616,0.3567662991657927,0.8636363636363636,0.63,1.0,0.13,0.8636363636363636,0.4491298650338168,0.7355972667022314,0.28646740166841456,True,False,Return from COBYLA because the objective function has been evaluated MAXFUN times.,Return from COBYLA because the objective function has been evaluated MAXFUN times.,600,600,plateau_converged,0.7023814524105466,0.45747394669780805,0.45747394669780805,0.46276671782069295,0.24490750571273856,1.259619123394895e-05,True,True,113.15626350000093
cluster,iid,151,200,0.8636363636363636,0.8636363636363636,0.88,1.0,0.4690753092014707,0.14406826871158102,0.3649305785461911,0.8636363636363636,0.62,1.0,0.12,0.7727272727272727,0.42852928083791036,0.6986681237455281,0.27013884290761775,False,False,Return from COBYLA because the objective function has been evaluated MAXFUN times.,Return from COBYLA because the objective function has been evaluated MAXFUN times.,300,300,budget_exhausted_uncertain,0.6793699051938316,0.4634564633329106,0.46350980747496995,0.4723982486024693,0.2158600977188616,0.00041359005602736865,True,False,56.67354040000646
cluster,iid,151,300,0.9090909090909091,0.9090909090909092,0.9166666666666666,1.0,0.4291990151429689,0.12651582700851172,0.34028070198698274,0.9090909090909092,0.6,1.0,0.09999999999999998,0.8636363636363636,0.3847295431988302,0.7041681392248648,0.3194385960260346,False,False,Return from COBYLA because the objective function has been evaluated MAXFUN times.,Return from COBYLA because the objective function has been evaluated MAXFUN times.,600,600,budget_exhausted_uncertain,0.7023328535005026,0.42735985904979756,0.4283924149256433,0.43884363661195636,0.2739404385748593,-0.0001041217182784493,True,False,114.09278669999912
cluster,iid,151,400,0.9090909090909091,0.9090909090909092,0.9166666666666666,1.0,0.41833413008664083,0.12228968641560295,0.33174719683863146,0.9090909090909092,0.61,1.0,0.10999999999999999,0.8636363636363636,0.3873344145960566,0.7238400209187937,0.3365056063227371,False,False,Return from COBYLA because the objective function has been evaluated MAXFUN times.,Return from COBYLA because the objective function has been evaluated MAXFUN times.,600,600,budget_exhausted_uncertain,0.7357609525358901,0.41384943116975476,0.41384943116975476,0.4248438857513283,0.3219115213661354,0.00022086289798661785,True,False,114.70173509999586
cluster,iid,151,500,0.8636363636363636,0.8636363636363636,0.88,1.0,0.46746214793494284,0.14338427376819726,0.3636608344549184,0.8636363636363636,0.62,1.0,0.12,0.8636363636363636,0.4397048629587004,0.7123831940488636,0.2726783310901632,False,False,Return from COBYLA because the objective function has been evaluated MAXFUN times.,Return from COBYLA because the objective function has been evaluated MAXFUN times.,600,600,budget_exhausted_uncertain,0.6806479980387319,0.46288328852965605,0.46288328852965605,0.4697381552617879,0.21776470950907584,0.0003357010171773367,True,False,111.9139148999966
cluster,iid,181,100,0.7727272727272727,0.7727272727272727,0.8148148148148148,1.0,0.5106786612485416,0.16296315709999074,0.3543723273567647,0.7727272727272727,0.5800000000000001,0.9545454545454546,0.08000000000000007,0.7727272727272727,0.45892637297469574,0.6774507100008165,0.21852433702612073,False,False,Return from COBYLA because the objective function has been evaluated MAXFUN times.,Return from COBYLA because the objective function has been evaluated MAXFUN times.,300,300,budget_exhausted_uncertain,0.7020813658064892,0.45800632487899073,0.4581032317451198,0.42316109134120844,0.24397813406136937,0.0004414519393290961,True,False,56.464154199988116
cluster,iid,181,200,0.7727272727272727,0.7727272727272727,0.8148148148148148,1.0,0.5191987870167124,0.1670318986031099,0.3955421473448435,0.7727272727272727,0.59,0.9545454545454546,0.08999999999999997,0.7727272727272727,0.46945375800848343,0.6783694633187963,0.2089157053103129,False,False,Return from COBYLA because the objective function has been evaluated MAXFUN times.,Return from COBYLA because the objective function has been evaluated MAXFUN times.,300,300,budget_exhausted_uncertain,0.6795322663877401,0.46905660188412757,0.4690658499834819,0.43453949021789107,0.21046641640425823,0.0001599231882105645,True,False,57.17066299999715
cluster,iid,181,300,0.7272727272727273,0.7272727272727273,0.7857142857142857,1.0,0.5234088178034946,0.17069576283453472,0.2780163571089486,0.7272727272727273,0.63,0.9545454545454546,0.13,0.7272727272727273,0.492419993527073,0.7090006913589899,0.2165806978319169,False,False,Return from COBYLA because the objective function has been evaluated MAXFUN times.,Return from COBYLA because the objective function has been evaluated MAXFUN times.,600,600,budget_exhausted_uncertain,0.7021651357597567,0.46577736126439745,0.46577736126439745,0.4206628938769388,0.23638777449535925,0.00016795508681094473,True,False,111.59073359999456
cluster,iid,181,400,0.7272727272727273,0.7272727272727273,0.7857142857142857,1.0,0.5131963009575125,0.1662383917529437,0.27146241944843186,0.7272727272727273,0.63,0.9545454545454546,0.13,0.7272727272727273,0.48411325116547493,0.7137788931573682,0.22966564199189327,True,False,Return from COBYLA because the objective function has been evaluated MAXFUN times.,Return from COBYLA because the objective function has been evaluated MAXFUN times.,600,600,plateau_converged,0.7354269234148025,0.45268417567400804,0.45268417567400804,0.4059454754384289,0.2827427477407945,5.191480792371417e-05,True,True,111.17988510000578
cluster,iid,181,500,0.6363636363636364,0.6363636363636364,0.7333333333333333,1.0,0.5596144446907009,0.18685733010241484,0.3047187889492444,0.6363636363636364,0.61,0.9545454545454546,0.10999999999999999,0.6818181818181819,0.5200628329033296,0.6880729605091263,0.1680101276057967,False,False,Return from COBYLA because the objective function has been evaluated MAXFUN times.,Return from COBYLA because the objective function has been evaluated MAXFUN times.,300,300,budget_exhausted_uncertain,0.6808473127691335,0.5169870238888967,0.5170677912217897,0.48564952347790047,0.16377952154734376,0.0004893362809501589,True,False,56.697531400001026
cluster,parameter_block,11,100,0.5066666666666667,0.5,0.672566371681416,1.0,0.5819182676528167,0.20664386180529293,0.33937714215436354,0.5,0.5,0.5,0.0,0.972972972972973,0.6166471998732153,0.826025835068344,0.20937863519512878,False,False,Return from COBYLA because the objective function has been evaluated MAXFUN times.,Return from COBYLA because the objective function has been evaluated MAXFUN times.,600,600,budget_exhausted_uncertain,0.713400351994065,0.25021311927723383,0.25021311927723383,0.3906528931807305,0.4631872327168312,0.0003260829315284153,True,False,111.83592320000753
cluster,parameter_block,11,200,0.5066666666666667,0.5,0.672566371681416,1.0,0.6285722785869797,0.22610624253590128,0.31729995023295865,0.5,0.56,0.5405405405405406,0.06000000000000005,0.8552631578947368,0.6421589279934379,0.7982341115235256,0.15607518353008776,False,False,Return from COBYLA because the objective function has been evaluated MAXFUN times.,Return from COBYLA because the objective function has been evaluated MAXFUN times.,600,600,budget_exhausted_uncertain,0.6668300629582642,0.34545531163869736,0.34545531163869736,0.48255130470408614,0.32137475131956683,0.0001851830851125058,True,False,112.25380500000028
cluster,parameter_block,11,300,0.5866666666666667,0.5810810810810811,0.7102803738317757,1.0,0.5755876433525422,0.20002879732737283,0.32601707396785984,0.5810810810810811,0.5,0.5810810810810811,0.0,0.9864864864864865,0.5922252780455917,0.7834905829849418,0.19126530493935012,False,False,Return from COBYLA because the objective function has been evaluated MAXFUN times.,Return from COBYLA because the objective function has been evaluated MAXFUN times.,600,600,budget_exhausted_uncertain,0.710253617319522,0.27227580253964045,0.27227580253964045,0.3996147816781047,0.4379778147798815,0.00032519276381415274,True,False,112.97813560000213
cluster,parameter_block,11,400,0.5066666666666667,0.5,0.672566371681416,1.0,0.5836449072347154,0.2047680866438562,0.3077706835054421,0.5,0.5,0.5,0.0,0.9736842105263157,0.6041937250456807,0.7928941537823989,0.18870042873671822,False,False,Return from COBYLA because the objective function has been evaluated MAXFUN times.,Return from COBYLA because the objective function has been evaluated MAXFUN times.,300,300,budget_exhausted_uncertain,0.7640689303744544,0.2929641701381603,0.2929641701381603,0.4186755499586718,0.47110476023629416,0.001025577809769973,True,False,54.74482989999524
cluster,parameter_block,11,500,0.5066666666666667,0.5,0.672566371681416,1.0,0.593725750603456,0.21015145932807527,0.30771261241393383,0.5,0.52,0.5405405405405406,0.020000000000000018,0.9736842105263157,0.6161453613435234,0.8013006139914751,0.18515525264795174,False,False,Return from COBYLA because the objective function has been evaluated MAXFUN times.,Return from COBYLA because the objective function has been evaluated MAXFUN times.,300,300,budget_exhausted_uncertain,0.6655415609716724,0.29237031833693466,0.2924275247491241,0.42694524900056174,0.3731140362225483,0.00014973264524242857,True,False,54.0681207000016
cluster,parameter_block,11,600,0.5866666666666667,0.5810810810810811,0.7102803738317757,1.0,0.5666771436805061,0.1955712593164452,0.3625730984593866,0.5810810810810811,0.5,0.5810810810810811,0.0,0.9736842105263157,0.5826049321815782,0.7776206268639057,0.1950156946823275,False,False,Return from COBYLA because the objective function has been evaluated MAXFUN times.,Return from COBYLA because the objective function has been evaluated MAXFUN times.,600,600,budget_exhausted_uncertain,0.7429649512279859,0.2792611287025925,0.279272145039174,0.4028194761616792,0.46369280618881187,0.0004240359288060769,True,False,111.78892580000684
cluster,parameter_block,11,700,0.6,0.5945945945945946,0.7169811320754716,1.0,0.5710422771795844,0.19775245517271314,0.3244955153751097,0.5945945945945946,0.5,0.5945945945945946,0.0,0.972972972972973,0.5876267141465066,0.7824041612230144,0.1947774470765078,True,False,Return from COBYLA because the objective function has been evaluated MAXFUN times.,Return from COBYLA because the objective function has been evaluated MAXFUN times.,600,600,plateau_converged,0.7048079968927646,0.2616529866922013,0.2616529866922013,0.39045384392459537,0.44315501020056336,2.7379410219185996e-05,True,True,113.36880689999089
cluster,parameter_block,11,800,0.6,0.5945945945945946,0.7169811320754716,1.0,0.5711593297468632,0.19772632240664142,0.3435098838206489,0.5945945945945946,0.5,0.5945945945945946,0.0,0.972972972972973,0.5872162067410692,0.7814320257995605,0.19421581905849128,True,False,Return from COBYLA because the objective function has been evaluated MAXFUN times.,Return from COBYLA because the objective function has been evaluated MAXFUN times.,600,600,plateau_converged,0.6512508828694391,0.2604451125232586,0.26044783944943223,0.3901212586069254,0.3908030434200069,2.9329918675047306e-05,True,True,113.89845409999543
cluster,parameter_block,11,900,0.5066666666666667,0.5,0.672566371681416,1.0,0.5828919701309521,0.20436550806640685,0.3078174331911107,0.5,0.5,0.5,0.0,0.9736842105263157,0.6032851552708053,0.7921771592676358,0.18889200399683048,True,False,Return from COBYLA because the objective function has been evaluated MAXFUN times.,Return from COBYLA because the objective function has been evaluated MAXFUN times.,600,600,plateau_converged,0.694977340662399,0.29587769143199744,0.29590275259046006,0.419466944321492,0.39907458807193896,0.00019814606491963538,True,True,113.97283459999016
cluster,parameter_block,11,1000,0.5466666666666666,0.5405405405405406,0.6909090909090909,1.0,0.5721640919638267,0.19940142713524112,0.3225756126102137,0.5405405405405406,0.5,0.5405405405405406,0.0,0.9736842105263157,0.594814315155018,0.7927329417989661,0.1979186266439481,False,False,Return from COBYLA because the objective function has been evaluated MAXFUN times.,Return from COBYLA because the objective function has been evaluated MAXFUN times.,300,300,budget_exhausted_uncertain,0.6915133733922268,0.30612802942788137,0.3061808384169129,0.41267427922141414,0.38533253497531395,0.00022050573687426578,True,False,56.54607680000481
cluster,critical_holdout,11,100,0.5185185185185185,0.5,0.6829268292682927,1.0,0.6273273556851947,0.21894225779432397,0.31803596107911236,0.5,0.5,0.5,0.0,0.5384615384615384,0.5713999096577574,0.6566497204293716,0.0852498107716142,True,False,Return from COBYLA because the objective function has been evaluated MAXFUN times.,Return from COBYLA because the objective function has been evaluated MAXFUN times.,900,900,plateau_converged,0.7025596801122523,0.38057612094190035,0.38057612094190035,0.3054382331043081,0.321983559170352,8.971030162896465e-05,True,True,171.6948812999908
cluster,critical_holdout,11,200,0.5185185185185185,0.5,0.6829268292682927,1.0,0.6528841082200755,0.2310729546895048,0.2852725571802628,0.5,0.5,0.5,0.0,0.5,0.5862468021884492,0.6451597479429294,0.05891294575448025,False,False,Return from COBYLA because the objective function has been evaluated MAXFUN times.,Return from COBYLA because the objective function has been evaluated MAXFUN times.,300,300,budget_exhausted_uncertain,0.6779307483014305,0.42674341240383235,0.42674341240383235,0.32879409239419755,0.2511873358975982,0.0008134659222729379,True,False,58.40950869998778
cluster,critical_holdout,11,300,0.5185185185185185,0.5,0.6829268292682927,1.0,0.6707188064733983,0.2407268708821578,0.2519712522225449,0.5,0.5,0.5,0.0,0.5,0.6304427412729349,0.6924963360373998,0.062053594764464926,True,False,Return from COBYLA because the objective function has been evaluated MAXFUN times.,Return from COBYLA because the objective function has been evaluated MAXFUN times.,600,600,plateau_converged,0.7029444446451006,0.45960051446541916,0.4596043534935532,0.38357292488937667,0.24334009115154742,4.996628885933774e-05,True,True,115.63706429999729
cluster,critical_holdout,11,400,0.5185185185185185,0.5,0.6829268292682927,1.0,0.6484745599428697,0.229984465332479,0.21565578750651873,0.5,0.5,0.5,0.0,0.5769230769230769,0.6075230003349334,0.6839769624434222,0.07645396210848876,False,False,Return from COBYLA because the objective function has been evaluated MAXFUN times.,Return from COBYLA because the objective function has been evaluated MAXFUN times.,300,300,budget_exhausted_uncertain,0.7385852875251975,0.4213949910648638,0.4216129317558371,0.3542801643671088,0.3169723557693604,-0.00021426762606757688,True,False,57.88719030001084
cluster,critical_holdout,11,500,0.5185185185185185,0.5,0.6829268292682927,1.0,0.6691976809963821,0.24101094988078864,0.4091593937997535,0.5,0.5,0.5,0.0,0.5,0.6456621893683744,0.7230104554213854,0.07734826605301104,False,False,Return from COBYLA because the objective function has been evaluated MAXFUN times.,Return from COBYLA because the objective function has been evaluated MAXFUN times.,600,600,budget_exhausted_uncertain,0.6792360080715394,0.41622805874532515,0.41629206932785684,0.33289140961736574,0.26294393874368255,0.0008040190805461145,True,False,111.76838580000913
cluster,critical_holdout,23,100,0.5185185185185185,0.5,0.6829268292682927,1.0,0.6586963905039006,0.23507267266610848,0.24612840833824834,0.5,0.56,0.5,0.06000000000000005,0.5769230769230769,0.6205264659437264,0.6918197770882505,0.07129331114452409,False,False,Return from COBYLA because the objective function has been evaluated MAXFUN times.,Return from COBYLA because the objective function has been evaluated MAXFUN times.,300,300,budget_exhausted_uncertain,0.7033977245485881,0.4196008983211013,0.4196008983211013,0.40597122243545714,0.28379682622748675,0.0003147667278685651,True,False,57.47524229998817
cluster,critical_holdout,23,200,0.5185185185185185,0.5,0.6829268292682927,1.0,0.6533086229723831,0.23148270948516336,0.23676769310076998,0.5,0.54,0.5,0.040000000000000036,0.5,0.5927688298172892,0.6542827509836958,0.06151392116640664,False,False,Return from COBYLA because the objective function has been evaluated MAXFUN times.,Return from COBYLA because the objective function has been evaluated MAXFUN times.,300,300,budget_exhausted_uncertain,0.6769736131076951,0.42275883187863145,0.42275883187863145,0.4071831061305224,0.25421478122906366,0.0006250586966474736,True,False,55.50361220000195
cluster,critical_holdout,23,300,0.5185185185185185,0.5,0.6829268292682927,1.0,0.6471992102184027,0.22900967311420975,0.13680510638962015,0.5,0.53,0.5,0.030000000000000027,0.5,0.5994021586713314,0.6726747383734585,0.07327257970212708,False,False,Return from COBYLA because the objective function has been evaluated MAXFUN times.,Return from COBYLA because the objective function has been evaluated MAXFUN times.,600,600,budget_exhausted_uncertain,0.7035695017578871,0.3854829969913407,0.3854882739010954,0.3679178585027148,0.3180812278567917,8.7709137650549e-05,True,False,110.11528349999571
cluster,critical_holdout,23,400,0.5185185185185185,0.5,0.6829268292682927,1.0,0.6423444372623126,0.22717069335207313,0.2366312578817289,0.5,0.54,0.5,0.040000000000000036,0.5769230769230769,0.6044969152376264,0.6874711719652404,0.08297425672761405,True,False,Return from COBYLA because the objective function has been evaluated MAXFUN times.,Return from COBYLA because the objective function has been evaluated MAXFUN times.,300,300,plateau_converged,0.7407012588754478,0.3760225918930487,0.3760225918930487,0.3615129339544631,0.3646786669823991,6.625801642146101e-05,True,True,55.54518659999303
cluster,critical_holdout,23,500,0.9629629629629629,0.9615384615384616,0.9655172413793104,1.0,0.644325692227872,0.2256299941200151,0.43760544107979193,0.9615384615384616,0.5,0.9615384615384616,0.0,0.5384615384615384,0.47591407343069625,0.5262795814897878,0.05036550805909157,False,False,Return from COBYLA because the objective function has been evaluated MAXFUN times.,Return from COBYLA because the objective function has been evaluated MAXFUN times.,300,300,budget_exhausted_uncertain,0.6781015216647527,0.48081868988143855,0.48081868988143855,0.4732817246825992,0.19728283178331413,0.000884452503504829,True,False,55.3075494000077
cluster,critical_holdout,37,100,0.5185185185185185,0.5,0.6829268292682927,1.0,0.657687850087332,0.23447227968891654,0.22185875808056152,0.5,0.5,0.5,0.0,0.5384615384615384,0.6173905997809445,0.687847961551842,0.07045736177089756,False,False,Return from COBYLA because the objective function has been evaluated MAXFUN times.,Return from COBYLA because the objective function has been evaluated MAXFUN times.,300,300,budget_exhausted_uncertain,0.7033651592930332,0.4206536063539732,0.4206536063539732,0.39361774927699433,0.28271155293906003,0.0004430759033475784,True,False,55.32722300000023
cluster,critical_holdout,37,200,0.5185185185185185,0.5,0.6829268292682927,1.0,0.685891884944428,0.2480229110464718,0.32810897556529395,0.5,0.54,0.5,0.040000000000000036,0.5,0.6478713520611519,0.7032430822939009,0.055371730232748995,False,False,Return from COBYLA because the objective function has been evaluated MAXFUN times.,Return from COBYLA because the objective function has been evaluated MAXFUN times.,300,300,budget_exhausted_uncertain,0.6770852077639086,0.4666990373757985,0.4667272042118717,0.43948067026673976,0.21035800355203688,0.0004045646948683812,True,False,54.92858330000308
cluster,critical_holdout,37,300,0.5185185185185185,0.5,0.6829268292682927,1.0,0.6728092747244273,0.24229816025914594,0.3672289260548379,0.5,0.51,0.5,0.010000000000000009,0.5,0.6430442093050033,0.7127524765576722,0.06970826725266888,False,False,Return from COBYLA because the objective function has been evaluated MAXFUN times.,Return from COBYLA because the objective function has been evaluated MAXFUN times.,600,600,budget_exhausted_uncertain,0.7035185890649016,0.4057783751607024,0.4058449059940548,0.3734132367070623,0.2976736830708468,0.00018512539748705148,True,False,111.54986230000213
cluster,critical_holdout,37,400,0.5185185185185185,0.5,0.6829268292682927,1.0,0.6429526177287948,0.22744559743479156,0.23674381615646728,0.5,0.5,0.5,0.0,0.5769230769230769,0.6047305777821838,0.6870129465390807,0.08228236875689698,True,False,Return from COBYLA because the objective function has been evaluated MAXFUN times.,Return from COBYLA because the objective function has been evaluated MAXFUN times.,300,300,plateau_converged,0.7404670995491928,0.38073570595755396,0.3807638495395089,0.35170376769175504,0.35970325000968384,3.808219326756346e-05,True,True,55.08107159999781
cluster,critical_holdout,37,500,0.5185185185185185,0.5,0.6829268292682927,1.0,0.6630428310904855,0.23718685847202522,0.27121835323597226,0.5,0.51,0.5,0.010000000000000009,0.5769230769230769,0.6253608316090596,0.6942002907902385,0.06883945918117884,False,False,Return from COBYLA because the objective function has been evaluated MAXFUN times.,Return from COBYLA because the objective function has been evaluated MAXFUN times.,600,600,budget_exhausted_uncertain,0.6782220860174064,0.42909252166935924,0.42909252166935924,0.40199522379194685,0.24912956434804717,0.000132726283974538,True,False,111.99920560000464
cluster,critical_holdout,51,100,0.5185185185185185,0.5,0.6829268292682927,1.0,0.6602460603244761,0.23584291920361053,0.26962628189877363,0.5,0.5800000000000001,0.5,0.08000000000000007,0.5769230769230769,0.6225767912314943,0.6932333315945558,0.07065654036306146,False,False,Return from COBYLA because the objective function has been evaluated MAXFUN times.,Return from COBYLA because the objective function has been evaluated MAXFUN times.,300,300,budget_exhausted_uncertain,0.703503714983785,0.417106598065523,0.41714391927389166,0.41022929261962404,0.2863597957098933,0.00021924198889100577,True,False,57.06497809999564
cluster,critical_holdout,51,200,0.5185185185185185,0.5,0.6829268292682927,1.0,0.6536475103624965,0.23153230544569128,0.239030776923208,0.5,0.55,0.5,0.050000000000000044,0.5,0.5897928281244377,0.6494126416339602,0.0596198135095225,False,False,Return from COBYLA because the objective function has been evaluated MAXFUN times.,Return from COBYLA because the objective function has been evaluated MAXFUN times.,600,600,budget_exhausted_uncertain,0.6768477414843024,0.41116892450544723,0.41116892450544723,0.4038283549877825,0.26567881697885515,0.0001810777661382934,True,False,112.73777239999617
cluster,critical_holdout,51,300,0.5185185185185185,0.5,0.6829268292682927,1.0,0.6688460791479413,0.23993563611870916,0.2744919479412351,0.5,0.59,0.5,0.08999999999999997,0.5,0.6307459256934246,0.6956816415087986,0.06493571581537405,False,False,Return from COBYLA because the objective function has been evaluated MAXFUN times.,Return from COBYLA because the objective function has been evaluated MAXFUN times.,300,300,budget_exhausted_uncertain,0.7036620444663667,0.4218655602374106,0.4218655602374106,0.41463630120258466,0.2817964842289561,0.0009469842667261807,True,False,57.90851619999739
cluster,critical_holdout,51,400,0.5185185185185185,0.5,0.6829268292682927,1.0,0.631626041554158,0.22134336699267998,0.2706519402893848,0.5,0.53,0.5,0.030000000000000027,0.6153846153846154,0.5822585250646046,0.666986600074405,0.0847280750098004,False,False,Return from COBYLA because the objective function has been evaluated MAXFUN times.,Return from COBYLA because the objective function has been evaluated MAXFUN times.,600,600,budget_exhausted_uncertain,0.7409332550431685,0.3689247550040622,0.3689247550040622,0.3619023792206127,0.37200850003910635,0.0001933891553674294,True,False,113.50230480000027
cluster,critical_holdout,51,500,0.5185185185185185,0.5,0.6829268292682927,1.0,0.6516085892161932,0.23158549022250444,0.2189944406835751,0.5,0.5700000000000001,0.5384615384615384,0.07000000000000006,0.5769230769230769,0.6123247874521043,0.6876905939382906,0.0753658064861863,False,False,Return from COBYLA because the objective function has been evaluated MAXFUN times.,Return from COBYLA because the objective function has been evaluated MAXFUN times.,900,900,budget_exhausted_uncertain,0.6779804930840826,0.39760339211140466,0.39760339211140466,0.3904217080624459,0.28037710097267793,0.00018067765624713017,True,False,166.2868160000071
cluster,critical_holdout,71,100,0.5185185185185185,0.5,0.6829268292682927,1.0,0.6598642161896118,0.235644982281386,0.24700790137602693,0.5,0.56,0.5,0.06000000000000005,0.5384615384615384,0.6219158432636134,0.6926113603968755,0.07069551713326216,False,False,Return from COBYLA because the objective function has been evaluated MAXFUN times.,Return from COBYLA because the objective function has been evaluated MAXFUN times.,300,300,budget_exhausted_uncertain,0.7031484279762011,0.4185577346907829,0.4185577346907829,0.4071077668724852,0.28459069328541825,0.000185048720094394,True,False,56.67047620000085
cluster,critical_holdout,71,200,0.5185185185185185,0.5,0.6829268292682927,1.0,0.6824290874513489,0.24597700490023783,0.16441012089956947,0.5,0.59,0.5,0.08999999999999997,0.5,0.6351394423994233,0.6847455861889349,0.04960614378951156,False,False,Return from COBYLA because the objective function has been evaluated MAXFUN times.,Return from COBYLA because the objective function has been evaluated MAXFUN times.,300,300,budget_exhausted_uncertain,0.6770591088067045,0.48175680680962135,0.4819515413936331,0.4660174886235591,0.1951075674130714,0.00020614696941978483,True,False,55.2427447999944
cluster,critical_holdout,71,300,0.5185185185185185,0.5,0.6829268292682927,1.0,0.6711823382806429,0.24154544950964713,0.36654409619860423,0.5,0.5700000000000001,0.5,0.07000000000000006,0.5,0.6417740967200787,0.7126907354876424,0.07091663876756371,False,False,Return from COBYLA because the objective function has been evaluated MAXFUN times.,Return from COBYLA because the objective function has been evaluated MAXFUN times.,600,600,budget_exhausted_uncertain,0.7034687007635423,0.40672140937085466,0.40672140937085466,0.38993225062845704,0.29674729139268763,0.0004096593020330719,True,False,111.23846129998856
cluster,critical_holdout,71,400,0.5185185185185185,0.5,0.6829268292682927,1.0,0.6355599357382571,0.22354162877428416,0.17810651424600396,0.5,0.51,0.5,0.010000000000000009,0.5769230769230769,0.5917350149756668,0.6762530497810033,0.08451803480533648,False,False,Return from COBYLA because the objective function has been evaluated MAXFUN times.,Return from COBYLA because the objective function has been evaluated MAXFUN times.,300,300,budget_exhausted_uncertain,0.7404282100317755,0.3710391636619472,0.3710703755479711,0.3622486589120115,0.3693578344838044,0.0005037831081121658,True,False,54.49716269999044
cluster,critical_holdout,71,500,0.5185185185185185,0.5,0.6829268292682927,1.0,0.6534810523721063,0.23235852680187036,0.19575774674382218,0.5,0.54,0.5,0.040000000000000036,0.5769230769230769,0.6115982772025065,0.6838817047012415,0.07228342749873506,False,False,Return from COBYLA because the objective function has been evaluated MAXFUN times.,Return from COBYLA because the objective function has been evaluated MAXFUN times.,300,300,budget_exhausted_uncertain,0.6782688025248014,0.4177780222867846,0.4181894474677881,0.4092069962808308,0.2600793550570133,0.0005851791960040931,True,False,55.3300961000059
cluster,critical_holdout,89,100,0.5185185185185185,0.5,0.6829268292682927,1.0,0.6581083295358124,0.23476265838444998,0.24548448742793177,0.5,0.5,0.5,0.0,0.6153846153846154,0.6194640259313494,0.6908112131996421,0.0713471872682927,False,False,Return from COBYLA because the objective function has been evaluated MAXFUN times.,Return from COBYLA because the objective function has been evaluated MAXFUN times.,300,300,budget_exhausted_uncertain,0.7036148382592663,0.4152276213206463,0.4152276213206463,0.40804220949586806,0.28838721693862,0.0003546962426660971,True,False,55.58836309998878
cluster,critical_holdout,89,200,0.5185185185185185,0.5,0.6829268292682927,1.0,0.6561055138440857,0.2330198688105445,0.14360411130204173,0.5,0.5,0.5,0.0,0.5,0.6005397541836662,0.6625674493045715,0.062027695120905224,True,False,Return from COBYLA because the objective function has been evaluated MAXFUN times.,Return from COBYLA because the objective function has been evaluated MAXFUN times.,600,600,plateau_converged,0.67677079035126,0.41578293277486655,0.4158040338477061,0.41086151564787327,0.2609667565035539,8.130197462308253e-05,True,True,108.60718389999238
cluster,critical_holdout,89,300,0.5185185185185185,0.5,0.6829268292682927,1.0,0.6488877231181013,0.22996435975397062,0.1454887880471913,0.5,0.5,0.5,0.0,0.5384615384615384,0.6038496262821557,0.6774915469302673,0.07364192064811159,False,False,Return from COBYLA because the objective function has been evaluated MAXFUN times.,Return from COBYLA because the objective function has been evaluated MAXFUN times.,300,300,budget_exhausted_uncertain,0.7037273073478504,0.39176002531415915,0.3918730112690009,0.38407120973764186,0.31185429607884946,0.00048480237014159044,True,False,55.20577950000006
cluster,critical_holdout,89,400,0.5185185185185185,0.5,0.6829268292682927,1.0,0.6438504836096942,0.2278203474188891,0.21418061977407388,0.5,0.5,0.5,0.0,0.6153846153846154,0.6045066707633417,0.6854019105790635,0.08089523981572178,False,False,Return from COBYLA because the objective function has been evaluated MAXFUN times.,Return from COBYLA because the objective function has been evaluated MAXFUN times.,300,300,budget_exhausted_uncertain,0.7411250272938373,0.38137316160619156,0.3815021519727691,0.37325888968207405,0.35962287532106824,0.0001779209590108688,True,False,55.807282800000394
cluster,critical_holdout,89,500,0.7407407407407407,0.7307692307692308,0.8,1.0,0.6250712427762516,0.2162384118717848,0.19288703303061125,0.7307692307692308,0.5,0.7307692307692308,0.0,0.5769230769230769,0.5017597718058386,0.5728916729471789,0.07113190114134027,False,False,Return from COBYLA because the objective function has been evaluated MAXFUN times.,Return from COBYLA because the objective function has been evaluated MAXFUN times.,600,600,budget_exhausted_uncertain,0.677878963236938,0.3963258334324126,0.3963258334324126,0.39146328340774317,0.28155312980452535,0.00010342468492524626,True,False,107.92345550000027
cluster,critical_holdout,101,100,0.5185185185185185,0.5,0.6829268292682927,1.0,0.6550710518551225,0.23306633578078828,0.19553326022848103,0.5,0.56,0.5,0.06000000000000005,0.5769230769230769,0.6119190551097605,0.6822291938013094,0.0703101386915489,False,False,Return from COBYLA because the objective function has been evaluated MAXFUN times.,Return from COBYLA because the objective function has been evaluated MAXFUN times.,300,300,budget_exhausted_uncertain,0.7027544909185214,0.4235352610289069,0.423620591265882,0.394916360089078,0.2791338996526394,1.781612551726708e-05,True,False,54.50275230000261
cluster,critical_holdout,101,200,0.6296296296296297,0.6153846153846154,0.7368421052631579,1.0,0.6278034846365615,0.21783305010173837,0.21438229866803082,0.6153846153846154,0.5,0.6153846153846154,0.0,0.5,0.5231009607354792,0.5935511026868143,0.07045014195133514,False,False,Return from COBYLA because the objective function has been evaluated MAXFUN times.,Return from COBYLA because the objective function has been evaluated MAXFUN times.,600,600,budget_exhausted_uncertain,0.6773905643701034,0.4006636948243445,0.4006860882556658,0.3671843484869533,0.27670447611443755,0.0008652022228489153,True,False,107.67105589999119
cluster,critical_holdout,101,300,0.5185185185185185,0.5,0.6829268292682927,1.0,0.673353366088466,0.2420605945939825,0.2766226945838226,0.5,0.59,0.5,0.08999999999999997,0.5384615384615384,0.6346343995910048,0.6963333246233933,0.061698925032388496,False,False,Return from COBYLA because the objective function has been evaluated MAXFUN times.,Return from COBYLA because the objective function has been evaluated MAXFUN times.,300,300,budget_exhausted_uncertain,0.70325058028873,0.45311468891878964,0.4532000472912934,0.4221667008095531,0.2500505329974366,0.0001558048218903707,True,False,55.17697369999951
cluster,critical_holdout,101,400,0.5185185185185185,0.5,0.6829268292682927,1.0,0.640496831451924,0.2265774950944899,0.2608511491223633,0.5,0.55,0.5,0.050000000000000044,0.6538461538461539,0.6077911498678675,0.6955425238478142,0.0877513739799467,True,False,Return from COBYLA because the objective function has been evaluated MAXFUN times.,Return from COBYLA because the objective function has been evaluated MAXFUN times.,600,600,plateau_converged,0.7395384395858278,0.38011720287851974,0.38011720287851974,0.3606030547961752,0.359421236707308,9.30195053396865e-05,True,True,110.33957229999942
cluster,critical_holdout,101,500,0.5185185185185185,0.5,0.6829268292682927,1.0,0.6569091940176782,0.23394369035351323,0.19645624466032324,0.5,0.56,0.5,0.06000000000000005,0.5769230769230769,0.6135254190300067,0.68239139327013,0.0688659742401233,False,False,Return from COBYLA because the objective function has been evaluated MAXFUN times.,Return from COBYLA because the objective function has been evaluated MAXFUN times.,300,300,budget_exhausted_uncertain,0.6787612580742971,0.430774204781683,0.43081620126421577,0.4051131114086355,0.24794505681008133,0.0004836281480300464,True,False,54.74881550000282
cluster,critical_holdout,131,100,0.5185185185185185,0.5,0.6829268292682927,1.0,0.6414590287973625,0.22566621121251268,0.32458104956607003,0.5,0.5,0.5,0.0,0.6538461538461539,0.5800943053354213,0.6508308568196076,0.07073655148418634,False,False,Return from COBYLA because the objective function has been evaluated MAXFUN times.,Return from COBYLA because the objective function has been evaluated MAXFUN times.,300,300,budget_exhausted_uncertain,0.7038076144409585,0.410063365419944,0.4101357184089323,0.4062570804484937,0.2936718960320262,0.00013292168993706,True,False,53.796523299999535
cluster,critical_holdout,131,200,0.5185185185185185,0.5,0.6829268292682927,1.0,0.6558241229277887,0.2327388077638308,0.1913147751941965,0.5,0.52,0.5,0.020000000000000018,0.5,0.5963637945873023,0.6565018540960034,0.0601380595087011,True,False,Return from COBYLA because the objective function has been evaluated MAXFUN times.,Return from COBYLA because the objective function has been evaluated MAXFUN times.,600,600,plateau_converged,0.6766391872296692,0.40924101647096994,0.40924208000400625,0.41426918232342413,0.26739710722566296,6.057152287031187e-05,True,True,107.76242889999412
cluster,critical_holdout,131,300,0.5185185185185185,0.5,0.6829268292682927,1.0,0.6506816528746208,0.23088821365067919,0.17017011315257213,0.5,0.51,0.5,0.010000000000000009,0.5384615384615384,0.6068527530692569,0.6799654737223281,0.07311272065307117,False,False,Return from COBYLA because the objective function has been evaluated MAXFUN times.,Return from COBYLA because the objective function has been evaluated MAXFUN times.,600,600,budget_exhausted_uncertain,0.7038379726921596,0.38367418680187715,0.383676569529895,0.38319957722467896,0.32016140316226466,0.00011809237735843636,True,False,107.71124869999767
cluster,critical_holdout,131,400,0.5185185185185185,0.5,0.6829268292682927,1.0,0.650028543668686,0.23125018778781342,0.28873270517590277,0.5,0.52,0.5,0.020000000000000018,0.6538461538461539,0.6181117485824495,0.6998012928247385,0.08168954424228891,False,False,Return from COBYLA because the objective function has been evaluated MAXFUN times.,Return from COBYLA because the objective function has been evaluated MAXFUN times.,300,300,budget_exhausted_uncertain,0.7414174068824056,0.38051322001410853,0.38051322001410853,0.3765772455782761,0.3609041868682971,0.0001807431673104265,True,False,55.30602089999593
cluster,critical_holdout,131,500,0.7037037037037037,0.7142857142857143,0.6,1.0,0.6486607935748145,0.22787377842725665,0.17225077355520235,0.7142857142857143,0.5,0.7142857142857143,0.0,0.6153846153846154,0.44609730068805903,0.49574056565251495,0.049643264964455924,False,False,Return from COBYLA because the objective function has been evaluated MAXFUN times.,Return from COBYLA because the objective function has been evaluated MAXFUN times.,300,300,budget_exhausted_uncertain,0.6777097982233018,0.48396930099128205,0.4840133224888656,0.48235644970086167,0.1936964757344362,0.0007887888630338513,True,False,55.58917130000191
cluster,critical_holdout,151,100,0.5185185185185185,0.5,0.6829268292682927,1.0,0.6392716611919107,0.225269707153477,0.17971190327177583,0.5,0.52,0.5,0.020000000000000018,0.6923076923076923,0.593731792856126,0.67434478534979,0.08061299249366405,False,False,Return from COBYLA because the objective function has been evaluated MAXFUN times.,Return from COBYLA because the objective function has been evaluated MAXFUN times.,600,600,budget_exhausted_uncertain,0.7040989899889875,0.3759558301933837,0.3759558301933837,0.3973589283364876,0.32814315979560377,0.0004880830567882688,True,False,106.5768936000095
cluster,critical_holdout,151,200,0.5185185185185185,0.5,0.6829268292682927,1.0,0.6517277774895339,0.23163371743786274,0.21859503374788575,0.5,0.54,0.5,0.040000000000000036,0.6923076923076923,0.6120843098882205,0.6870761470666537,0.07499183717843316,False,False,Return from COBYLA because the objective function has been evaluated MAXFUN times.,Return from COBYLA because the objective function has been evaluated MAXFUN times.,600,600,budget_exhausted_uncertain,0.676298088598819,0.40002425556531446,0.40002425556531446,0.4212466896302335,0.27627383303350456,0.00031923105213221836,True,False,106.42263290000847
cluster,critical_holdout,151,300,0.5925925925925926,0.5769230769230769,0.717948717948718,1.0,0.6288610312926236,0.21842607367335468,0.24673719506001884,0.5769230769230769,0.5,0.5769230769230769,0.0,0.6538461538461539,0.5282010671248466,0.5982854687537991,0.07008440162895246,False,False,Return from COBYLA because the objective function has been evaluated MAXFUN times.,Return from COBYLA because the objective function has been evaluated MAXFUN times.,600,600,budget_exhausted_uncertain,0.7040581709979931,0.39244611242545907,0.39244611242545907,0.4162333109178071,0.311612058572534,0.00013239051853125572,True,False,106.4767118000018
cluster,critical_holdout,151,400,0.5185185185185185,0.5,0.6829268292682927,1.0,0.6779289305054836,0.2459159955482184,0.34657324540998613,0.5,0.5800000000000001,0.5,0.08000000000000007,0.6538461538461539,0.6637585114426664,0.7469729628784278,0.08321445143576145,False,False,Return from COBYLA because the objective function has been evaluated MAXFUN times.,Return from COBYLA because the objective function has been evaluated MAXFUN times.,300,300,budget_exhausted_uncertain,0.7421708689441507,0.37641764332257727,0.37659873227658897,0.4024090205198247,0.3655721366675618,0.0007246772415232527,True,False,53.141077499996754
cluster,critical_holdout,151,500,0.5185185185185185,0.5,0.6829268292682927,1.0,0.6517291736927127,0.23142136080046963,0.17082295572011133,0.5,0.54,0.5,0.040000000000000036,0.6538461538461539,0.6080961264150037,0.6804929591261362,0.07239683271113251,False,False,Return from COBYLA because the objective function has been evaluated MAXFUN times.,Return from COBYLA because the objective function has been evaluated MAXFUN times.,600,600,budget_exhausted_uncertain,0.6773070747343445,0.40301097175330236,0.40301097175330236,0.424746607786187,0.2742961029810421,0.00020424255734718955,True,False,104.09886630000256
cluster,critical_holdout,181,100,0.5185185185185185,0.5,0.6829268292682927,1.0,0.6571166891237745,0.23416566417246398,0.22100203336421187,0.5,0.53,0.5,0.030000000000000027,0.5384615384615384,0.6162021656527773,0.6866153131959336,0.07041314754315631,True,False,Return from COBYLA because the objective function has been evaluated MAXFUN times.,Return from COBYLA because the objective function has been evaluated MAXFUN times.,600,600,plateau_converged,0.7029739525815945,0.41987508446262006,0.4198838296132859,0.38526935205215596,0.28309012296830854,5.3568911716039835e-05,True,True,103.8230959999928
cluster,critical_holdout,181,200,0.5185185185185185,0.5,0.6829268292682927,1.0,0.6554740255284939,0.23263475934909753,0.18995887891451702,0.5,0.52,0.5,0.020000000000000018,0.5,0.5977881065090613,0.6591289228630524,0.06134081635399102,False,False,Return from COBYLA because the objective function has been evaluated MAXFUN times.,Return from COBYLA because the objective function has been evaluated MAXFUN times.,600,600,budget_exhausted_uncertain,0.6773417972899395,0.42268466274883315,0.42268466274883315,0.3807816613668009,0.25465713454110633,0.00033532781277711976,True,False,100.92518360000395
cluster,critical_holdout,181,300,0.5185185185185185,0.5,0.6829268292682927,1.0,0.6623010042883513,0.23586286822985447,0.1478207560862166,0.5,0.53,0.5,0.030000000000000027,0.5,0.601942174211914,0.6565969492983658,0.05465477508645178,True,False,Return from COBYLA because the objective function has been evaluated MAXFUN times.,Return from COBYLA because the objective function has been evaluated MAXFUN times.,600,600,plateau_converged,0.7033072611051621,0.4534476679442787,0.4534476679442787,0.4153053570270762,0.24985959316088335,5.3260573592062155e-05,True,True,100.04005519999191
cluster,critical_holdout,181,400,0.5185185185185185,0.5,0.6829268292682927,1.0,0.6462539505262354,0.22940630106221047,0.28646731851509716,0.5,0.52,0.5,0.020000000000000018,0.5769230769230769,0.6140373236387272,0.6980646388456313,0.0840273152069041,False,False,Return from COBYLA because the objective function has been evaluated MAXFUN times.,Return from COBYLA because the objective function has been evaluated MAXFUN times.,600,600,budget_exhausted_uncertain,0.7398035872275424,0.3793220721137576,0.3793220721137576,0.3441428526362556,0.36048151511378473,0.00013382094175273807,True,False,99.67302740000014
cluster,critical_holdout,181,500,0.5185185185185185,0.5,0.6829268292682927,1.0,0.6674199781815128,0.2387107613266865,0.12872280249461035,0.5,0.55,0.5,0.050000000000000044,0.5,0.6175198435106601,0.6748398358368499,0.057319992326189784,False,False,Return from COBYLA because the objective function has been evaluated MAXFUN times.,Return from COBYLA because the objective function has been evaluated MAXFUN times.,300,300,budget_exhausted_uncertain,0.6785908588647293,0.4507814343564083,0.4507814343564083,0.4133857044639347,0.22780942450832098,0.0006895752676410738,True,False,49.72090019998723
