     shots,    errors,  discards, seconds,decoder,strong_id,json_metadata,custom_counts
      2321,        54,         0,   0.010,pymatching,52787cae6db63455e0db13cc6e8917ad7fc19582b2ab87b3ff059740c6cfbda9,"{""basis"":""x"",""d"":3,""noise_model"":""uniform_circuit_level"",""p"":0.005,""rounds"":3}",
      3345,        34,         0,   0.010,pymatching,96f00722a0636578e60a367b8dc6286da38a7afc0cab67bb42614e4b14d0f9b0,"{""basis"":""x"",""d"":3,""noise_model"":""uniform_circuit_level"",""p"":0.003,""rounds"":3}",
      5393,        23,         0,   0.010,pymatching,a50d9560ffd2bd1f9a4a0fc72660e9360fcd47e74585eaf96c8e9c50b4551260,"{""basis"":""x"",""d"":3,""noise_model"":""uniform_circuit_level"",""p"":0.002,""rounds"":3}",
      4369,        60,         0,   0.010,pymatching,a673a1b9b3eb37348f8c55fb7e83632349d7588f18158971f3b3a266e3a673ee,"{""basis"":""x"",""d"":3,""noise_model"":""uniform_circuit_level"",""p"":0.004,""rounds"":3}",
      3345,       155,         0,   0.009,pymatching,625ff4464ff8cf0bb73bd82eb51b87561695f3c45ec5ee775c0ceba71c9eac6b,"{""basis"":""x"",""d"":3,""noise_model"":""uniform_circuit_level"",""p"":0.008,""rounds"":3}",
     17408,       134,         0,   0.013,pymatching,96f00722a0636578e60a367b8dc6286da38a7afc0cab67bb42614e4b14d0f9b0,"{""basis"":""x"",""d"":3,""noise_model"":""uniform_circuit_level"",""p"":0.003,""rounds"":3}",
     12288,       245,         0,   0.014,pymatching,52787cae6db63455e0db13cc6e8917ad7fc19582b2ab87b3ff059740c6cfbda9,"{""basis"":""x"",""d"":3,""noise_model"":""uniform_circuit_level"",""p"":0.005,""rounds"":3}",
      4096,        15,         0,   0.014,pymatching,a50d9560ffd2bd1f9a4a0fc72660e9360fcd47e74585eaf96c8e9c50b4551260,"{""basis"":""x"",""d"":3,""noise_model"":""uniform_circuit_level"",""p"":0.002,""rounds"":3}",
     14336,       184,         0,   0.013,pymatching,a673a1b9b3eb37348f8c55fb7e83632349d7588f18158971f3b3a266e3a673ee,"{""basis"":""x"",""d"":3,""noise_model"":""uniform_circuit_level"",""p"":0.004,""rounds"":3}",
      3345,       103,         0,   0.011,pymatching,53482c669c80bf308ffb86c5e0d0cfd506f207a2ab5a63d55afb3ad23748ab19,"{""basis"":""x"",""d"":3,""noise_model"":""uniform_circuit_level"",""p"":0.007,""rounds"":3}",
      9216,       394,         0,   0.014,pymatching,625ff4464ff8cf0bb73bd82eb51b87561695f3c45ec5ee775c0ceba71c9eac6b,"{""basis"":""x"",""d"":3,""noise_model"":""uniform_circuit_level"",""p"":0.008,""rounds"":3}",
         1,         0,         0,   0.012,pymatching,06959fcb34dea5373712a5e61d9046a9ac454ab6c476ecf79d22cbad0a54d703,"{""basis"":""x"",""d"":3,""noise_model"":""uniform_circuit_level"",""p"":0.006,""rounds"":3}",
         1,         0,         0,   0.020,pymatching,da3fa7eaa9dd21dde7346e7831621005daad93f6165097f5bb9cf83959fa77cc,"{""basis"":""x"",""d"":5,""noise_model"":""uniform_circuit_level"",""p"":0.004,""rounds"":5}",
      8192,       299,         0,   0.014,pymatching,53482c669c80bf308ffb86c5e0d0cfd506f207a2ab5a63d55afb3ad23748ab19,"{""basis"":""x"",""d"":3,""noise_model"":""uniform_circuit_level"",""p"":0.007,""rounds"":3}",
     25600,       187,         0,   0.017,pymatching,96f00722a0636578e60a367b8dc6286da38a7afc0cab67bb42614e4b14d0f9b0,"{""basis"":""x"",""d"":3,""noise_model"":""uniform_circuit_level"",""p"":0.003,""rounds"":3}",
     29696,       105,         0,   0.018,pymatching,a50d9560ffd2bd1f9a4a0fc72660e9360fcd47e74585eaf96c8e9c50b4551260,"{""basis"":""x"",""d"":3,""noise_model"":""uniform_circuit_level"",""p"":0.002,""rounds"":3}",
     15360,       288,         0,   0.019,pymatching,52787cae6db63455e0db13cc6e8917ad7fc19582b2ab87b3ff059740c6cfbda9,"{""basis"":""x"",""d"":3,""noise_model"":""uniform_circuit_level"",""p"":0.005,""rounds"":3}",
     20480,       270,         0,   0.019,pymatching,a673a1b9b3eb37348f8c55fb7e83632349d7588f18158971f3b3a266e3a673ee,"{""basis"":""x"",""d"":3,""noise_model"":""uniform_circuit_level"",""p"":0.004,""rounds"":3}",
      7440,       197,         0,   0.014,pymatching,06959fcb34dea5373712a5e61d9046a9ac454ab6c476ecf79d22cbad0a54d703,"{""basis"":""x"",""d"":3,""noise_model"":""uniform_circuit_level"",""p"":0.006,""rounds"":3}",
      7168,       308,         0,   0.018,pymatching,625ff4464ff8cf0bb73bd82eb51b87561695f3c45ec5ee775c0ceba71c9eac6b,"{""basis"":""x"",""d"":3,""noise_model"":""uniform_circuit_level"",""p"":0.008,""rounds"":3}",
         1,         0,         0,   0.017,pymatching,1f0b6debb2687d8c7fc016386652a3b9514f07615bfebe7fb504b31941fa5b3e,"{""basis"":""x"",""d"":5,""noise_model"":""uniform_circuit_level"",""p"":0.007,""rounds"":5}",
      3344,        30,         0,   0.018,pymatching,da3fa7eaa9dd21dde7346e7831621005daad93f6165097f5bb9cf83959fa77cc,"{""basis"":""x"",""d"":5,""noise_model"":""uniform_circuit_level"",""p"":0.004,""rounds"":5}",
         1,         0,         0,   0.035,pymatching,7d3cf676ebef7d67d22f079bbb024d619820a9b36d4aeba2571e25c6475beec2,"{""basis"":""x"",""d"":5,""noise_model"":""uniform_circuit_level"",""p"":0.003,""rounds"":5}",
      4096,       184,         0,   0.008,pymatching,625ff4464ff8cf0bb73bd82eb51b87561695f3c45ec5ee775c0ceba71c9eac6b,"{""basis"":""x"",""d"":3,""noise_model"":""uniform_circuit_level"",""p"":0.008,""rounds"":3}",
         1,         0,         0,   0.033,pymatching,dfe4cef6f0191bec5c3a90af8bba4cc7ab8d102e066fe266d7c7c29bdd9372bd,"{""basis"":""x"",""d"":5,""noise_model"":""uniform_circuit_level"",""p"":0.006,""rounds"":5}",
     12288,       459,         0,   0.019,pymatching,53482c669c80bf308ffb86c5e0d0cfd506f207a2ab5a63d55afb3ad23748ab19,"{""basis"":""x"",""d"":3,""noise_model"":""uniform_circuit_level"",""p"":0.007,""rounds"":3}",
         1,         0,         0,   0.036,pymatching,5421e47e40b5a866af7dad35bef44e199e15580f398adce2d348c23b9c0c211e,"{""basis"":""x"",""d"":5,""noise_model"":""uniform_circuit_level"",""p"":0.002,""rounds"":5}",
         1,         0,         0,   0.040,pymatching,215fc3df3504d95eec0a39ef7e2458470d9573c35e285fd6eb0c4c12447d0b05,"{""basis"":""x"",""d"":5,""noise_model"":""uniform_circuit_level"",""p"":0.005,""rounds"":5}",
        17,         0,         0,   0.011,pymatching,810db267e7d91bfdafc1a30cdcbcf7fc1238a78024593ba231cf15d61807b958,"{""basis"":""x"",""d"":7,""noise_model"":""uniform_circuit_level"",""p"":0.006,""rounds"":7}",
      4096,       159,         0,   0.005,pymatching,53482c669c80bf308ffb86c5e0d0cfd506f207a2ab5a63d55afb3ad23748ab19,"{""basis"":""x"",""d"":3,""noise_model"":""uniform_circuit_level"",""p"":0.007,""rounds"":3}",
      3344,        27,         0,   0.015,pymatching,7d3cf676ebef7d67d22f079bbb024d619820a9b36d4aeba2571e25c6475beec2,"{""basis"":""x"",""d"":5,""noise_model"":""uniform_circuit_level"",""p"":0.003,""rounds"":5}",
     15360,       424,         0,   0.020,pymatching,06959fcb34dea5373712a5e61d9046a9ac454ab6c476ecf79d22cbad0a54d703,"{""basis"":""x"",""d"":3,""noise_model"":""uniform_circuit_level"",""p"":0.006,""rounds"":3}",
     34816,       250,         0,   0.024,pymatching,96f00722a0636578e60a367b8dc6286da38a7afc0cab67bb42614e4b14d0f9b0,"{""basis"":""x"",""d"":3,""noise_model"":""uniform_circuit_level"",""p"":0.003,""rounds"":3}",
     33792,       109,         0,   0.025,pymatching,a50d9560ffd2bd1f9a4a0fc72660e9360fcd47e74585eaf96c8e9c50b4551260,"{""basis"":""x"",""d"":3,""noise_model"":""uniform_circuit_level"",""p"":0.002,""rounds"":3}",
     19456,       404,         0,   0.026,pymatching,52787cae6db63455e0db13cc6e8917ad7fc19582b2ab87b3ff059740c6cfbda9,"{""basis"":""x"",""d"":3,""noise_model"":""uniform_circuit_level"",""p"":0.005,""rounds"":3}",
      1024,        22,         0,   0.001,pymatching,52787cae6db63455e0db13cc6e8917ad7fc19582b2ab87b3ff059740c6cfbda9,"{""basis"":""x"",""d"":3,""noise_model"":""uniform_circuit_level"",""p"":0.005,""rounds"":3}",
     28672,       336,         0,   0.026,pymatching,a673a1b9b3eb37348f8c55fb7e83632349d7588f18158971f3b3a266e3a673ee,"{""basis"":""x"",""d"":3,""noise_model"":""uniform_circuit_level"",""p"":0.004,""rounds"":3}",
      4096,        31,         0,   0.020,pymatching,da3fa7eaa9dd21dde7346e7831621005daad93f6165097f5bb9cf83959fa77cc,"{""basis"":""x"",""d"":5,""noise_model"":""uniform_circuit_level"",""p"":0.004,""rounds"":5}",
      1296,        54,         0,   0.022,pymatching,1f0b6debb2687d8c7fc016386652a3b9514f07615bfebe7fb504b31941fa5b3e,"{""basis"":""x"",""d"":5,""noise_model"":""uniform_circuit_level"",""p"":0.007,""rounds"":5}",
       273,         7,         0,   0.013,pymatching,6c8e43be256e1cf874168eed27dfea60bdc99d0ced560e90b2ebee334294c26d,"{""basis"":""x"",""d"":7,""noise_model"":""uniform_circuit_level"",""p"":0.005,""rounds"":7}",
      4368,         2,         0,   0.017,pymatching,5421e47e40b5a866af7dad35bef44e199e15580f398adce2d348c23b9c0c211e,"{""basis"":""x"",""d"":5,""noise_model"":""uniform_circuit_level"",""p"":0.002,""rounds"":5}",
      2320,        64,         0,   0.021,pymatching,dfe4cef6f0191bec5c3a90af8bba4cc7ab8d102e066fe266d7c7c29bdd9372bd,"{""basis"":""x"",""d"":5,""noise_model"":""uniform_circuit_level"",""p"":0.006,""rounds"":5}",
         1,         0,         0,   0.035,pymatching,24918450185d1e9c8453971e41f93a14b262c85ccfee8d7fb620d0e0c995f78e,"{""basis"":""x"",""d"":7,""noise_model"":""uniform_circuit_level"",""p"":0.007,""rounds"":7}",
      2184,        43,         0,   0.020,pymatching,215fc3df3504d95eec0a39ef7e2458470d9573c35e285fd6eb0c4c12447d0b05,"{""basis"":""x"",""d"":5,""noise_model"":""uniform_circuit_level"",""p"":0.005,""rounds"":5}",
     11264,       169,         0,   0.014,pymatching,a673a1b9b3eb37348f8c55fb7e83632349d7588f18158971f3b3a266e3a673ee,"{""basis"":""x"",""d"":3,""noise_model"":""uniform_circuit_level"",""p"":0.004,""rounds"":3}",
         1,         0,         0,   0.014,pymatching,b08a90a8414aa481066f6c8ac46091933c365f96cae099b0d1c7d0e396ad549b,"{""basis"":""x"",""d"":7,""noise_model"":""uniform_circuit_level"",""p"":0.002,""rounds"":7}",
      4096,        16,         0,   0.022,pymatching,7d3cf676ebef7d67d22f079bbb024d619820a9b36d4aeba2571e25c6475beec2,"{""basis"":""x"",""d"":5,""noise_model"":""uniform_circuit_level"",""p"":0.003,""rounds"":5}",
         1,         0,         0,   0.018,pymatching,b395a9fd9a8f637b062b534b0490e6e1974fa969ebe0fa53e58dfb67772fd236,"{""basis"":""x"",""d"":7,""noise_model"":""uniform_circuit_level"",""p"":0.004,""rounds"":7}",
     14336,       400,         0,   0.025,pymatching,06959fcb34dea5373712a5e61d9046a9ac454ab6c476ecf79d22cbad0a54d703,"{""basis"":""x"",""d"":3,""noise_model"":""uniform_circuit_level"",""p"":0.006,""rounds"":3}",
      2048,        91,         0,   0.024,pymatching,1f0b6debb2687d8c7fc016386652a3b9514f07615bfebe7fb504b31941fa5b3e,"{""basis"":""x"",""d"":5,""noise_model"":""uniform_circuit_level"",""p"":0.007,""rounds"":5}",
      1024,        11,         0,   0.025,pymatching,6c8e43be256e1cf874168eed27dfea60bdc99d0ced560e90b2ebee334294c26d,"{""basis"":""x"",""d"":7,""noise_model"":""uniform_circuit_level"",""p"":0.005,""rounds"":7}",
      5120,        10,         0,   0.021,pymatching,5421e47e40b5a866af7dad35bef44e199e15580f398adce2d348c23b9c0c211e,"{""basis"":""x"",""d"":5,""noise_model"":""uniform_circuit_level"",""p"":0.002,""rounds"":5}",
      5120,        34,         0,   0.029,pymatching,da3fa7eaa9dd21dde7346e7831621005daad93f6165097f5bb9cf83959fa77cc,"{""basis"":""x"",""d"":5,""noise_model"":""uniform_circuit_level"",""p"":0.004,""rounds"":5}",
         1,         0,         0,   0.010,pymatching,c7b75972613e5b900fdfb489425f813afbcfe23ec899a41234d8dae02222d8e5,"{""basis"":""x"",""d"":9,""noise_model"":""uniform_circuit_level"",""p"":0.006,""rounds"":9}",
      1296,         0,         0,   0.015,pymatching,b08a90a8414aa481066f6c8ac46091933c365f96cae099b0d1c7d0e396ad549b,"{""basis"":""x"",""d"":7,""noise_model"":""uniform_circuit_level"",""p"":0.002,""rounds"":7}",
         1,         0,         0,   0.010,pymatching,133d067ab721cd389207b5b2251ee6d284f57bbc6307f09815334cf7809fa703,"{""basis"":""x"",""d"":9,""noise_model"":""uniform_circuit_level"",""p"":0.007,""rounds"":9}",
         1,         0,         0,   0.011,pymatching,91cad48bbd330408f2ba5dbc3d4cdac8471bb9d85fde1ae6c47cc13e5d637eb7,"{""basis"":""x"",""d"":9,""noise_model"":""uniform_circuit_level"",""p"":0.004,""rounds"":9}",
         1,         0,         0,   0.011,pymatching,5d84e63ae58ac8f38a4f71635acf8331f914499fac7161a0b5e56811dcddd0a1,"{""basis"":""x"",""d"":9,""noise_model"":""uniform_circuit_level"",""p"":0.003,""rounds"":9}",
      3072,        86,         0,   0.024,pymatching,dfe4cef6f0191bec5c3a90af8bba4cc7ab8d102e066fe266d7c7c29bdd9372bd,"{""basis"":""x"",""d"":5,""noise_model"":""uniform_circuit_level"",""p"":0.006,""rounds"":5}",
      3072,        56,         0,   0.023,pymatching,215fc3df3504d95eec0a39ef7e2458470d9573c35e285fd6eb0c4c12447d0b05,"{""basis"":""x"",""d"":5,""noise_model"":""uniform_circuit_level"",""p"":0.005,""rounds"":5}",
     43008,       313,         0,   0.034,pymatching,96f00722a0636578e60a367b8dc6286da38a7afc0cab67bb42614e4b14d0f9b0,"{""basis"":""x"",""d"":3,""noise_model"":""uniform_circuit_level"",""p"":0.003,""rounds"":3}",
     43008,       155,         0,   0.035,pymatching,a50d9560ffd2bd1f9a4a0fc72660e9360fcd47e74585eaf96c8e9c50b4551260,"{""basis"":""x"",""d"":3,""noise_model"":""uniform_circuit_level"",""p"":0.002,""rounds"":3}",
      1280,        33,         0,   0.042,pymatching,810db267e7d91bfdafc1a30cdcbcf7fc1238a78024593ba231cf15d61807b958,"{""basis"":""x"",""d"":7,""noise_model"":""uniform_circuit_level"",""p"":0.006,""rounds"":7}",
      9216,        83,         0,   0.007,pymatching,96f00722a0636578e60a367b8dc6286da38a7afc0cab67bb42614e4b14d0f9b0,"{""basis"":""x"",""d"":3,""noise_model"":""uniform_circuit_level"",""p"":0.003,""rounds"":3}",
         1,         0,         0,   0.074,pymatching,f7e3de3b06e5aadce656c492ff4ba2d0b132644351eb98adfb57780e8f8a1c1e,"{""basis"":""x"",""d"":7,""noise_model"":""uniform_circuit_level"",""p"":0.003,""rounds"":7}",
      4096,        11,         0,   0.030,pymatching,7d3cf676ebef7d67d22f079bbb024d619820a9b36d4aeba2571e25c6475beec2,"{""basis"":""x"",""d"":5,""noise_model"":""uniform_circuit_level"",""p"":0.003,""rounds"":5}",
       272,         1,         0,   0.018,pymatching,91cad48bbd330408f2ba5dbc3d4cdac8471bb9d85fde1ae6c47cc13e5d637eb7,"{""basis"":""x"",""d"":9,""noise_model"":""uniform_circuit_level"",""p"":0.004,""rounds"":9}",
      1024,        16,         0,   0.023,pymatching,6c8e43be256e1cf874168eed27dfea60bdc99d0ced560e90b2ebee334294c26d,"{""basis"":""x"",""d"":7,""noise_model"":""uniform_circuit_level"",""p"":0.005,""rounds"":7}",
      1296,         9,         0,   0.030,pymatching,b395a9fd9a8f637b062b534b0490e6e1974fa969ebe0fa53e58dfb67772fd236,"{""basis"":""x"",""d"":7,""noise_model"":""uniform_circuit_level"",""p"":0.004,""rounds"":7}",
      1296,        71,         0,   0.045,pymatching,24918450185d1e9c8453971e41f93a14b262c85ccfee8d7fb620d0e0c995f78e,"{""basis"":""x"",""d"":7,""noise_model"":""uniform_circuit_level"",""p"":0.007,""rounds"":7}",
       272,         5,         0,   0.026,pymatching,c7b75972613e5b900fdfb489425f813afbcfe23ec899a41234d8dae02222d8e5,"{""basis"":""x"",""d"":9,""noise_model"":""uniform_circuit_level"",""p"":0.006,""rounds"":9}",
      3072,         1,         0,   0.026,pymatching,b08a90a8414aa481066f6c8ac46091933c365f96cae099b0d1c7d0e396ad549b,"{""basis"":""x"",""d"":7,""noise_model"":""uniform_circuit_level"",""p"":0.002,""rounds"":7}",
     10240,        17,         0,   0.027,pymatching,5421e47e40b5a866af7dad35bef44e199e15580f398adce2d348c23b9c0c211e,"{""basis"":""x"",""d"":5,""noise_model"":""uniform_circuit_level"",""p"":0.002,""rounds"":5}",
      3072,       129,         0,   0.036,pymatching,1f0b6debb2687d8c7fc016386652a3b9514f07615bfebe7fb504b31941fa5b3e,"{""basis"":""x"",""d"":5,""noise_model"":""uniform_circuit_level"",""p"":0.007,""rounds"":5}",
      1160,         3,         0,   0.017,pymatching,f7e3de3b06e5aadce656c492ff4ba2d0b132644351eb98adfb57780e8f8a1c1e,"{""basis"":""x"",""d"":7,""noise_model"":""uniform_circuit_level"",""p"":0.003,""rounds"":7}",
      4096,       115,         0,   0.031,pymatching,dfe4cef6f0191bec5c3a90af8bba4cc7ab8d102e066fe266d7c7c29bdd9372bd,"{""basis"":""x"",""d"":5,""noise_model"":""uniform_circuit_level"",""p"":0.006,""rounds"":5}",
      4096,        72,         0,   0.030,pymatching,215fc3df3504d95eec0a39ef7e2458470d9573c35e285fd6eb0c4c12447d0b05,"{""basis"":""x"",""d"":5,""noise_model"":""uniform_circuit_level"",""p"":0.005,""rounds"":5}",
      7168,        65,         0,   0.038,pymatching,da3fa7eaa9dd21dde7346e7831621005daad93f6165097f5bb9cf83959fa77cc,"{""basis"":""x"",""d"":5,""noise_model"":""uniform_circuit_level"",""p"":0.004,""rounds"":5}",
       272,        11,         0,   0.042,pymatching,133d067ab721cd389207b5b2251ee6d284f57bbc6307f09815334cf7809fa703,"{""basis"":""x"",""d"":9,""noise_model"":""uniform_circuit_level"",""p"":0.007,""rounds"":9}",
      1297,        71,         0,   0.017,pymatching,28a58d857a9e57c60326960a3896c9ed70d0ee285811ac5659c890f189da2e63,"{""basis"":""x"",""d"":5,""noise_model"":""uniform_circuit_level"",""p"":0.008,""rounds"":5}",
      1296,         1,         0,   0.045,pymatching,5d84e63ae58ac8f38a4f71635acf8331f914499fac7161a0b5e56811dcddd0a1,"{""basis"":""x"",""d"":9,""noise_model"":""uniform_circuit_level"",""p"":0.003,""rounds"":9}",
         1,         0,         0,   0.048,pymatching,ca470c04f47291fdaf50f630e0b7e3f20ce47c7459de027d1a7f5d8a910df65c,"{""basis"":""x"",""d"":9,""noise_model"":""uniform_circuit_level"",""p"":0.002,""rounds"":9}",
      1024,        26,         0,   0.040,pymatching,810db267e7d91bfdafc1a30cdcbcf7fc1238a78024593ba231cf15d61807b958,"{""basis"":""x"",""d"":7,""noise_model"":""uniform_circuit_level"",""p"":0.006,""rounds"":7}",
      3072,         0,         0,   0.028,pymatching,b08a90a8414aa481066f6c8ac46091933c365f96cae099b0d1c7d0e396ad549b,"{""basis"":""x"",""d"":7,""noise_model"":""uniform_circuit_level"",""p"":0.002,""rounds"":7}",
      2048,        11,         0,   0.036,pymatching,b395a9fd9a8f637b062b534b0490e6e1974fa969ebe0fa53e58dfb67772fd236,"{""basis"":""x"",""d"":7,""noise_model"":""uniform_circuit_level"",""p"":0.004,""rounds"":7}",
     68608,       234,         0,   0.046,pymatching,a50d9560ffd2bd1f9a4a0fc72660e9360fcd47e74585eaf96c8e9c50b4551260,"{""basis"":""x"",""d"":3,""noise_model"":""uniform_circuit_level"",""p"":0.002,""rounds"":3}",
      7168,        25,         0,   0.042,pymatching,7d3cf676ebef7d67d22f079bbb024d619820a9b36d4aeba2571e25c6475beec2,"{""basis"":""x"",""d"":5,""noise_model"":""uniform_circuit_level"",""p"":0.003,""rounds"":5}",
      1024,        46,         0,   0.037,pymatching,24918450185d1e9c8453971e41f93a14b262c85ccfee8d7fb620d0e0c995f78e,"{""basis"":""x"",""d"":7,""noise_model"":""uniform_circuit_level"",""p"":0.007,""rounds"":7}",
      2048,        28,         0,   0.044,pymatching,6c8e43be256e1cf874168eed27dfea60bdc99d0ced560e90b2ebee334294c26d,"{""basis"":""x"",""d"":7,""noise_model"":""uniform_circuit_level"",""p"":0.005,""rounds"":7}",
      2048,       110,         0,   0.022,pymatching,28a58d857a9e57c60326960a3896c9ed70d0ee285811ac5659c890f189da2e63,"{""basis"":""x"",""d"":5,""noise_model"":""uniform_circuit_level"",""p"":0.008,""rounds"":5}",
      2048,         3,         0,   0.032,pymatching,f7e3de3b06e5aadce656c492ff4ba2d0b132644351eb98adfb57780e8f8a1c1e,"{""basis"":""x"",""d"":7,""noise_model"":""uniform_circuit_level"",""p"":0.003,""rounds"":7}",
     14336,        11,         0,   0.037,pymatching,5421e47e40b5a866af7dad35bef44e199e15580f398adce2d348c23b9c0c211e,"{""basis"":""x"",""d"":5,""noise_model"":""uniform_circuit_level"",""p"":0.002,""rounds"":5}",
      1160,         0,         0,   0.022,pymatching,ca470c04f47291fdaf50f630e0b7e3f20ce47c7459de027d1a7f5d8a910df65c,"{""basis"":""x"",""d"":9,""noise_model"":""uniform_circuit_level"",""p"":0.002,""rounds"":9}",
      1024,         0,         0,   0.027,pymatching,5d84e63ae58ac8f38a4f71635acf8331f914499fac7161a0b5e56811dcddd0a1,"{""basis"":""x"",""d"":9,""noise_model"":""uniform_circuit_level"",""p"":0.003,""rounds"":9}",
      4369,       234,         0,   0.011,pymatching,a9eb80dd1e5291e59aa71f1222ef0e3da4e8a1c9d9579a54e40a899c46f24111,"{""basis"":""x"",""d"":3,""noise_model"":""uniform_circuit_level"",""p"":0.009,""rounds"":3}",
      5120,        82,         0,   0.038,pymatching,215fc3df3504d95eec0a39ef7e2458470d9573c35e285fd6eb0c4c12447d0b05,"{""basis"":""x"",""d"":5,""noise_model"":""uniform_circuit_level"",""p"":0.005,""rounds"":5}",
         1,         0,         0,   0.022,pymatching,27239e2e2b17d04ffe944f09984743883980bb18e6c0b02bf96fe37093e8e0f7,"{""basis"":""x"",""d"":11,""noise_model"":""uniform_circuit_level"",""p"":0.007,""rounds"":11}",
      4096,       164,         0,   0.043,pymatching,1f0b6debb2687d8c7fc016386652a3b9514f07615bfebe7fb504b31941fa5b3e,"{""basis"":""x"",""d"":5,""noise_model"":""uniform_circuit_level"",""p"":0.007,""rounds"":5}",
      1024,         2,         0,   0.057,pymatching,91cad48bbd330408f2ba5dbc3d4cdac8471bb9d85fde1ae6c47cc13e5d637eb7,"{""basis"":""x"",""d"":9,""noise_model"":""uniform_circuit_level"",""p"":0.004,""rounds"":9}",
         1,         0,         0,   0.032,pymatching,f3a091660a611f168dd4a4bd065f91cd837106abdaefcac2d7cb8a869adb4d79,"{""basis"":""x"",""d"":11,""noise_model"":""uniform_circuit_level"",""p"":0.005,""rounds"":11}",
      1024,        25,         0,   0.031,pymatching,810db267e7d91bfdafc1a30cdcbcf7fc1238a78024593ba231cf15d61807b958,"{""basis"":""x"",""d"":7,""noise_model"":""uniform_circuit_level"",""p"":0.006,""rounds"":7}",
      5120,       129,         0,   0.044,pymatching,dfe4cef6f0191bec5c3a90af8bba4cc7ab8d102e066fe266d7c7c29bdd9372bd,"{""basis"":""x"",""d"":5,""noise_model"":""uniform_circuit_level"",""p"":0.006,""rounds"":5}",
      2048,       139,         0,   0.022,pymatching,28a58d857a9e57c60326960a3896c9ed70d0ee285811ac5659c890f189da2e63,"{""basis"":""x"",""d"":5,""noise_model"":""uniform_circuit_level"",""p"":0.008,""rounds"":5}",
      1024,        59,         0,   0.011,pymatching,a9eb80dd1e5291e59aa71f1222ef0e3da4e8a1c9d9579a54e40a899c46f24111,"{""basis"":""x"",""d"":3,""noise_model"":""uniform_circuit_level"",""p"":0.009,""rounds"":3}",
      2048,        14,         0,   0.036,pymatching,b395a9fd9a8f637b062b534b0490e6e1974fa969ebe0fa53e58dfb67772fd236,"{""basis"":""x"",""d"":7,""noise_model"":""uniform_circuit_level"",""p"":0.004,""rounds"":7}",
     10240,        92,         0,   0.056,pymatching,da3fa7eaa9dd21dde7346e7831621005daad93f6165097f5bb9cf83959fa77cc,"{""basis"":""x"",""d"":5,""noise_model"":""uniform_circuit_level"",""p"":0.004,""rounds"":5}",
      1024,        37,         0,   0.035,pymatching,24918450185d1e9c8453971e41f93a14b262c85ccfee8d7fb620d0e0c995f78e,"{""basis"":""x"",""d"":7,""noise_model"":""uniform_circuit_level"",""p"":0.007,""rounds"":7}",
      2048,         4,         0,   0.030,pymatching,f7e3de3b06e5aadce656c492ff4ba2d0b132644351eb98adfb57780e8f8a1c1e,"{""basis"":""x"",""d"":7,""noise_model"":""uniform_circuit_level"",""p"":0.003,""rounds"":7}",
      5120,         2,         0,   0.044,pymatching,b08a90a8414aa481066f6c8ac46091933c365f96cae099b0d1c7d0e396ad549b,"{""basis"":""x"",""d"":7,""noise_model"":""uniform_circuit_level"",""p"":0.002,""rounds"":7}",
      2048,        20,         0,   0.042,pymatching,6c8e43be256e1cf874168eed27dfea60bdc99d0ced560e90b2ebee334294c26d,"{""basis"":""x"",""d"":7,""noise_model"":""uniform_circuit_level"",""p"":0.005,""rounds"":7}",
      1024,        18,         0,   0.082,pymatching,c7b75972613e5b900fdfb489425f813afbcfe23ec899a41234d8dae02222d8e5,"{""basis"":""x"",""d"":9,""noise_model"":""uniform_circuit_level"",""p"":0.006,""rounds"":9}",
      2048,         0,         0,   0.037,pymatching,ca470c04f47291fdaf50f630e0b7e3f20ce47c7459de027d1a7f5d8a910df65c,"{""basis"":""x"",""d"":9,""noise_model"":""uniform_circuit_level"",""p"":0.002,""rounds"":9}",
         1,         0,         0,   0.044,pymatching,feb98696aa4ad3a23e46527256fbbb6784603de330dd724864ce9f7de766b036,"{""basis"":""x"",""d"":11,""noise_model"":""uniform_circuit_level"",""p"":0.004,""rounds"":11}",
      9216,       525,         0,   0.020,pymatching,a9eb80dd1e5291e59aa71f1222ef0e3da4e8a1c9d9579a54e40a899c46f24111,"{""basis"":""x"",""d"":3,""noise_model"":""uniform_circuit_level"",""p"":0.009,""rounds"":3}",
       272,         2,         0,   0.041,pymatching,f3a091660a611f168dd4a4bd065f91cd837106abdaefcac2d7cb8a869adb4d79,"{""basis"":""x"",""d"":11,""noise_model"":""uniform_circuit_level"",""p"":0.005,""rounds"":11}",
      4096,       232,         0,   0.009,pymatching,a9eb80dd1e5291e59aa71f1222ef0e3da4e8a1c9d9579a54e40a899c46f24111,"{""basis"":""x"",""d"":3,""noise_model"":""uniform_circuit_level"",""p"":0.009,""rounds"":3}",
    102400,       359,         0,   0.052,pymatching,a50d9560ffd2bd1f9a4a0fc72660e9360fcd47e74585eaf96c8e9c50b4551260,"{""basis"":""x"",""d"":3,""noise_model"":""uniform_circuit_level"",""p"":0.002,""rounds"":3}",
       273,        22,         0,   0.020,pymatching,ddf8d5b16cb4b3bce6befd7596513546c4ce1d0712e53b70017211cee8df4fc8,"{""basis"":""x"",""d"":7,""noise_model"":""uniform_circuit_level"",""p"":0.008,""rounds"":7}",
      3072,       165,         0,   0.032,pymatching,28a58d857a9e57c60326960a3896c9ed70d0ee285811ac5659c890f189da2e63,"{""basis"":""x"",""d"":5,""noise_model"":""uniform_circuit_level"",""p"":0.008,""rounds"":5}",
         1,         0,         0,   0.040,pymatching,45816d18bb74d46b4443e25c255fe762e8f1de8891efbc6154ee1effa997a4e2,"{""basis"":""x"",""d"":11,""noise_model"":""uniform_circuit_level"",""p"":0.006,""rounds"":11}",
     20480,        20,         0,   0.053,pymatching,5421e47e40b5a866af7dad35bef44e199e15580f398adce2d348c23b9c0c211e,"{""basis"":""x"",""d"":5,""noise_model"":""uniform_circuit_level"",""p"":0.002,""rounds"":5}",
      7168,        30,         0,   0.060,pymatching,7d3cf676ebef7d67d22f079bbb024d619820a9b36d4aeba2571e25c6475beec2,"{""basis"":""x"",""d"":5,""noise_model"":""uniform_circuit_level"",""p"":0.003,""rounds"":5}",
      1297,        81,         0,   0.021,pymatching,d2e9483e6abdd16526e38e39bd68c4f9367eaa62bf320dc11115360b452fc175,"{""basis"":""x"",""d"":5,""noise_model"":""uniform_circuit_level"",""p"":0.009,""rounds"":5}",
      2048,         0,         0,   0.053,pymatching,5d84e63ae58ac8f38a4f71635acf8331f914499fac7161a0b5e56811dcddd0a1,"{""basis"":""x"",""d"":9,""noise_model"":""uniform_circuit_level"",""p"":0.003,""rounds"":9}",
      5120,       207,         0,   0.055,pymatching,1f0b6debb2687d8c7fc016386652a3b9514f07615bfebe7fb504b31941fa5b3e,"{""basis"":""x"",""d"":5,""noise_model"":""uniform_circuit_level"",""p"":0.007,""rounds"":5}",
       272,        12,         0,   0.056,pymatching,27239e2e2b17d04ffe944f09984743883980bb18e6c0b02bf96fe37093e8e0f7,"{""basis"":""x"",""d"":11,""noise_model"":""uniform_circuit_level"",""p"":0.007,""rounds"":11}",
      7168,       130,         0,   0.057,pymatching,215fc3df3504d95eec0a39ef7e2458470d9573c35e285fd6eb0c4c12447d0b05,"{""basis"":""x"",""d"":5,""noise_model"":""uniform_circuit_level"",""p"":0.005,""rounds"":5}",
       136,         0,         0,   0.021,pymatching,feb98696aa4ad3a23e46527256fbbb6784603de330dd724864ce9f7de766b036,"{""basis"":""x"",""d"":11,""noise_model"":""uniform_circuit_level"",""p"":0.004,""rounds"":11}",
      1024,        69,         0,   0.015,pymatching,d2e9483e6abdd16526e38e39bd68c4f9367eaa62bf320dc11115360b452fc175,"{""basis"":""x"",""d"":5,""noise_model"":""uniform_circuit_level"",""p"":0.009,""rounds"":5}",
      2048,        48,         0,   0.059,pymatching,810db267e7d91bfdafc1a30cdcbcf7fc1238a78024593ba231cf15d61807b958,"{""basis"":""x"",""d"":7,""noise_model"":""uniform_circuit_level"",""p"":0.006,""rounds"":7}",
      1024,         2,         0,   0.064,pymatching,91cad48bbd330408f2ba5dbc3d4cdac8471bb9d85fde1ae6c47cc13e5d637eb7,"{""basis"":""x"",""d"":9,""noise_model"":""uniform_circuit_level"",""p"":0.004,""rounds"":9}",
       136,         2,         0,   0.019,pymatching,45816d18bb74d46b4443e25c255fe762e8f1de8891efbc6154ee1effa997a4e2,"{""basis"":""x"",""d"":11,""noise_model"":""uniform_circuit_level"",""p"":0.006,""rounds"":11}",
      7168,       189,         0,   0.061,pymatching,dfe4cef6f0191bec5c3a90af8bba4cc7ab8d102e066fe266d7c7c29bdd9372bd,"{""basis"":""x"",""d"":5,""noise_model"":""uniform_circuit_level"",""p"":0.006,""rounds"":5}",
         1,         0,         0,   0.123,pymatching,6e6bec8ca339b8550e6f2eba9f8a33ef4ef47ba7ef939b79d75c0e5e31b0bbac,"{""basis"":""x"",""d"":9,""noise_model"":""uniform_circuit_level"",""p"":0.005,""rounds"":9}",
      4096,         9,         0,   0.048,pymatching,f7e3de3b06e5aadce656c492ff4ba2d0b132644351eb98adfb57780e8f8a1c1e,"{""basis"":""x"",""d"":7,""noise_model"":""uniform_circuit_level"",""p"":0.003,""rounds"":7}",
      2048,         0,         0,   0.037,pymatching,ca470c04f47291fdaf50f630e0b7e3f20ce47c7459de027d1a7f5d8a910df65c,"{""basis"":""x"",""d"":9,""noise_model"":""uniform_circuit_level"",""p"":0.002,""rounds"":9}",
      3072,        16,         0,   0.053,pymatching,b395a9fd9a8f637b062b534b0490e6e1974fa969ebe0fa53e58dfb67772fd236,"{""basis"":""x"",""d"":7,""noise_model"":""uniform_circuit_level"",""p"":0.004,""rounds"":7}",
      6144,         1,         0,   0.056,pymatching,b08a90a8414aa481066f6c8ac46091933c365f96cae099b0d1c7d0e396ad549b,"{""basis"":""x"",""d"":7,""noise_model"":""uniform_circuit_level"",""p"":0.002,""rounds"":7}",
      3072,       175,         0,   0.038,pymatching,28a58d857a9e57c60326960a3896c9ed70d0ee285811ac5659c890f189da2e63,"{""basis"":""x"",""d"":5,""noise_model"":""uniform_circuit_level"",""p"":0.008,""rounds"":5}",
      1024,        49,         0,   0.121,pymatching,133d067ab721cd389207b5b2251ee6d284f57bbc6307f09815334cf7809fa703,"{""basis"":""x"",""d"":9,""noise_model"":""uniform_circuit_level"",""p"":0.007,""rounds"":9}",
     13312,       106,         0,   0.074,pymatching,da3fa7eaa9dd21dde7346e7831621005daad93f6165097f5bb9cf83959fa77cc,"{""basis"":""x"",""d"":5,""noise_model"":""uniform_circuit_level"",""p"":0.004,""rounds"":5}",
      2048,        76,         0,   0.077,pymatching,24918450185d1e9c8453971e41f93a14b262c85ccfee8d7fb620d0e0c995f78e,"{""basis"":""x"",""d"":7,""noise_model"":""uniform_circuit_level"",""p"":0.007,""rounds"":7}",
      2048,       157,         0,   0.035,pymatching,d2e9483e6abdd16526e38e39bd68c4f9367eaa62bf320dc11115360b452fc175,"{""basis"":""x"",""d"":5,""noise_model"":""uniform_circuit_level"",""p"":0.009,""rounds"":5}",
      3072,        38,         0,   0.069,pymatching,6c8e43be256e1cf874168eed27dfea60bdc99d0ced560e90b2ebee334294c26d,"{""basis"":""x"",""d"":7,""noise_model"":""uniform_circuit_level"",""p"":0.005,""rounds"":7}",
         1,         0,         0,   0.104,pymatching,d6061c9a594b6110f0d2d218d441ba6e898e4b528bde72e8fb66bfdffdda4374,"{""basis"":""x"",""d"":11,""noise_model"":""uniform_circuit_level"",""p"":0.002,""rounds"":11}",
      1024,        70,         0,   0.055,pymatching,ddf8d5b16cb4b3bce6befd7596513546c4ce1d0712e53b70017211cee8df4fc8,"{""basis"":""x"",""d"":7,""noise_model"":""uniform_circuit_level"",""p"":0.008,""rounds"":7}",
      1024,         5,         0,   0.048,pymatching,91cad48bbd330408f2ba5dbc3d4cdac8471bb9d85fde1ae6c47cc13e5d637eb7,"{""basis"":""x"",""d"":9,""noise_model"":""uniform_circuit_level"",""p"":0.004,""rounds"":9}",
         1,         0,         0,   0.139,pymatching,b6e3714279fa4d6e0b5096a25a7c87ca9bb12204811c2c9990504be90ed24c04,"{""basis"":""x"",""d"":11,""noise_model"":""uniform_circuit_level"",""p"":0.003,""rounds"":11}",
      2048,         0,         0,   0.061,pymatching,5d84e63ae58ac8f38a4f71635acf8331f914499fac7161a0b5e56811dcddd0a1,"{""basis"":""x"",""d"":9,""noise_model"":""uniform_circuit_level"",""p"":0.003,""rounds"":9}",
      1024,        22,         0,   0.081,pymatching,c7b75972613e5b900fdfb489425f813afbcfe23ec899a41234d8dae02222d8e5,"{""basis"":""x"",""d"":9,""noise_model"":""uniform_circuit_level"",""p"":0.006,""rounds"":9}",
      2048,         0,         0,   0.045,pymatching,ca470c04f47291fdaf50f630e0b7e3f20ce47c7459de027d1a7f5d8a910df65c,"{""basis"":""x"",""d"":9,""noise_model"":""uniform_circuit_level"",""p"":0.002,""rounds"":9}",
     21504,        20,         0,   0.073,pymatching,5421e47e40b5a866af7dad35bef44e199e15580f398adce2d348c23b9c0c211e,"{""basis"":""x"",""d"":5,""noise_model"":""uniform_circuit_level"",""p"":0.002,""rounds"":5}",
     14336,        52,         0,   0.075,pymatching,7d3cf676ebef7d67d22f079bbb024d619820a9b36d4aeba2571e25c6475beec2,"{""basis"":""x"",""d"":5,""noise_model"":""uniform_circuit_level"",""p"":0.003,""rounds"":5}",
      2048,       146,         0,   0.028,pymatching,d2e9483e6abdd16526e38e39bd68c4f9367eaa62bf320dc11115360b452fc175,"{""basis"":""x"",""d"":5,""noise_model"":""uniform_circuit_level"",""p"":0.009,""rounds"":5}",
      2048,        48,         0,   0.065,pymatching,810db267e7d91bfdafc1a30cdcbcf7fc1238a78024593ba231cf15d61807b958,"{""basis"":""x"",""d"":7,""noise_model"":""uniform_circuit_level"",""p"":0.006,""rounds"":7}",
      4096,         9,         0,   0.061,pymatching,f7e3de3b06e5aadce656c492ff4ba2d0b132644351eb98adfb57780e8f8a1c1e,"{""basis"":""x"",""d"":7,""noise_model"":""uniform_circuit_level"",""p"":0.003,""rounds"":7}",
      3072,        16,         0,   0.061,pymatching,b395a9fd9a8f637b062b534b0490e6e1974fa969ebe0fa53e58dfb67772fd236,"{""basis"":""x"",""d"":7,""noise_model"":""uniform_circuit_level"",""p"":0.004,""rounds"":7}",
      9216,       148,         0,   0.076,pymatching,215fc3df3504d95eec0a39ef7e2458470d9573c35e285fd6eb0c4c12447d0b05,"{""basis"":""x"",""d"":5,""noise_model"":""uniform_circuit_level"",""p"":0.005,""rounds"":5}",
       273,        26,         0,   0.042,pymatching,7dd46c0f29033955b68917ac8d260b9c051dc7c241bd51f3eb76164ba74c3e3d,"{""basis"":""x"",""d"":9,""noise_model"":""uniform_circuit_level"",""p"":0.008,""rounds"":9}",
      1092,         8,         0,   0.068,pymatching,6e6bec8ca339b8550e6f2eba9f8a33ef4ef47ba7ef939b79d75c0e5e31b0bbac,"{""basis"":""x"",""d"":9,""noise_model"":""uniform_circuit_level"",""p"":0.005,""rounds"":9}",
      5120,       274,         0,   0.054,pymatching,28a58d857a9e57c60326960a3896c9ed70d0ee285811ac5659c890f189da2e63,"{""basis"":""x"",""d"":5,""noise_model"":""uniform_circuit_level"",""p"":0.008,""rounds"":5}",
      7168,       312,         0,   0.084,pymatching,1f0b6debb2687d8c7fc016386652a3b9514f07615bfebe7fb504b31941fa5b3e,"{""basis"":""x"",""d"":5,""noise_model"":""uniform_circuit_level"",""p"":0.007,""rounds"":5}",
      1024,        75,         0,   0.040,pymatching,ddf8d5b16cb4b3bce6befd7596513546c4ce1d0712e53b70017211cee8df4fc8,"{""basis"":""x"",""d"":7,""noise_model"":""uniform_circuit_level"",""p"":0.008,""rounds"":7}",
      8192,       243,         0,   0.076,pymatching,dfe4cef6f0191bec5c3a90af8bba4cc7ab8d102e066fe266d7c7c29bdd9372bd,"{""basis"":""x"",""d"":5,""noise_model"":""uniform_circuit_level"",""p"":0.006,""rounds"":5}",
      1092,         0,         0,   0.045,pymatching,d6061c9a594b6110f0d2d218d441ba6e898e4b528bde72e8fb66bfdffdda4374,"{""basis"":""x"",""d"":11,""noise_model"":""uniform_circuit_level"",""p"":0.002,""rounds"":11}",
      8192,         4,         0,   0.077,pymatching,b08a90a8414aa481066f6c8ac46091933c365f96cae099b0d1c7d0e396ad549b,"{""basis"":""x"",""d"":7,""noise_model"":""uniform_circuit_level"",""p"":0.002,""rounds"":7}",
      2048,        82,         0,   0.021,pymatching,1f0b6debb2687d8c7fc016386652a3b9514f07615bfebe7fb504b31941fa5b3e,"{""basis"":""x"",""d"":5,""noise_model"":""uniform_circuit_level"",""p"":0.007,""rounds"":5}",
      2048,       120,         0,   0.022,pymatching,28a58d857a9e57c60326960a3896c9ed70d0ee285811ac5659c890f189da2e63,"{""basis"":""x"",""d"":5,""noise_model"":""uniform_circuit_level"",""p"":0.008,""rounds"":5}",
      2048,        91,         0,   0.070,pymatching,24918450185d1e9c8453971e41f93a14b262c85ccfee8d7fb620d0e0c995f78e,"{""basis"":""x"",""d"":7,""noise_model"":""uniform_circuit_level"",""p"":0.007,""rounds"":7}",
      3072,       211,         0,   0.043,pymatching,d2e9483e6abdd16526e38e39bd68c4f9367eaa62bf320dc11115360b452fc175,"{""basis"":""x"",""d"":5,""noise_model"":""uniform_circuit_level"",""p"":0.009,""rounds"":5}",
      3072,         0,         0,   0.056,pymatching,ca470c04f47291fdaf50f630e0b7e3f20ce47c7459de027d1a7f5d8a910df65c,"{""basis"":""x"",""d"":9,""noise_model"":""uniform_circuit_level"",""p"":0.002,""rounds"":9}",
      2048,         0,         0,   0.059,pymatching,5d84e63ae58ac8f38a4f71635acf8331f914499fac7161a0b5e56811dcddd0a1,"{""basis"":""x"",""d"":9,""noise_model"":""uniform_circuit_level"",""p"":0.003,""rounds"":9}",
      1024,        56,         0,   0.094,pymatching,133d067ab721cd389207b5b2251ee6d284f57bbc6307f09815334cf7809fa703,"{""basis"":""x"",""d"":9,""noise_model"":""uniform_circuit_level"",""p"":0.007,""rounds"":9}",
      1024,        68,         0,   0.041,pymatching,ddf8d5b16cb4b3bce6befd7596513546c4ce1d0712e53b70017211cee8df4fc8,"{""basis"":""x"",""d"":7,""noise_model"":""uniform_circuit_level"",""p"":0.008,""rounds"":7}",
      4096,        48,         0,   0.084,pymatching,6c8e43be256e1cf874168eed27dfea60bdc99d0ced560e90b2ebee334294c26d,"{""basis"":""x"",""d"":7,""noise_model"":""uniform_circuit_level"",""p"":0.005,""rounds"":7}",
      1024,        20,         0,   0.071,pymatching,c7b75972613e5b900fdfb489425f813afbcfe23ec899a41234d8dae02222d8e5,"{""basis"":""x"",""d"":9,""noise_model"":""uniform_circuit_level"",""p"":0.006,""rounds"":9}",
      1024,         0,         0,   0.040,pymatching,d6061c9a594b6110f0d2d218d441ba6e898e4b528bde72e8fb66bfdffdda4374,"{""basis"":""x"",""d"":11,""noise_model"":""uniform_circuit_level"",""p"":0.002,""rounds"":11}",
       273,        26,         0,   0.015,pymatching,9e600874bceba8de7b5c3f55d92dddab6ad7bf51816a8d4c3ab51be0d5637a7e,"{""basis"":""x"",""d"":7,""noise_model"":""uniform_circuit_level"",""p"":0.009,""rounds"":7}",
      2048,         2,         0,   0.081,pymatching,91cad48bbd330408f2ba5dbc3d4cdac8471bb9d85fde1ae6c47cc13e5d637eb7,"{""basis"":""x"",""d"":9,""noise_model"":""uniform_circuit_level"",""p"":0.004,""rounds"":9}",
      1024,         1,         0,   0.138,pymatching,feb98696aa4ad3a23e46527256fbbb6784603de330dd724864ce9f7de766b036,"{""basis"":""x"",""d"":11,""noise_model"":""uniform_circuit_level"",""p"":0.004,""rounds"":11}",
      6144,       191,         0,   0.056,pymatching,dfe4cef6f0191bec5c3a90af8bba4cc7ab8d102e066fe266d7c7c29bdd9372bd,"{""basis"":""x"",""d"":5,""noise_model"":""uniform_circuit_level"",""p"":0.006,""rounds"":5}",
      1024,         5,         0,   0.064,pymatching,6e6bec8ca339b8550e6f2eba9f8a33ef4ef47ba7ef939b79d75c0e5e31b0bbac,"{""basis"":""x"",""d"":9,""noise_model"":""uniform_circuit_level"",""p"":0.005,""rounds"":9}",
     20480,       163,         0,   0.104,pymatching,da3fa7eaa9dd21dde7346e7831621005daad93f6165097f5bb9cf83959fa77cc,"{""basis"":""x"",""d"":5,""noise_model"":""uniform_circuit_level"",""p"":0.004,""rounds"":5}",
      1024,        11,         0,   0.141,pymatching,45816d18bb74d46b4443e25c255fe762e8f1de8891efbc6154ee1effa997a4e2,"{""basis"":""x"",""d"":11,""noise_model"":""uniform_circuit_level"",""p"":0.006,""rounds"":11}",
      1092,         1,         0,   0.097,pymatching,b6e3714279fa4d6e0b5096a25a7c87ca9bb12204811c2c9990504be90ed24c04,"{""basis"":""x"",""d"":11,""noise_model"":""uniform_circuit_level"",""p"":0.003,""rounds"":11}",
      6144,         8,         0,   0.080,pymatching,f7e3de3b06e5aadce656c492ff4ba2d0b132644351eb98adfb57780e8f8a1c1e,"{""basis"":""x"",""d"":7,""noise_model"":""uniform_circuit_level"",""p"":0.003,""rounds"":7}",
         1,         0,         0,   0.020,pymatching,a670e09bc59b67483313750c8c4f1ff5ca7e63b0b623f7eb8de7e43fa4daa790,"{""basis"":""x"",""d"":11,""noise_model"":""uniform_circuit_level"",""p"":0.008,""rounds"":11}",
      5120,        31,         0,   0.088,pymatching,b395a9fd9a8f637b062b534b0490e6e1974fa969ebe0fa53e58dfb67772fd236,"{""basis"":""x"",""d"":7,""noise_model"":""uniform_circuit_level"",""p"":0.004,""rounds"":7}",
      5393,       377,         0,   0.011,pymatching,519dbf513f2af636c02706c8a46e932ce9e4f218d4bfc10f398af1248259e4fb,"{""basis"":""x"",""d"":3,""noise_model"":""uniform_circuit_level"",""p"":0.01,""rounds"":3}",
      3072,        78,         0,   0.095,pymatching,810db267e7d91bfdafc1a30cdcbcf7fc1238a78024593ba231cf15d61807b958,"{""basis"":""x"",""d"":7,""noise_model"":""uniform_circuit_level"",""p"":0.006,""rounds"":7}",
      1024,        65,         0,   0.042,pymatching,ddf8d5b16cb4b3bce6befd7596513546c4ce1d0712e53b70017211cee8df4fc8,"{""basis"":""x"",""d"":7,""noise_model"":""uniform_circuit_level"",""p"":0.008,""rounds"":7}",
      4096,       307,         0,   0.055,pymatching,d2e9483e6abdd16526e38e39bd68c4f9367eaa62bf320dc11115360b452fc175,"{""basis"":""x"",""d"":5,""noise_model"":""uniform_circuit_level"",""p"":0.009,""rounds"":5}",
     38912,        41,         0,   0.103,pymatching,5421e47e40b5a866af7dad35bef44e199e15580f398adce2d348c23b9c0c211e,"{""basis"":""x"",""d"":5,""noise_model"":""uniform_circuit_level"",""p"":0.002,""rounds"":5}",
     27648,       100,         0,   0.103,pymatching,7d3cf676ebef7d67d22f079bbb024d619820a9b36d4aeba2571e25c6475beec2,"{""basis"":""x"",""d"":5,""noise_model"":""uniform_circuit_level"",""p"":0.003,""rounds"":5}",
      1024,         0,         0,   0.046,pymatching,d6061c9a594b6110f0d2d218d441ba6e898e4b528bde72e8fb66bfdffdda4374,"{""basis"":""x"",""d"":11,""noise_model"":""uniform_circuit_level"",""p"":0.002,""rounds"":11}",
      1024,         7,         0,   0.192,pymatching,f3a091660a611f168dd4a4bd065f91cd837106abdaefcac2d7cb8a869adb4d79,"{""basis"":""x"",""d"":11,""noise_model"":""uniform_circuit_level"",""p"":0.005,""rounds"":11}",
      1024,        86,         0,   0.046,pymatching,9e600874bceba8de7b5c3f55d92dddab6ad7bf51816a8d4c3ab51be0d5637a7e,"{""basis"":""x"",""d"":7,""noise_model"":""uniform_circuit_level"",""p"":0.009,""rounds"":7}",
      2048,       130,         0,   0.014,pymatching,519dbf513f2af636c02706c8a46e932ce9e4f218d4bfc10f398af1248259e4fb,"{""basis"":""x"",""d"":3,""noise_model"":""uniform_circuit_level"",""p"":0.01,""rounds"":3}",
      1024,        83,         0,   0.014,pymatching,d2e9483e6abdd16526e38e39bd68c4f9367eaa62bf320dc11115360b452fc175,"{""basis"":""x"",""d"":5,""noise_model"":""uniform_circuit_level"",""p"":0.009,""rounds"":5}",
     14336,       263,         0,   0.108,pymatching,215fc3df3504d95eec0a39ef7e2458470d9573c35e285fd6eb0c4c12447d0b05,"{""basis"":""x"",""d"":5,""noise_model"":""uniform_circuit_level"",""p"":0.005,""rounds"":5}",
      1024,        29,         0,   0.189,pymatching,27239e2e2b17d04ffe944f09984743883980bb18e6c0b02bf96fe37093e8e0f7,"{""basis"":""x"",""d"":11,""noise_model"":""uniform_circuit_level"",""p"":0.007,""rounds"":11}",
      1024,        21,         0,   0.071,pymatching,c7b75972613e5b900fdfb489425f813afbcfe23ec899a41234d8dae02222d8e5,"{""basis"":""x"",""d"":9,""noise_model"":""uniform_circuit_level"",""p"":0.006,""rounds"":9}",
      3072,         4,         0,   0.084,pymatching,5d84e63ae58ac8f38a4f71635acf8331f914499fac7161a0b5e56811dcddd0a1,"{""basis"":""x"",""d"":9,""noise_model"":""uniform_circuit_level"",""p"":0.003,""rounds"":9}",
      8192,       525,         0,   0.019,pymatching,519dbf513f2af636c02706c8a46e932ce9e4f218d4bfc10f398af1248259e4fb,"{""basis"":""x"",""d"":3,""noise_model"":""uniform_circuit_level"",""p"":0.01,""rounds"":3}",
      5120,         1,         0,   0.091,pymatching,ca470c04f47291fdaf50f630e0b7e3f20ce47c7459de027d1a7f5d8a910df65c,"{""basis"":""x"",""d"":9,""noise_model"":""uniform_circuit_level"",""p"":0.002,""rounds"":9}",
     12288,         2,         0,   0.105,pymatching,b08a90a8414aa481066f6c8ac46091933c365f96cae099b0d1c7d0e396ad549b,"{""basis"":""x"",""d"":7,""noise_model"":""uniform_circuit_level"",""p"":0.002,""rounds"":7}",
      3072,       146,         0,   0.101,pymatching,24918450185d1e9c8453971e41f93a14b262c85ccfee8d7fb620d0e0c995f78e,"{""basis"":""x"",""d"":7,""noise_model"":""uniform_circuit_level"",""p"":0.007,""rounds"":7}",
      1024,         0,         0,   0.042,pymatching,d6061c9a594b6110f0d2d218d441ba6e898e4b528bde72e8fb66bfdffdda4374,"{""basis"":""x"",""d"":11,""noise_model"":""uniform_circuit_level"",""p"":0.002,""rounds"":11}",
      1024,         0,         0,   0.065,pymatching,b6e3714279fa4d6e0b5096a25a7c87ca9bb12204811c2c9990504be90ed24c04,"{""basis"":""x"",""d"":11,""noise_model"":""uniform_circuit_level"",""p"":0.003,""rounds"":11}",
      1024,       107,         0,   0.045,pymatching,9e600874bceba8de7b5c3f55d92dddab6ad7bf51816a8d4c3ab51be0d5637a7e,"{""basis"":""x"",""d"":7,""noise_model"":""uniform_circuit_level"",""p"":0.009,""rounds"":7}",
      1024,        14,         0,   0.080,pymatching,6e6bec8ca339b8550e6f2eba9f8a33ef4ef47ba7ef939b79d75c0e5e31b0bbac,"{""basis"":""x"",""d"":9,""noise_model"":""uniform_circuit_level"",""p"":0.005,""rounds"":9}",
      1024,        65,         0,   0.064,pymatching,ddf8d5b16cb4b3bce6befd7596513546c4ce1d0712e53b70017211cee8df4fc8,"{""basis"":""x"",""d"":7,""noise_model"":""uniform_circuit_level"",""p"":0.008,""rounds"":7}",
         1,         0,         0,   0.014,pymatching,4da77e174bc983aba06b5651e9c4c90af2ccaf56ccd8af6bb1a8c7eb414670bf,"{""basis"":""x"",""d"":9,""noise_model"":""uniform_circuit_level"",""p"":0.009,""rounds"":9}",
      5120,        56,         0,   0.108,pymatching,6c8e43be256e1cf874168eed27dfea60bdc99d0ced560e90b2ebee334294c26d,"{""basis"":""x"",""d"":7,""noise_model"":""uniform_circuit_level"",""p"":0.005,""rounds"":7}",
      2048,         5,         0,   0.102,pymatching,91cad48bbd330408f2ba5dbc3d4cdac8471bb9d85fde1ae6c47cc13e5d637eb7,"{""basis"":""x"",""d"":9,""noise_model"":""uniform_circuit_level"",""p"":0.004,""rounds"":9}",
       272,        21,         0,   0.083,pymatching,a670e09bc59b67483313750c8c4f1ff5ca7e63b0b623f7eb8de7e43fa4daa790,"{""basis"":""x"",""d"":11,""noise_model"":""uniform_circuit_level"",""p"":0.008,""rounds"":11}",
      1024,        70,         0,   0.165,pymatching,7dd46c0f29033955b68917ac8d260b9c051dc7c241bd51f3eb76164ba74c3e3d,"{""basis"":""x"",""d"":9,""noise_model"":""uniform_circuit_level"",""p"":0.008,""rounds"":9}",
      1024,         2,         0,   0.106,pymatching,feb98696aa4ad3a23e46527256fbbb6784603de330dd724864ce9f7de766b036,"{""basis"":""x"",""d"":11,""noise_model"":""uniform_circuit_level"",""p"":0.004,""rounds"":11}",
       273,        22,         0,   0.006,pymatching,d533021797ba66292dc833ab0e461c08c4a35be81aba77cd1de77a06145f1c75,"{""basis"":""x"",""d"":5,""noise_model"":""uniform_circuit_level"",""p"":0.01,""rounds"":5}",
      1024,        28,         0,   0.135,pymatching,133d067ab721cd389207b5b2251ee6d284f57bbc6307f09815334cf7809fa703,"{""basis"":""x"",""d"":9,""noise_model"":""uniform_circuit_level"",""p"":0.007,""rounds"":9}",
      1024,        98,         0,   0.016,pymatching,d533021797ba66292dc833ab0e461c08c4a35be81aba77cd1de77a06145f1c75,"{""basis"":""x"",""d"":5,""noise_model"":""uniform_circuit_level"",""p"":0.01,""rounds"":5}",
      1024,       102,         0,   0.045,pymatching,9e600874bceba8de7b5c3f55d92dddab6ad7bf51816a8d4c3ab51be0d5637a7e,"{""basis"":""x"",""d"":7,""noise_model"":""uniform_circuit_level"",""p"":0.009,""rounds"":7}",
      9216,        15,         0,   0.117,pymatching,f7e3de3b06e5aadce656c492ff4ba2d0b132644351eb98adfb57780e8f8a1c1e,"{""basis"":""x"",""d"":7,""noise_model"":""uniform_circuit_level"",""p"":0.003,""rounds"":7}",
      6144,        35,         0,   0.110,pymatching,b395a9fd9a8f637b062b534b0490e6e1974fa969ebe0fa53e58dfb67772fd236,"{""basis"":""x"",""d"":7,""noise_model"":""uniform_circuit_level"",""p"":0.004,""rounds"":7}",
      1024,         0,         0,   0.058,pymatching,b6e3714279fa4d6e0b5096a25a7c87ca9bb12204811c2c9990504be90ed24c04,"{""basis"":""x"",""d"":11,""noise_model"":""uniform_circuit_level"",""p"":0.003,""rounds"":11}",
      1024,        25,         0,   0.131,pymatching,45816d18bb74d46b4443e25c255fe762e8f1de8891efbc6154ee1effa997a4e2,"{""basis"":""x"",""d"":11,""noise_model"":""uniform_circuit_level"",""p"":0.006,""rounds"":11}",
       272,        36,         0,   0.051,pymatching,4da77e174bc983aba06b5651e9c4c90af2ccaf56ccd8af6bb1a8c7eb414670bf,"{""basis"":""x"",""d"":9,""noise_model"":""uniform_circuit_level"",""p"":0.009,""rounds"":9}",
     14336,       215,         0,   0.102,pymatching,215fc3df3504d95eec0a39ef7e2458470d9573c35e285fd6eb0c4c12447d0b05,"{""basis"":""x"",""d"":5,""noise_model"":""uniform_circuit_level"",""p"":0.005,""rounds"":5}",
     29696,       281,         0,   0.145,pymatching,da3fa7eaa9dd21dde7346e7831621005daad93f6165097f5bb9cf83959fa77cc,"{""basis"":""x"",""d"":5,""noise_model"":""uniform_circuit_level"",""p"":0.004,""rounds"":5}",
      4096,       100,         0,   0.128,pymatching,810db267e7d91bfdafc1a30cdcbcf7fc1238a78024593ba231cf15d61807b958,"{""basis"":""x"",""d"":7,""noise_model"":""uniform_circuit_level"",""p"":0.006,""rounds"":7}",
      2048,         0,         0,   0.082,pymatching,d6061c9a594b6110f0d2d218d441ba6e898e4b528bde72e8fb66bfdffdda4374,"{""basis"":""x"",""d"":11,""noise_model"":""uniform_circuit_level"",""p"":0.002,""rounds"":11}",
      1024,        95,         0,   0.033,pymatching,d533021797ba66292dc833ab0e461c08c4a35be81aba77cd1de77a06145f1c75,"{""basis"":""x"",""d"":5,""noise_model"":""uniform_circuit_level"",""p"":0.01,""rounds"":5}",
      4096,         5,         0,   0.111,pymatching,5d84e63ae58ac8f38a4f71635acf8331f914499fac7161a0b5e56811dcddd0a1,"{""basis"":""x"",""d"":9,""noise_model"":""uniform_circuit_level"",""p"":0.003,""rounds"":9}",
      6144,         0,         0,   0.105,pymatching,ca470c04f47291fdaf50f630e0b7e3f20ce47c7459de027d1a7f5d8a910df65c,"{""basis"":""x"",""d"":9,""noise_model"":""uniform_circuit_level"",""p"":0.002,""rounds"":9}",
      1024,       103,         0,   0.049,pymatching,9e600874bceba8de7b5c3f55d92dddab6ad7bf51816a8d4c3ab51be0d5637a7e,"{""basis"":""x"",""d"":7,""noise_model"":""uniform_circuit_level"",""p"":0.009,""rounds"":7}",
     52224,        68,         0,   0.141,pymatching,5421e47e40b5a866af7dad35bef44e199e15580f398adce2d348c23b9c0c211e,"{""basis"":""x"",""d"":5,""noise_model"":""uniform_circuit_level"",""p"":0.002,""rounds"":5}",
      3072,       121,         0,   0.109,pymatching,24918450185d1e9c8453971e41f93a14b262c85ccfee8d7fb620d0e0c995f78e,"{""basis"":""x"",""d"":7,""noise_model"":""uniform_circuit_level"",""p"":0.007,""rounds"":7}",
     36864,       148,         0,   0.147,pymatching,7d3cf676ebef7d67d22f079bbb024d619820a9b36d4aeba2571e25c6475beec2,"{""basis"":""x"",""d"":5,""noise_model"":""uniform_circuit_level"",""p"":0.003,""rounds"":5}",
      1024,         0,         0,   0.081,pymatching,feb98696aa4ad3a23e46527256fbbb6784603de330dd724864ce9f7de766b036,"{""basis"":""x"",""d"":11,""noise_model"":""uniform_circuit_level"",""p"":0.004,""rounds"":11}",
      1024,         6,         0,   0.160,pymatching,f3a091660a611f168dd4a4bd065f91cd837106abdaefcac2d7cb8a869adb4d79,"{""basis"":""x"",""d"":11,""noise_model"":""uniform_circuit_level"",""p"":0.005,""rounds"":11}",
      1024,        11,         0,   0.111,pymatching,6e6bec8ca339b8550e6f2eba9f8a33ef4ef47ba7ef939b79d75c0e5e31b0bbac,"{""basis"":""x"",""d"":9,""noise_model"":""uniform_circuit_level"",""p"":0.005,""rounds"":9}",
      1024,         0,         0,   0.061,pymatching,b6e3714279fa4d6e0b5096a25a7c87ca9bb12204811c2c9990504be90ed24c04,"{""basis"":""x"",""d"":11,""noise_model"":""uniform_circuit_level"",""p"":0.003,""rounds"":11}",
      2048,        59,         0,   0.149,pymatching,c7b75972613e5b900fdfb489425f813afbcfe23ec899a41234d8dae02222d8e5,"{""basis"":""x"",""d"":9,""noise_model"":""uniform_circuit_level"",""p"":0.006,""rounds"":9}",
      2048,       191,         0,   0.056,pymatching,d533021797ba66292dc833ab0e461c08c4a35be81aba77cd1de77a06145f1c75,"{""basis"":""x"",""d"":5,""noise_model"":""uniform_circuit_level"",""p"":0.01,""rounds"":5}",
     17408,         6,         0,   0.151,pymatching,b08a90a8414aa481066f6c8ac46091933c365f96cae099b0d1c7d0e396ad549b,"{""basis"":""x"",""d"":7,""noise_model"":""uniform_circuit_level"",""p"":0.002,""rounds"":7}",
      1024,        42,         0,   0.181,pymatching,27239e2e2b17d04ffe944f09984743883980bb18e6c0b02bf96fe37093e8e0f7,"{""basis"":""x"",""d"":11,""noise_model"":""uniform_circuit_level"",""p"":0.007,""rounds"":11}",
      2048,         0,         0,   0.080,pymatching,d6061c9a594b6110f0d2d218d441ba6e898e4b528bde72e8fb66bfdffdda4374,"{""basis"":""x"",""d"":11,""noise_model"":""uniform_circuit_level"",""p"":0.002,""rounds"":11}",
      1024,        39,         0,   0.120,pymatching,133d067ab721cd389207b5b2251ee6d284f57bbc6307f09815334cf7809fa703,"{""basis"":""x"",""d"":9,""noise_model"":""uniform_circuit_level"",""p"":0.007,""rounds"":9}",
      2048,       129,         0,   0.151,pymatching,ddf8d5b16cb4b3bce6befd7596513546c4ce1d0712e53b70017211cee8df4fc8,"{""basis"":""x"",""d"":7,""noise_model"":""uniform_circuit_level"",""p"":0.008,""rounds"":7}",
      7168,        96,         0,   0.150,pymatching,6c8e43be256e1cf874168eed27dfea60bdc99d0ced560e90b2ebee334294c26d,"{""basis"":""x"",""d"":7,""noise_model"":""uniform_circuit_level"",""p"":0.005,""rounds"":7}",
      1024,         0,         0,   0.055,pymatching,b6e3714279fa4d6e0b5096a25a7c87ca9bb12204811c2c9990504be90ed24c04,"{""basis"":""x"",""d"":11,""noise_model"":""uniform_circuit_level"",""p"":0.003,""rounds"":11}",
      1024,        71,         0,   0.149,pymatching,7dd46c0f29033955b68917ac8d260b9c051dc7c241bd51f3eb76164ba74c3e3d,"{""basis"":""x"",""d"":9,""noise_model"":""uniform_circuit_level"",""p"":0.008,""rounds"":9}",
      1024,        10,         0,   0.058,pymatching,6e6bec8ca339b8550e6f2eba9f8a33ef4ef47ba7ef939b79d75c0e5e31b0bbac,"{""basis"":""x"",""d"":9,""noise_model"":""uniform_circuit_level"",""p"":0.005,""rounds"":9}",
     21504,       203,         0,   0.107,pymatching,da3fa7eaa9dd21dde7346e7831621005daad93f6165097f5bb9cf83959fa77cc,"{""basis"":""x"",""d"":5,""noise_model"":""uniform_circuit_level"",""p"":0.004,""rounds"":5}",
      1024,         2,         0,   0.079,pymatching,feb98696aa4ad3a23e46527256fbbb6784603de330dd724864ce9f7de766b036,"{""basis"":""x"",""d"":11,""noise_model"":""uniform_circuit_level"",""p"":0.004,""rounds"":11}",
       273,        41,         0,   0.043,pymatching,fccb812034ee42df7afa39fc6c1763d86d1cac585d1b0d18a3339a815c08c1be,"{""basis"":""x"",""d"":7,""noise_model"":""uniform_circuit_level"",""p"":0.01,""rounds"":7}",
      2048,       174,         0,   0.093,pymatching,9e600874bceba8de7b5c3f55d92dddab6ad7bf51816a8d4c3ab51be0d5637a7e,"{""basis"":""x"",""d"":7,""noise_model"":""uniform_circuit_level"",""p"":0.009,""rounds"":7}",
      2048,       228,         0,   0.058,pymatching,d533021797ba66292dc833ab0e461c08c4a35be81aba77cd1de77a06145f1c75,"{""basis"":""x"",""d"":5,""noise_model"":""uniform_circuit_level"",""p"":0.01,""rounds"":5}",
      2048,         2,         0,   0.177,pymatching,91cad48bbd330408f2ba5dbc3d4cdac8471bb9d85fde1ae6c47cc13e5d637eb7,"{""basis"":""x"",""d"":9,""noise_model"":""uniform_circuit_level"",""p"":0.004,""rounds"":9}",
      1024,        16,         0,   0.138,pymatching,45816d18bb74d46b4443e25c255fe762e8f1de8891efbc6154ee1effa997a4e2,"{""basis"":""x"",""d"":11,""noise_model"":""uniform_circuit_level"",""p"":0.006,""rounds"":11}",
     11264,        16,         0,   0.145,pymatching,f7e3de3b06e5aadce656c492ff4ba2d0b132644351eb98adfb57780e8f8a1c1e,"{""basis"":""x"",""d"":7,""noise_model"":""uniform_circuit_level"",""p"":0.003,""rounds"":7}",
      8192,        39,         0,   0.147,pymatching,b395a9fd9a8f637b062b534b0490e6e1974fa969ebe0fa53e58dfb67772fd236,"{""basis"":""x"",""d"":7,""noise_model"":""uniform_circuit_level"",""p"":0.004,""rounds"":7}",
      5120,       120,         0,   0.164,pymatching,810db267e7d91bfdafc1a30cdcbcf7fc1238a78024593ba231cf15d61807b958,"{""basis"":""x"",""d"":7,""noise_model"":""uniform_circuit_level"",""p"":0.006,""rounds"":7}",
      8192,         0,         0,   0.147,pymatching,ca470c04f47291fdaf50f630e0b7e3f20ce47c7459de027d1a7f5d8a910df65c,"{""basis"":""x"",""d"":9,""noise_model"":""uniform_circuit_level"",""p"":0.002,""rounds"":9}",
      1024,       131,         0,   0.060,pymatching,fccb812034ee42df7afa39fc6c1763d86d1cac585d1b0d18a3339a815c08c1be,"{""basis"":""x"",""d"":7,""noise_model"":""uniform_circuit_level"",""p"":0.01,""rounds"":7}",
      1024,        37,         0,   0.091,pymatching,133d067ab721cd389207b5b2251ee6d284f57bbc6307f09815334cf7809fa703,"{""basis"":""x"",""d"":9,""noise_model"":""uniform_circuit_level"",""p"":0.007,""rounds"":9}",
      4096,       170,         0,   0.154,pymatching,24918450185d1e9c8453971e41f93a14b262c85ccfee8d7fb620d0e0c995f78e,"{""basis"":""x"",""d"":7,""noise_model"":""uniform_circuit_level"",""p"":0.007,""rounds"":7}",
      3072,       281,         0,   0.062,pymatching,d533021797ba66292dc833ab0e461c08c4a35be81aba77cd1de77a06145f1c75,"{""basis"":""x"",""d"":5,""noise_model"":""uniform_circuit_level"",""p"":0.01,""rounds"":5}",
      6144,         6,         0,   0.171,pymatching,5d84e63ae58ac8f38a4f71635acf8331f914499fac7161a0b5e56811dcddd0a1,"{""basis"":""x"",""d"":9,""noise_model"":""uniform_circuit_level"",""p"":0.003,""rounds"":9}",
         1,         0,         0,   0.014,pymatching,5e0bec0ba8456badf12056e49ef4193791e6a4d413d8c51fa30382634bb1a48b,"{""basis"":""x"",""d"":11,""noise_model"":""uniform_circuit_level"",""p"":0.009,""rounds"":11}",
      1024,         4,         0,   0.081,pymatching,feb98696aa4ad3a23e46527256fbbb6784603de330dd724864ce9f7de766b036,"{""basis"":""x"",""d"":11,""noise_model"":""uniform_circuit_level"",""p"":0.004,""rounds"":11}",
      1024,       121,         0,   0.203,pymatching,4da77e174bc983aba06b5651e9c4c90af2ccaf56ccd8af6bb1a8c7eb414670bf,"{""basis"":""x"",""d"":9,""noise_model"":""uniform_circuit_level"",""p"":0.009,""rounds"":9}",
      2048,        41,         0,   0.153,pymatching,c7b75972613e5b900fdfb489425f813afbcfe23ec899a41234d8dae02222d8e5,"{""basis"":""x"",""d"":9,""noise_model"":""uniform_circuit_level"",""p"":0.006,""rounds"":9}",
      2048,       175,         0,   0.093,pymatching,9e600874bceba8de7b5c3f55d92dddab6ad7bf51816a8d4c3ab51be0d5637a7e,"{""basis"":""x"",""d"":7,""noise_model"":""uniform_circuit_level"",""p"":0.009,""rounds"":7}",
      2048,       126,         0,   0.123,pymatching,ddf8d5b16cb4b3bce6befd7596513546c4ce1d0712e53b70017211cee8df4fc8,"{""basis"":""x"",""d"":7,""noise_model"":""uniform_circuit_level"",""p"":0.008,""rounds"":7}",
      3072,         0,         0,   0.127,pymatching,d6061c9a594b6110f0d2d218d441ba6e898e4b528bde72e8fb66bfdffdda4374,"{""basis"":""x"",""d"":11,""noise_model"":""uniform_circuit_level"",""p"":0.002,""rounds"":11}",
      1024,        85,         0,   0.035,pymatching,d533021797ba66292dc833ab0e461c08c4a35be81aba77cd1de77a06145f1c75,"{""basis"":""x"",""d"":5,""noise_model"":""uniform_circuit_level"",""p"":0.01,""rounds"":5}",
      2048,        17,         0,   0.119,pymatching,6e6bec8ca339b8550e6f2eba9f8a33ef4ef47ba7ef939b79d75c0e5e31b0bbac,"{""basis"":""x"",""d"":9,""noise_model"":""uniform_circuit_level"",""p"":0.005,""rounds"":9}",
      2048,         1,         0,   0.124,pymatching,b6e3714279fa4d6e0b5096a25a7c87ca9bb12204811c2c9990504be90ed24c04,"{""basis"":""x"",""d"":11,""noise_model"":""uniform_circuit_level"",""p"":0.003,""rounds"":11}",
      1024,         5,         0,   0.183,pymatching,f3a091660a611f168dd4a4bd065f91cd837106abdaefcac2d7cb8a869adb4d79,"{""basis"":""x"",""d"":11,""noise_model"":""uniform_circuit_level"",""p"":0.005,""rounds"":11}",
      1024,       119,         0,   0.056,pymatching,fccb812034ee42df7afa39fc6c1763d86d1cac585d1b0d18a3339a815c08c1be,"{""basis"":""x"",""d"":7,""noise_model"":""uniform_circuit_level"",""p"":0.01,""rounds"":7}",
     72704,        85,         0,   0.198,pymatching,5421e47e40b5a866af7dad35bef44e199e15580f398adce2d348c23b9c0c211e,"{""basis"":""x"",""d"":5,""noise_model"":""uniform_circuit_level"",""p"":0.002,""rounds"":5}",
     29696,        99,         0,   0.203,pymatching,7d3cf676ebef7d67d22f079bbb024d619820a9b36d4aeba2571e25c6475beec2,"{""basis"":""x"",""d"":5,""noise_model"":""uniform_circuit_level"",""p"":0.003,""rounds"":5}",
      1024,        80,         0,   0.153,pymatching,7dd46c0f29033955b68917ac8d260b9c051dc7c241bd51f3eb76164ba74c3e3d,"{""basis"":""x"",""d"":9,""noise_model"":""uniform_circuit_level"",""p"":0.008,""rounds"":9}",
      1024,        23,         0,   0.132,pymatching,45816d18bb74d46b4443e25c255fe762e8f1de8891efbc6154ee1effa997a4e2,"{""basis"":""x"",""d"":11,""noise_model"":""uniform_circuit_level"",""p"":0.006,""rounds"":11}",
      1024,        42,         0,   0.189,pymatching,27239e2e2b17d04ffe944f09984743883980bb18e6c0b02bf96fe37093e8e0f7,"{""basis"":""x"",""d"":11,""noise_model"":""uniform_circuit_level"",""p"":0.007,""rounds"":11}",
       273,        39,         0,   0.052,pymatching,eee48c1f857df97e7026016d2f4a2bc73d958a746dd2b269e7159a58fa06ccdb,"{""basis"":""x"",""d"":9,""noise_model"":""uniform_circuit_level"",""p"":0.01,""rounds"":9}",
      1024,        78,         0,   0.328,pymatching,a670e09bc59b67483313750c8c4f1ff5ca7e63b0b623f7eb8de7e43fa4daa790,"{""basis"":""x"",""d"":11,""noise_model"":""uniform_circuit_level"",""p"":0.008,""rounds"":11}",
      3345,         2,         0,   0.011,pymatching,5421e47e40b5a866af7dad35bef44e199e15580f398adce2d348c23b9c0c211e,"{""basis"":""x"",""d"":5,""noise_model"":""uniform_circuit_level"",""p"":0.002,""rounds"":5}",
       272,        39,         0,   0.088,pymatching,5e0bec0ba8456badf12056e49ef4193791e6a4d413d8c51fa30382634bb1a48b,"{""basis"":""x"",""d"":11,""noise_model"":""uniform_circuit_level"",""p"":0.009,""rounds"":11}",
     24576,        11,         0,   0.211,pymatching,b08a90a8414aa481066f6c8ac46091933c365f96cae099b0d1c7d0e396ad549b,"{""basis"":""x"",""d"":7,""noise_model"":""uniform_circuit_level"",""p"":0.002,""rounds"":7}",
      1024,       138,         0,   0.058,pymatching,fccb812034ee42df7afa39fc6c1763d86d1cac585d1b0d18a3339a815c08c1be,"{""basis"":""x"",""d"":7,""noise_model"":""uniform_circuit_level"",""p"":0.01,""rounds"":7}",
      3072,        11,         0,   0.171,pymatching,91cad48bbd330408f2ba5dbc3d4cdac8471bb9d85fde1ae6c47cc13e5d637eb7,"{""basis"":""x"",""d"":9,""noise_model"":""uniform_circuit_level"",""p"":0.004,""rounds"":9}",
      2048,         4,         0,   0.016,pymatching,5421e47e40b5a866af7dad35bef44e199e15580f398adce2d348c23b9c0c211e,"{""basis"":""x"",""d"":5,""noise_model"":""uniform_circuit_level"",""p"":0.002,""rounds"":5}",
         1,         0,         0,   0.011,pymatching,e56cec38225b8569872a021cb6a10916c1c789475a800be536e4d153f7c2923d,"{""basis"":""x"",""d"":11,""noise_model"":""uniform_circuit_level"",""p"":0.01,""rounds"":11}",
     10240,       134,         0,   0.214,pymatching,6c8e43be256e1cf874168eed27dfea60bdc99d0ced560e90b2ebee334294c26d,"{""basis"":""x"",""d"":7,""noise_model"":""uniform_circuit_level"",""p"":0.005,""rounds"":7}",
      6144,         8,         0,   0.026,pymatching,5421e47e40b5a866af7dad35bef44e199e15580f398adce2d348c23b9c0c211e,"{""basis"":""x"",""d"":5,""noise_model"":""uniform_circuit_level"",""p"":0.002,""rounds"":5}",
      2048,        16,         0,   0.114,pymatching,6e6bec8ca339b8550e6f2eba9f8a33ef4ef47ba7ef939b79d75c0e5e31b0bbac,"{""basis"":""x"",""d"":9,""noise_model"":""uniform_circuit_level"",""p"":0.005,""rounds"":9}",
      2048,         1,         0,   0.114,pymatching,b6e3714279fa4d6e0b5096a25a7c87ca9bb12204811c2c9990504be90ed24c04,"{""basis"":""x"",""d"":11,""noise_model"":""uniform_circuit_level"",""p"":0.003,""rounds"":11}",
     16384,        37,         0,   0.211,pymatching,f7e3de3b06e5aadce656c492ff4ba2d0b132644351eb98adfb57780e8f8a1c1e,"{""basis"":""x"",""d"":7,""noise_model"":""uniform_circuit_level"",""p"":0.003,""rounds"":7}",
     12288,        54,         0,   0.217,pymatching,b395a9fd9a8f637b062b534b0490e6e1974fa969ebe0fa53e58dfb67772fd236,"{""basis"":""x"",""d"":7,""noise_model"":""uniform_circuit_level"",""p"":0.004,""rounds"":7}",
      1024,       133,         0,   0.057,pymatching,fccb812034ee42df7afa39fc6c1763d86d1cac585d1b0d18a3339a815c08c1be,"{""basis"":""x"",""d"":7,""noise_model"":""uniform_circuit_level"",""p"":0.01,""rounds"":7}",
      3072,       293,         0,   0.138,pymatching,9e600874bceba8de7b5c3f55d92dddab6ad7bf51816a8d4c3ab51be0d5637a7e,"{""basis"":""x"",""d"":7,""noise_model"":""uniform_circuit_level"",""p"":0.009,""rounds"":7}",
      4096,         3,         0,   0.027,pymatching,5421e47e40b5a866af7dad35bef44e199e15580f398adce2d348c23b9c0c211e,"{""basis"":""x"",""d"":5,""noise_model"":""uniform_circuit_level"",""p"":0.002,""rounds"":5}",
      2048,         2,         0,   0.161,pymatching,feb98696aa4ad3a23e46527256fbbb6784603de330dd724864ce9f7de766b036,"{""basis"":""x"",""d"":11,""noise_model"":""uniform_circuit_level"",""p"":0.004,""rounds"":11}",
      4096,         1,         0,   0.150,pymatching,d6061c9a594b6110f0d2d218d441ba6e898e4b528bde72e8fb66bfdffdda4374,"{""basis"":""x"",""d"":11,""noise_model"":""uniform_circuit_level"",""p"":0.002,""rounds"":11}",
      2048,        76,         0,   0.195,pymatching,133d067ab721cd389207b5b2251ee6d284f57bbc6307f09815334cf7809fa703,"{""basis"":""x"",""d"":9,""noise_model"":""uniform_circuit_level"",""p"":0.007,""rounds"":9}",
      7168,       177,         0,   0.207,pymatching,810db267e7d91bfdafc1a30cdcbcf7fc1238a78024593ba231cf15d61807b958,"{""basis"":""x"",""d"":7,""noise_model"":""uniform_circuit_level"",""p"":0.006,""rounds"":7}",
      1024,         7,         0,   0.151,pymatching,f3a091660a611f168dd4a4bd065f91cd837106abdaefcac2d7cb8a869adb4d79,"{""basis"":""x"",""d"":11,""noise_model"":""uniform_circuit_level"",""p"":0.005,""rounds"":11}",
     12288,         0,         0,   0.213,pymatching,ca470c04f47291fdaf50f630e0b7e3f20ce47c7459de027d1a7f5d8a910df65c,"{""basis"":""x"",""d"":9,""noise_model"":""uniform_circuit_level"",""p"":0.002,""rounds"":9}",
       272,        46,         0,   0.080,pymatching,e56cec38225b8569872a021cb6a10916c1c789475a800be536e4d153f7c2923d,"{""basis"":""x"",""d"":11,""noise_model"":""uniform_circuit_level"",""p"":0.01,""rounds"":11}",
      1024,        26,         0,   0.131,pymatching,45816d18bb74d46b4443e25c255fe762e8f1de8891efbc6154ee1effa997a4e2,"{""basis"":""x"",""d"":11,""noise_model"":""uniform_circuit_level"",""p"":0.006,""rounds"":11}",
     11264,        11,         0,   0.040,pymatching,5421e47e40b5a866af7dad35bef44e199e15580f398adce2d348c23b9c0c211e,"{""basis"":""x"",""d"":5,""noise_model"":""uniform_circuit_level"",""p"":0.002,""rounds"":5}",
      1024,       112,         0,   0.196,pymatching,4da77e174bc983aba06b5651e9c4c90af2ccaf56ccd8af6bb1a8c7eb414670bf,"{""basis"":""x"",""d"":9,""noise_model"":""uniform_circuit_level"",""p"":0.009,""rounds"":9}",
      1297,         3,         0,   0.013,pymatching,b08a90a8414aa481066f6c8ac46091933c365f96cae099b0d1c7d0e396ad549b,"{""basis"":""x"",""d"":7,""noise_model"":""uniform_circuit_level"",""p"":0.002,""rounds"":7}",
      6144,       260,         0,   0.216,pymatching,24918450185d1e9c8453971e41f93a14b262c85ccfee8d7fb620d0e0c995f78e,"{""basis"":""x"",""d"":7,""noise_model"":""uniform_circuit_level"",""p"":0.007,""rounds"":7}",
      3072,       195,         0,   0.189,pymatching,ddf8d5b16cb4b3bce6befd7596513546c4ce1d0712e53b70017211cee8df4fc8,"{""basis"":""x"",""d"":7,""noise_model"":""uniform_circuit_level"",""p"":0.008,""rounds"":7}",
      2048,         1,         0,   0.016,pymatching,b08a90a8414aa481066f6c8ac46091933c365f96cae099b0d1c7d0e396ad549b,"{""basis"":""x"",""d"":7,""noise_model"":""uniform_circuit_level"",""p"":0.002,""rounds"":7}",
      8192,         4,         0,   0.222,pymatching,5d84e63ae58ac8f38a4f71635acf8331f914499fac7161a0b5e56811dcddd0a1,"{""basis"":""x"",""d"":9,""noise_model"":""uniform_circuit_level"",""p"":0.003,""rounds"":9}",
      2048,        47,         0,   0.214,pymatching,c7b75972613e5b900fdfb489425f813afbcfe23ec899a41234d8dae02222d8e5,"{""basis"":""x"",""d"":9,""noise_model"":""uniform_circuit_level"",""p"":0.006,""rounds"":9}",
      1024,        61,         0,   0.169,pymatching,7dd46c0f29033955b68917ac8d260b9c051dc7c241bd51f3eb76164ba74c3e3d,"{""basis"":""x"",""d"":9,""noise_model"":""uniform_circuit_level"",""p"":0.008,""rounds"":9}",
      3072,         1,         0,   0.024,pymatching,b08a90a8414aa481066f6c8ac46091933c365f96cae099b0d1c7d0e396ad549b,"{""basis"":""x"",""d"":7,""noise_model"":""uniform_circuit_level"",""p"":0.002,""rounds"":7}",
     10240,        10,         0,   0.053,pymatching,5421e47e40b5a866af7dad35bef44e199e15580f398adce2d348c23b9c0c211e,"{""basis"":""x"",""d"":5,""noise_model"":""uniform_circuit_level"",""p"":0.002,""rounds"":5}",
      1024,        48,         0,   0.184,pymatching,27239e2e2b17d04ffe944f09984743883980bb18e6c0b02bf96fe37093e8e0f7,"{""basis"":""x"",""d"":11,""noise_model"":""uniform_circuit_level"",""p"":0.007,""rounds"":11}",
      2048,       257,         0,   0.110,pymatching,fccb812034ee42df7afa39fc6c1763d86d1cac585d1b0d18a3339a815c08c1be,"{""basis"":""x"",""d"":7,""noise_model"":""uniform_circuit_level"",""p"":0.01,""rounds"":7}",
      1024,       158,         0,   0.197,pymatching,eee48c1f857df97e7026016d2f4a2bc73d958a746dd2b269e7159a58fa06ccdb,"{""basis"":""x"",""d"":9,""noise_model"":""uniform_circuit_level"",""p"":0.01,""rounds"":9}",
      4096,         2,         0,   0.031,pymatching,b08a90a8414aa481066f6c8ac46091933c365f96cae099b0d1c7d0e396ad549b,"{""basis"":""x"",""d"":7,""noise_model"":""uniform_circuit_level"",""p"":0.002,""rounds"":7}",
      1024,        82,         0,   0.212,pymatching,a670e09bc59b67483313750c8c4f1ff5ca7e63b0b623f7eb8de7e43fa4daa790,"{""basis"":""x"",""d"":11,""noise_model"":""uniform_circuit_level"",""p"":0.008,""rounds"":11}",
      3072,        33,         0,   0.158,pymatching,6e6bec8ca339b8550e6f2eba9f8a33ef4ef47ba7ef939b79d75c0e5e31b0bbac,"{""basis"":""x"",""d"":9,""noise_model"":""uniform_circuit_level"",""p"":0.005,""rounds"":9}",
      5120,         1,         0,   0.039,pymatching,b08a90a8414aa481066f6c8ac46091933c365f96cae099b0d1c7d0e396ad549b,"{""basis"":""x"",""d"":7,""noise_model"":""uniform_circuit_level"",""p"":0.002,""rounds"":7}",
      3072,         1,         0,   0.169,pymatching,b6e3714279fa4d6e0b5096a25a7c87ca9bb12204811c2c9990504be90ed24c04,"{""basis"":""x"",""d"":11,""noise_model"":""uniform_circuit_level"",""p"":0.003,""rounds"":11}",
      2048,         2,         0,   0.164,pymatching,feb98696aa4ad3a23e46527256fbbb6784603de330dd724864ce9f7de766b036,"{""basis"":""x"",""d"":11,""noise_model"":""uniform_circuit_level"",""p"":0.004,""rounds"":11}",
      1024,         7,         0,   0.144,pymatching,f3a091660a611f168dd4a4bd065f91cd837106abdaefcac2d7cb8a869adb4d79,"{""basis"":""x"",""d"":11,""noise_model"":""uniform_circuit_level"",""p"":0.005,""rounds"":11}",
      4096,        11,         0,   0.229,pymatching,91cad48bbd330408f2ba5dbc3d4cdac8471bb9d85fde1ae6c47cc13e5d637eb7,"{""basis"":""x"",""d"":9,""noise_model"":""uniform_circuit_level"",""p"":0.004,""rounds"":9}",
      1024,        20,         0,   0.137,pymatching,45816d18bb74d46b4443e25c255fe762e8f1de8891efbc6154ee1effa997a4e2,"{""basis"":""x"",""d"":11,""noise_model"":""uniform_circuit_level"",""p"":0.006,""rounds"":11}",
    101376,       123,         0,   0.279,pymatching,5421e47e40b5a866af7dad35bef44e199e15580f398adce2d348c23b9c0c211e,"{""basis"":""x"",""d"":5,""noise_model"":""uniform_circuit_level"",""p"":0.002,""rounds"":5}",
     49152,       161,         0,   0.285,pymatching,7d3cf676ebef7d67d22f079bbb024d619820a9b36d4aeba2571e25c6475beec2,"{""basis"":""x"",""d"":5,""noise_model"":""uniform_circuit_level"",""p"":0.003,""rounds"":5}",
     18432,        25,         0,   0.082,pymatching,5421e47e40b5a866af7dad35bef44e199e15580f398adce2d348c23b9c0c211e,"{""basis"":""x"",""d"":5,""noise_model"":""uniform_circuit_level"",""p"":0.002,""rounds"":5}",
      1024,        54,         0,   0.118,pymatching,7dd46c0f29033955b68917ac8d260b9c051dc7c241bd51f3eb76164ba74c3e3d,"{""basis"":""x"",""d"":9,""noise_model"":""uniform_circuit_level"",""p"":0.008,""rounds"":9}",
      2048,        72,         0,   0.187,pymatching,133d067ab721cd389207b5b2251ee6d284f57bbc6307f09815334cf7809fa703,"{""basis"":""x"",""d"":9,""noise_model"":""uniform_circuit_level"",""p"":0.007,""rounds"":9}",
      7168,         4,         0,   0.059,pymatching,b08a90a8414aa481066f6c8ac46091933c365f96cae099b0d1c7d0e396ad549b,"{""basis"":""x"",""d"":7,""noise_model"":""uniform_circuit_level"",""p"":0.002,""rounds"":7}",
      2048,       270,         0,   0.107,pymatching,fccb812034ee42df7afa39fc6c1763d86d1cac585d1b0d18a3339a815c08c1be,"{""basis"":""x"",""d"":7,""noise_model"":""uniform_circuit_level"",""p"":0.01,""rounds"":7}",
      3072,       194,         0,   0.168,pymatching,ddf8d5b16cb4b3bce6befd7596513546c4ce1d0712e53b70017211cee8df4fc8,"{""basis"":""x"",""d"":7,""noise_model"":""uniform_circuit_level"",""p"":0.008,""rounds"":7}",
      1024,       115,         0,   0.182,pymatching,4da77e174bc983aba06b5651e9c4c90af2ccaf56ccd8af6bb1a8c7eb414670bf,"{""basis"":""x"",""d"":9,""noise_model"":""uniform_circuit_level"",""p"":0.009,""rounds"":9}",
     30720,        11,         0,   0.292,pymatching,b08a90a8414aa481066f6c8ac46091933c365f96cae099b0d1c7d0e396ad549b,"{""basis"":""x"",""d"":7,""noise_model"":""uniform_circuit_level"",""p"":0.002,""rounds"":7}",
      1024,       131,         0,   0.309,pymatching,5e0bec0ba8456badf12056e49ef4193791e6a4d413d8c51fa30382634bb1a48b,"{""basis"":""x"",""d"":11,""noise_model"":""uniform_circuit_level"",""p"":0.009,""rounds"":11}",
      6144,         1,         0,   0.224,pymatching,d6061c9a594b6110f0d2d218d441ba6e898e4b528bde72e8fb66bfdffdda4374,"{""basis"":""x"",""d"":11,""noise_model"":""uniform_circuit_level"",""p"":0.002,""rounds"":11}",
         1,         0,         0,   0.016,pymatching,ca470c04f47291fdaf50f630e0b7e3f20ce47c7459de027d1a7f5d8a910df65c,"{""basis"":""x"",""d"":9,""noise_model"":""uniform_circuit_level"",""p"":0.002,""rounds"":9}",
     14336,       153,         0,   0.307,pymatching,6c8e43be256e1cf874168eed27dfea60bdc99d0ced560e90b2ebee334294c26d,"{""basis"":""x"",""d"":7,""noise_model"":""uniform_circuit_level"",""p"":0.005,""rounds"":7}",
     28672,        17,         0,   0.104,pymatching,5421e47e40b5a866af7dad35bef44e199e15580f398adce2d348c23b9c0c211e,"{""basis"":""x"",""d"":5,""noise_model"":""uniform_circuit_level"",""p"":0.002,""rounds"":5}",
     22528,        31,         0,   0.295,pymatching,f7e3de3b06e5aadce656c492ff4ba2d0b132644351eb98adfb57780e8f8a1c1e,"{""basis"":""x"",""d"":7,""noise_model"":""uniform_circuit_level"",""p"":0.003,""rounds"":7}",
      1024,        43,         0,   0.190,pymatching,27239e2e2b17d04ffe944f09984743883980bb18e6c0b02bf96fe37093e8e0f7,"{""basis"":""x"",""d"":11,""noise_model"":""uniform_circuit_level"",""p"":0.007,""rounds"":11}",
      1296,         0,         0,   0.039,pymatching,ca470c04f47291fdaf50f630e0b7e3f20ce47c7459de027d1a7f5d8a910df65c,"{""basis"":""x"",""d"":9,""noise_model"":""uniform_circuit_level"",""p"":0.002,""rounds"":9}",
      1024,       155,         0,   0.183,pymatching,eee48c1f857df97e7026016d2f4a2bc73d958a746dd2b269e7159a58fa06ccdb,"{""basis"":""x"",""d"":9,""noise_model"":""uniform_circuit_level"",""p"":0.01,""rounds"":9}",
     16384,        76,         0,   0.296,pymatching,b395a9fd9a8f637b062b534b0490e6e1974fa969ebe0fa53e58dfb67772fd236,"{""basis"":""x"",""d"":7,""noise_model"":""uniform_circuit_level"",""p"":0.004,""rounds"":7}",
      1024,        63,         0,   0.106,pymatching,7dd46c0f29033955b68917ac8d260b9c051dc7c241bd51f3eb76164ba74c3e3d,"{""basis"":""x"",""d"":9,""noise_model"":""uniform_circuit_level"",""p"":0.008,""rounds"":9}",
      9216,         2,         0,   0.079,pymatching,b08a90a8414aa481066f6c8ac46091933c365f96cae099b0d1c7d0e396ad549b,"{""basis"":""x"",""d"":7,""noise_model"":""uniform_circuit_level"",""p"":0.002,""rounds"":7}",
      1024,         8,         0,   0.141,pymatching,f3a091660a611f168dd4a4bd065f91cd837106abdaefcac2d7cb8a869adb4d79,"{""basis"":""x"",""d"":11,""noise_model"":""uniform_circuit_level"",""p"":0.005,""rounds"":11}",
      1297,         7,         0,   0.027,pymatching,7d3cf676ebef7d67d22f079bbb024d619820a9b36d4aeba2571e25c6475beec2,"{""basis"":""x"",""d"":5,""noise_model"":""uniform_circuit_level"",""p"":0.003,""rounds"":5}",
      1024,        13,         0,   0.150,pymatching,45816d18bb74d46b4443e25c255fe762e8f1de8891efbc6154ee1effa997a4e2,"{""basis"":""x"",""d"":11,""noise_model"":""uniform_circuit_level"",""p"":0.006,""rounds"":11}",
     10240,       233,         0,   0.302,pymatching,810db267e7d91bfdafc1a30cdcbcf7fc1238a78024593ba231cf15d61807b958,"{""basis"":""x"",""d"":7,""noise_model"":""uniform_circuit_level"",""p"":0.006,""rounds"":7}",
      2048,         0,         0,   0.042,pymatching,ca470c04f47291fdaf50f630e0b7e3f20ce47c7459de027d1a7f5d8a910df65c,"{""basis"":""x"",""d"":9,""noise_model"":""uniform_circuit_level"",""p"":0.002,""rounds"":9}",
      3072,         3,         0,   0.017,pymatching,7d3cf676ebef7d67d22f079bbb024d619820a9b36d4aeba2571e25c6475beec2,"{""basis"":""x"",""d"":5,""noise_model"":""uniform_circuit_level"",""p"":0.003,""rounds"":5}",
     16384,         2,         0,   0.300,pymatching,ca470c04f47291fdaf50f630e0b7e3f20ce47c7459de027d1a7f5d8a910df65c,"{""basis"":""x"",""d"":9,""noise_model"":""uniform_circuit_level"",""p"":0.002,""rounds"":9}",
      1024,       178,         0,   0.305,pymatching,e56cec38225b8569872a021cb6a10916c1c789475a800be536e4d153f7c2923d,"{""basis"":""x"",""d"":11,""noise_model"":""uniform_circuit_level"",""p"":0.01,""rounds"":11}",
      3072,        58,         0,   0.280,pymatching,c7b75972613e5b900fdfb489425f813afbcfe23ec899a41234d8dae02222d8e5,"{""basis"":""x"",""d"":9,""noise_model"":""uniform_circuit_level"",""p"":0.006,""rounds"":9}",
      4096,        13,         0,   0.026,pymatching,7d3cf676ebef7d67d22f079bbb024d619820a9b36d4aeba2571e25c6475beec2,"{""basis"":""x"",""d"":5,""noise_model"":""uniform_circuit_level"",""p"":0.003,""rounds"":5}",
     10240,         8,         0,   0.300,pymatching,5d84e63ae58ac8f38a4f71635acf8331f914499fac7161a0b5e56811dcddd0a1,"{""basis"":""x"",""d"":9,""noise_model"":""uniform_circuit_level"",""p"":0.003,""rounds"":9}",
      1024,        84,         0,   0.235,pymatching,a670e09bc59b67483313750c8c4f1ff5ca7e63b0b623f7eb8de7e43fa4daa790,"{""basis"":""x"",""d"":11,""noise_model"":""uniform_circuit_level"",""p"":0.008,""rounds"":11}",
      4096,        31,         0,   0.235,pymatching,6e6bec8ca339b8550e6f2eba9f8a33ef4ef47ba7ef939b79d75c0e5e31b0bbac,"{""basis"":""x"",""d"":9,""noise_model"":""uniform_circuit_level"",""p"":0.005,""rounds"":9}",
      4096,         2,         0,   0.228,pymatching,b6e3714279fa4d6e0b5096a25a7c87ca9bb12204811c2c9990504be90ed24c04,"{""basis"":""x"",""d"":11,""noise_model"":""uniform_circuit_level"",""p"":0.003,""rounds"":11}",
       273,         0,         0,   0.018,pymatching,f7e3de3b06e5aadce656c492ff4ba2d0b132644351eb98adfb57780e8f8a1c1e,"{""basis"":""x"",""d"":7,""noise_model"":""uniform_circuit_level"",""p"":0.003,""rounds"":7}",
      2048,         0,         0,   0.061,pymatching,ca470c04f47291fdaf50f630e0b7e3f20ce47c7459de027d1a7f5d8a910df65c,"{""basis"":""x"",""d"":9,""noise_model"":""uniform_circuit_level"",""p"":0.002,""rounds"":9}",
      1024,        95,         0,   0.171,pymatching,4da77e174bc983aba06b5651e9c4c90af2ccaf56ccd8af6bb1a8c7eb414670bf,"{""basis"":""x"",""d"":9,""noise_model"":""uniform_circuit_level"",""p"":0.009,""rounds"":9}",
     12288,         5,         0,   0.105,pymatching,b08a90a8414aa481066f6c8ac46091933c365f96cae099b0d1c7d0e396ad549b,"{""basis"":""x"",""d"":7,""noise_model"":""uniform_circuit_level"",""p"":0.002,""rounds"":7}",
      1024,        85,         0,   0.110,pymatching,7dd46c0f29033955b68917ac8d260b9c051dc7c241bd51f3eb76164ba74c3e3d,"{""basis"":""x"",""d"":9,""noise_model"":""uniform_circuit_level"",""p"":0.008,""rounds"":9}",
      7168,        22,         0,   0.048,pymatching,7d3cf676ebef7d67d22f079bbb024d619820a9b36d4aeba2571e25c6475beec2,"{""basis"":""x"",""d"":5,""noise_model"":""uniform_circuit_level"",""p"":0.003,""rounds"":5}",
      2048,         0,         0,   0.027,pymatching,f7e3de3b06e5aadce656c492ff4ba2d0b132644351eb98adfb57780e8f8a1c1e,"{""basis"":""x"",""d"":7,""noise_model"":""uniform_circuit_level"",""p"":0.003,""rounds"":7}",
      3072,         7,         0,   0.250,pymatching,feb98696aa4ad3a23e46527256fbbb6784603de330dd724864ce9f7de766b036,"{""basis"":""x"",""d"":11,""noise_model"":""uniform_circuit_level"",""p"":0.004,""rounds"":11}",
      1024,         2,         0,   0.025,pymatching,f7e3de3b06e5aadce656c492ff4ba2d0b132644351eb98adfb57780e8f8a1c1e,"{""basis"":""x"",""d"":7,""noise_model"":""uniform_circuit_level"",""p"":0.003,""rounds"":7}",
      2048,         0,         0,   0.052,pymatching,ca470c04f47291fdaf50f630e0b7e3f20ce47c7459de027d1a7f5d8a910df65c,"{""basis"":""x"",""d"":9,""noise_model"":""uniform_circuit_level"",""p"":0.002,""rounds"":9}",
     33792,        49,         0,   0.164,pymatching,5421e47e40b5a866af7dad35bef44e199e15580f398adce2d348c23b9c0c211e,"{""basis"":""x"",""d"":5,""noise_model"":""uniform_circuit_level"",""p"":0.002,""rounds"":5}",
         1,         0,         0,   0.023,pymatching,d6061c9a594b6110f0d2d218d441ba6e898e4b528bde72e8fb66bfdffdda4374,"{""basis"":""x"",""d"":11,""noise_model"":""uniform_circuit_level"",""p"":0.002,""rounds"":11}",
      8192,        32,         0,   0.034,pymatching,7d3cf676ebef7d67d22f079bbb024d619820a9b36d4aeba2571e25c6475beec2,"{""basis"":""x"",""d"":5,""noise_model"":""uniform_circuit_level"",""p"":0.003,""rounds"":5}",
      1024,         8,         0,   0.156,pymatching,f3a091660a611f168dd4a4bd065f91cd837106abdaefcac2d7cb8a869adb4d79,"{""basis"":""x"",""d"":11,""noise_model"":""uniform_circuit_level"",""p"":0.005,""rounds"":11}",
      1024,        34,         0,   0.186,pymatching,27239e2e2b17d04ffe944f09984743883980bb18e6c0b02bf96fe37093e8e0f7,"{""basis"":""x"",""d"":11,""noise_model"":""uniform_circuit_level"",""p"":0.007,""rounds"":11}",
      5120,       123,         0,   0.149,pymatching,810db267e7d91bfdafc1a30cdcbcf7fc1238a78024593ba231cf15d61807b958,"{""basis"":""x"",""d"":7,""noise_model"":""uniform_circuit_level"",""p"":0.006,""rounds"":7}",
      2048,         7,         0,   0.038,pymatching,f7e3de3b06e5aadce656c492ff4ba2d0b132644351eb98adfb57780e8f8a1c1e,"{""basis"":""x"",""d"":7,""noise_model"":""uniform_circuit_level"",""p"":0.003,""rounds"":7}",
      5120,        17,         0,   0.315,pymatching,91cad48bbd330408f2ba5dbc3d4cdac8471bb9d85fde1ae6c47cc13e5d637eb7,"{""basis"":""x"",""d"":9,""noise_model"":""uniform_circuit_level"",""p"":0.004,""rounds"":9}",
      3072,       108,         0,   0.280,pymatching,133d067ab721cd389207b5b2251ee6d284f57bbc6307f09815334cf7809fa703,"{""basis"":""x"",""d"":9,""noise_model"":""uniform_circuit_level"",""p"":0.007,""rounds"":9}",
      8192,        26,         0,   0.053,pymatching,7d3cf676ebef7d67d22f079bbb024d619820a9b36d4aeba2571e25c6475beec2,"{""basis"":""x"",""d"":5,""noise_model"":""uniform_circuit_level"",""p"":0.003,""rounds"":5}",
      1024,       124,         0,   0.276,pymatching,5e0bec0ba8456badf12056e49ef4193791e6a4d413d8c51fa30382634bb1a48b,"{""basis"":""x"",""d"":11,""noise_model"":""uniform_circuit_level"",""p"":0.009,""rounds"":11}",
      1296,         0,         0,   0.059,pymatching,d6061c9a594b6110f0d2d218d441ba6e898e4b528bde72e8fb66bfdffdda4374,"{""basis"":""x"",""d"":11,""noise_model"":""uniform_circuit_level"",""p"":0.002,""rounds"":11}",
      1024,       147,         0,   0.234,pymatching,eee48c1f857df97e7026016d2f4a2bc73d958a746dd2b269e7159a58fa06ccdb,"{""basis"":""x"",""d"":9,""noise_model"":""uniform_circuit_level"",""p"":0.01,""rounds"":9}",
      3072,         0,         0,   0.082,pymatching,ca470c04f47291fdaf50f630e0b7e3f20ce47c7459de027d1a7f5d8a910df65c,"{""basis"":""x"",""d"":9,""noise_model"":""uniform_circuit_level"",""p"":0.002,""rounds"":9}",
      3072,         3,         0,   0.048,pymatching,f7e3de3b06e5aadce656c492ff4ba2d0b132644351eb98adfb57780e8f8a1c1e,"{""basis"":""x"",""d"":7,""noise_model"":""uniform_circuit_level"",""p"":0.003,""rounds"":7}",
      8192,         0,         0,   0.289,pymatching,d6061c9a594b6110f0d2d218d441ba6e898e4b528bde72e8fb66bfdffdda4374,"{""basis"":""x"",""d"":11,""noise_model"":""uniform_circuit_level"",""p"":0.002,""rounds"":11}",
     18432,         3,         0,   0.148,pymatching,b08a90a8414aa481066f6c8ac46091933c365f96cae099b0d1c7d0e396ad549b,"{""basis"":""x"",""d"":7,""noise_model"":""uniform_circuit_level"",""p"":0.002,""rounds"":7}",
      1024,       102,         0,   0.177,pymatching,4da77e174bc983aba06b5651e9c4c90af2ccaf56ccd8af6bb1a8c7eb414670bf,"{""basis"":""x"",""d"":9,""noise_model"":""uniform_circuit_level"",""p"":0.009,""rounds"":9}",
      1024,         0,         0,   0.061,pymatching,d6061c9a594b6110f0d2d218d441ba6e898e4b528bde72e8fb66bfdffdda4374,"{""basis"":""x"",""d"":11,""noise_model"":""uniform_circuit_level"",""p"":0.002,""rounds"":11}",
    151552,       171,         0,   0.389,pymatching,5421e47e40b5a866af7dad35bef44e199e15580f398adce2d348c23b9c0c211e,"{""basis"":""x"",""d"":5,""noise_model"":""uniform_circuit_level"",""p"":0.002,""rounds"":5}",
      2048,         2,         0,   0.056,pymatching,f7e3de3b06e5aadce656c492ff4ba2d0b132644351eb98adfb57780e8f8a1c1e,"{""basis"":""x"",""d"":7,""noise_model"":""uniform_circuit_level"",""p"":0.003,""rounds"":7}",
     69632,       263,         0,   0.401,pymatching,7d3cf676ebef7d67d22f079bbb024d619820a9b36d4aeba2571e25c6475beec2,"{""basis"":""x"",""d"":5,""noise_model"":""uniform_circuit_level"",""p"":0.003,""rounds"":5}",
      1024,        77,         0,   0.218,pymatching,a670e09bc59b67483313750c8c4f1ff5ca7e63b0b623f7eb8de7e43fa4daa790,"{""basis"":""x"",""d"":11,""noise_model"":""uniform_circuit_level"",""p"":0.008,""rounds"":11}",
      2048,       142,         0,   0.201,pymatching,7dd46c0f29033955b68917ac8d260b9c051dc7c241bd51f3eb76164ba74c3e3d,"{""basis"":""x"",""d"":9,""noise_model"":""uniform_circuit_level"",""p"":0.008,""rounds"":9}",
     14336,        41,         0,   0.097,pymatching,7d3cf676ebef7d67d22f079bbb024d619820a9b36d4aeba2571e25c6475beec2,"{""basis"":""x"",""d"":5,""noise_model"":""uniform_circuit_level"",""p"":0.003,""rounds"":5}",
      2048,        28,         0,   0.296,pymatching,45816d18bb74d46b4443e25c255fe762e8f1de8891efbc6154ee1effa997a4e2,"{""basis"":""x"",""d"":11,""noise_model"":""uniform_circuit_level"",""p"":0.006,""rounds"":11}",
      3072,         0,         0,   0.091,pymatching,ca470c04f47291fdaf50f630e0b7e3f20ce47c7459de027d1a7f5d8a910df65c,"{""basis"":""x"",""d"":9,""noise_model"":""uniform_circuit_level"",""p"":0.002,""rounds"":9}",
      1024,       194,         0,   0.297,pymatching,e56cec38225b8569872a021cb6a10916c1c789475a800be536e4d153f7c2923d,"{""basis"":""x"",""d"":11,""noise_model"":""uniform_circuit_level"",""p"":0.01,""rounds"":11}",
     44032,        18,         0,   0.406,pymatching,b08a90a8414aa481066f6c8ac46091933c365f96cae099b0d1c7d0e396ad549b,"{""basis"":""x"",""d"":7,""noise_model"":""uniform_circuit_level"",""p"":0.002,""rounds"":7}",
      1024,        38,         0,   0.170,pymatching,27239e2e2b17d04ffe944f09984743883980bb18e6c0b02bf96fe37093e8e0f7,"{""basis"":""x"",""d"":11,""noise_model"":""uniform_circuit_level"",""p"":0.007,""rounds"":11}",
      1024,         0,         0,   0.069,pymatching,d6061c9a594b6110f0d2d218d441ba6e898e4b528bde72e8fb66bfdffdda4374,"{""basis"":""x"",""d"":11,""noise_model"":""uniform_circuit_level"",""p"":0.002,""rounds"":11}",
     45056,        53,         0,   0.204,pymatching,5421e47e40b5a866af7dad35bef44e199e15580f398adce2d348c23b9c0c211e,"{""basis"":""x"",""d"":5,""noise_model"":""uniform_circuit_level"",""p"":0.002,""rounds"":5}",
      3072,        59,         0,   0.314,pymatching,c7b75972613e5b900fdfb489425f813afbcfe23ec899a41234d8dae02222d8e5,"{""basis"":""x"",""d"":9,""noise_model"":""uniform_circuit_level"",""p"":0.006,""rounds"":9}",
     18432,       239,         0,   0.404,pymatching,6c8e43be256e1cf874168eed27dfea60bdc99d0ced560e90b2ebee334294c26d,"{""basis"":""x"",""d"":7,""noise_model"":""uniform_circuit_level"",""p"":0.005,""rounds"":7}",
      5120,        10,         0,   0.095,pymatching,f7e3de3b06e5aadce656c492ff4ba2d0b132644351eb98adfb57780e8f8a1c1e,"{""basis"":""x"",""d"":7,""noise_model"":""uniform_circuit_level"",""p"":0.003,""rounds"":7}",
      1024,         0,         0,   0.047,pymatching,d6061c9a594b6110f0d2d218d441ba6e898e4b528bde72e8fb66bfdffdda4374,"{""basis"":""x"",""d"":11,""noise_model"":""uniform_circuit_level"",""p"":0.002,""rounds"":11}",
     31744,        38,         0,   0.409,pymatching,f7e3de3b06e5aadce656c492ff4ba2d0b132644351eb98adfb57780e8f8a1c1e,"{""basis"":""x"",""d"":7,""noise_model"":""uniform_circuit_level"",""p"":0.003,""rounds"":7}",
     23552,       131,         0,   0.418,pymatching,b395a9fd9a8f637b062b534b0490e6e1974fa969ebe0fa53e58dfb67772fd236,"{""basis"":""x"",""d"":7,""noise_model"":""uniform_circuit_level"",""p"":0.004,""rounds"":7}",
      6144,        43,         0,   0.338,pymatching,6e6bec8ca339b8550e6f2eba9f8a33ef4ef47ba7ef939b79d75c0e5e31b0bbac,"{""basis"":""x"",""d"":9,""noise_model"":""uniform_circuit_level"",""p"":0.005,""rounds"":9}",
      6144,         3,         0,   0.332,pymatching,b6e3714279fa4d6e0b5096a25a7c87ca9bb12204811c2c9990504be90ed24c04,"{""basis"":""x"",""d"":11,""noise_model"":""uniform_circuit_level"",""p"":0.003,""rounds"":11}",
      4096,         1,         0,   0.119,pymatching,ca470c04f47291fdaf50f630e0b7e3f20ce47c7459de027d1a7f5d8a910df65c,"{""basis"":""x"",""d"":9,""noise_model"":""uniform_circuit_level"",""p"":0.002,""rounds"":9}",
      4096,         4,         0,   0.324,pymatching,feb98696aa4ad3a23e46527256fbbb6784603de330dd724864ce9f7de766b036,"{""basis"":""x"",""d"":11,""noise_model"":""uniform_circuit_level"",""p"":0.004,""rounds"":11}",
     22528,         3,         0,   0.403,pymatching,ca470c04f47291fdaf50f630e0b7e3f20ce47c7459de027d1a7f5d8a910df65c,"{""basis"":""x"",""d"":9,""noise_model"":""uniform_circuit_level"",""p"":0.002,""rounds"":9}",
      1024,         0,         0,   0.062,pymatching,d6061c9a594b6110f0d2d218d441ba6e898e4b528bde72e8fb66bfdffdda4374,"{""basis"":""x"",""d"":11,""noise_model"":""uniform_circuit_level"",""p"":0.002,""rounds"":11}",
      1024,       146,         0,   0.227,pymatching,eee48c1f857df97e7026016d2f4a2bc73d958a746dd2b269e7159a58fa06ccdb,"{""basis"":""x"",""d"":9,""noise_model"":""uniform_circuit_level"",""p"":0.01,""rounds"":9}",
       273,         0,         0,   0.030,pymatching,5d84e63ae58ac8f38a4f71635acf8331f914499fac7161a0b5e56811dcddd0a1,"{""basis"":""x"",""d"":9,""noise_model"":""uniform_circuit_level"",""p"":0.003,""rounds"":9}",
      1024,        95,         0,   0.178,pymatching,4da77e174bc983aba06b5651e9c4c90af2ccaf56ccd8af6bb1a8c7eb414670bf,"{""basis"":""x"",""d"":9,""noise_model"":""uniform_circuit_level"",""p"":0.009,""rounds"":9}",
     27648,         9,         0,   0.210,pymatching,b08a90a8414aa481066f6c8ac46091933c365f96cae099b0d1c7d0e396ad549b,"{""basis"":""x"",""d"":7,""noise_model"":""uniform_circuit_level"",""p"":0.002,""rounds"":7}",
      1024,       123,         0,   0.261,pymatching,5e0bec0ba8456badf12056e49ef4193791e6a4d413d8c51fa30382634bb1a48b,"{""basis"":""x"",""d"":11,""noise_model"":""uniform_circuit_level"",""p"":0.009,""rounds"":11}",
     15360,        10,         0,   0.413,pymatching,5d84e63ae58ac8f38a4f71635acf8331f914499fac7161a0b5e56811dcddd0a1,"{""basis"":""x"",""d"":9,""noise_model"":""uniform_circuit_level"",""p"":0.003,""rounds"":9}",
      1297,         6,         0,   0.029,pymatching,b395a9fd9a8f637b062b534b0490e6e1974fa969ebe0fa53e58dfb67772fd236,"{""basis"":""x"",""d"":7,""noise_model"":""uniform_circuit_level"",""p"":0.004,""rounds"":7}",
      7168,         9,         0,   0.109,pymatching,f7e3de3b06e5aadce656c492ff4ba2d0b132644351eb98adfb57780e8f8a1c1e,"{""basis"":""x"",""d"":7,""noise_model"":""uniform_circuit_level"",""p"":0.003,""rounds"":7}",
      1024,         0,         0,   0.038,pymatching,5d84e63ae58ac8f38a4f71635acf8331f914499fac7161a0b5e56811dcddd0a1,"{""basis"":""x"",""d"":9,""noise_model"":""uniform_circuit_level"",""p"":0.003,""rounds"":9}",
      2048,        15,         0,   0.332,pymatching,f3a091660a611f168dd4a4bd065f91cd837106abdaefcac2d7cb8a869adb4d79,"{""basis"":""x"",""d"":11,""noise_model"":""uniform_circuit_level"",""p"":0.005,""rounds"":11}",
      1024,         7,         0,   0.019,pymatching,b395a9fd9a8f637b062b534b0490e6e1974fa969ebe0fa53e58dfb67772fd236,"{""basis"":""x"",""d"":7,""noise_model"":""uniform_circuit_level"",""p"":0.004,""rounds"":7}",
      1024,        79,         0,   0.222,pymatching,a670e09bc59b67483313750c8c4f1ff5ca7e63b0b623f7eb8de7e43fa4daa790,"{""basis"":""x"",""d"":11,""noise_model"":""uniform_circuit_level"",""p"":0.008,""rounds"":11}",
      1024,         2,         0,   0.027,pymatching,b395a9fd9a8f637b062b534b0490e6e1974fa969ebe0fa53e58dfb67772fd236,"{""basis"":""x"",""d"":7,""noise_model"":""uniform_circuit_level"",""p"":0.004,""rounds"":7}",
      1024,         1,         0,   0.033,pymatching,5d84e63ae58ac8f38a4f71635acf8331f914499fac7161a0b5e56811dcddd0a1,"{""basis"":""x"",""d"":9,""noise_model"":""uniform_circuit_level"",""p"":0.003,""rounds"":9}",
      2048,         0,         0,   0.086,pymatching,d6061c9a594b6110f0d2d218d441ba6e898e4b528bde72e8fb66bfdffdda4374,"{""basis"":""x"",""d"":11,""noise_model"":""uniform_circuit_level"",""p"":0.002,""rounds"":11}",
      4096,       158,         0,   0.361,pymatching,133d067ab721cd389207b5b2251ee6d284f57bbc6307f09815334cf7809fa703,"{""basis"":""x"",""d"":9,""noise_model"":""uniform_circuit_level"",""p"":0.007,""rounds"":9}",
      1024,         0,         0,   0.031,pymatching,5d84e63ae58ac8f38a4f71635acf8331f914499fac7161a0b5e56811dcddd0a1,"{""basis"":""x"",""d"":9,""noise_model"":""uniform_circuit_level"",""p"":0.003,""rounds"":9}",
      2048,         9,         0,   0.040,pymatching,b395a9fd9a8f637b062b534b0490e6e1974fa969ebe0fa53e58dfb67772fd236,"{""basis"":""x"",""d"":7,""noise_model"":""uniform_circuit_level"",""p"":0.004,""rounds"":7}",
      6144,         0,         0,   0.148,pymatching,ca470c04f47291fdaf50f630e0b7e3f20ce47c7459de027d1a7f5d8a910df65c,"{""basis"":""x"",""d"":9,""noise_model"":""uniform_circuit_level"",""p"":0.002,""rounds"":9}",
      1024,         0,         0,   0.041,pymatching,5d84e63ae58ac8f38a4f71635acf8331f914499fac7161a0b5e56811dcddd0a1,"{""basis"":""x"",""d"":9,""noise_model"":""uniform_circuit_level"",""p"":0.003,""rounds"":9}",
      3072,       206,         0,   0.302,pymatching,7dd46c0f29033955b68917ac8d260b9c051dc7c241bd51f3eb76164ba74c3e3d,"{""basis"":""x"",""d"":9,""noise_model"":""uniform_circuit_level"",""p"":0.008,""rounds"":9}",
         1,         0,         0,   0.010,pymatching,b6e3714279fa4d6e0b5096a25a7c87ca9bb12204811c2c9990504be90ed24c04,"{""basis"":""x"",""d"":11,""noise_model"":""uniform_circuit_level"",""p"":0.003,""rounds"":11}",
      2048,        39,         0,   0.301,pymatching,45816d18bb74d46b4443e25c255fe762e8f1de8891efbc6154ee1effa997a4e2,"{""basis"":""x"",""d"":11,""noise_model"":""uniform_circuit_level"",""p"":0.006,""rounds"":11}",
      1024,       114,         0,   0.156,pymatching,4da77e174bc983aba06b5651e9c4c90af2ccaf56ccd8af6bb1a8c7eb414670bf,"{""basis"":""x"",""d"":9,""noise_model"":""uniform_circuit_level"",""p"":0.009,""rounds"":9}",
      3072,        17,         0,   0.060,pymatching,b395a9fd9a8f637b062b534b0490e6e1974fa969ebe0fa53e58dfb67772fd236,"{""basis"":""x"",""d"":7,""noise_model"":""uniform_circuit_level"",""p"":0.004,""rounds"":7}",
       272,         0,         0,   0.017,pymatching,b6e3714279fa4d6e0b5096a25a7c87ca9bb12204811c2c9990504be90ed24c04,"{""basis"":""x"",""d"":11,""noise_model"":""uniform_circuit_level"",""p"":0.003,""rounds"":11}",
      1024,       177,         0,   0.171,pymatching,eee48c1f857df97e7026016d2f4a2bc73d958a746dd2b269e7159a58fa06ccdb,"{""basis"":""x"",""d"":9,""noise_model"":""uniform_circuit_level"",""p"":0.01,""rounds"":9}",
      1024,       187,         0,   0.300,pymatching,e56cec38225b8569872a021cb6a10916c1c789475a800be536e4d153f7c2923d,"{""basis"":""x"",""d"":11,""noise_model"":""uniform_circuit_level"",""p"":0.01,""rounds"":11}",
     11264,         1,         0,   0.404,pymatching,d6061c9a594b6110f0d2d218d441ba6e898e4b528bde72e8fb66bfdffdda4374,"{""basis"":""x"",""d"":11,""noise_model"":""uniform_circuit_level"",""p"":0.002,""rounds"":11}",
      8192,        23,         0,   0.445,pymatching,91cad48bbd330408f2ba5dbc3d4cdac8471bb9d85fde1ae6c47cc13e5d637eb7,"{""basis"":""x"",""d"":9,""noise_model"":""uniform_circuit_level"",""p"":0.004,""rounds"":9}",
     12288,       157,         0,   0.262,pymatching,6c8e43be256e1cf874168eed27dfea60bdc99d0ced560e90b2ebee334294c26d,"{""basis"":""x"",""d"":7,""noise_model"":""uniform_circuit_level"",""p"":0.005,""rounds"":7}",
     12288,        20,         0,   0.149,pymatching,f7e3de3b06e5aadce656c492ff4ba2d0b132644351eb98adfb57780e8f8a1c1e,"{""basis"":""x"",""d"":7,""noise_model"":""uniform_circuit_level"",""p"":0.003,""rounds"":7}",
     86016,       108,         0,   0.281,pymatching,5421e47e40b5a866af7dad35bef44e199e15580f398adce2d348c23b9c0c211e,"{""basis"":""x"",""d"":5,""noise_model"":""uniform_circuit_level"",""p"":0.002,""rounds"":5}",
      2048,         1,         0,   0.072,pymatching,5d84e63ae58ac8f38a4f71635acf8331f914499fac7161a0b5e56811dcddd0a1,"{""basis"":""x"",""d"":9,""noise_model"":""uniform_circuit_level"",""p"":0.003,""rounds"":9}",
      2048,        79,         0,   0.341,pymatching,27239e2e2b17d04ffe944f09984743883980bb18e6c0b02bf96fe37093e8e0f7,"{""basis"":""x"",""d"":11,""noise_model"":""uniform_circuit_level"",""p"":0.007,""rounds"":11}",
      3072,         0,         0,   0.143,pymatching,d6061c9a594b6110f0d2d218d441ba6e898e4b528bde72e8fb66bfdffdda4374,"{""basis"":""x"",""d"":11,""noise_model"":""uniform_circuit_level"",""p"":0.002,""rounds"":11}",
      1024,         1,         0,   0.071,pymatching,b6e3714279fa4d6e0b5096a25a7c87ca9bb12204811c2c9990504be90ed24c04,"{""basis"":""x"",""d"":11,""noise_model"":""uniform_circuit_level"",""p"":0.003,""rounds"":11}",
      3072,        13,         0,   0.076,pymatching,b395a9fd9a8f637b062b534b0490e6e1974fa969ebe0fa53e58dfb67772fd236,"{""basis"":""x"",""d"":7,""noise_model"":""uniform_circuit_level"",""p"":0.004,""rounds"":7}",
      1024,        67,         0,   0.217,pymatching,a670e09bc59b67483313750c8c4f1ff5ca7e63b0b623f7eb8de7e43fa4daa790,"{""basis"":""x"",""d"":11,""noise_model"":""uniform_circuit_level"",""p"":0.008,""rounds"":11}",
      1024,       116,         0,   0.266,pymatching,5e0bec0ba8456badf12056e49ef4193791e6a4d413d8c51fa30382634bb1a48b,"{""basis"":""x"",""d"":11,""noise_model"":""uniform_circuit_level"",""p"":0.009,""rounds"":11}",
     36864,        14,         0,   0.290,pymatching,b08a90a8414aa481066f6c8ac46091933c365f96cae099b0d1c7d0e396ad549b,"{""basis"":""x"",""d"":7,""noise_model"":""uniform_circuit_level"",""p"":0.002,""rounds"":7}",
      2048,         0,         0,   0.080,pymatching,5d84e63ae58ac8f38a4f71635acf8331f914499fac7161a0b5e56811dcddd0a1,"{""basis"":""x"",""d"":9,""noise_model"":""uniform_circuit_level"",""p"":0.003,""rounds"":9}",
      1024,         0,         0,   0.072,pymatching,b6e3714279fa4d6e0b5096a25a7c87ca9bb12204811c2c9990504be90ed24c04,"{""basis"":""x"",""d"":11,""noise_model"":""uniform_circuit_level"",""p"":0.003,""rounds"":11}",
      3072,        16,         0,   0.084,pymatching,b395a9fd9a8f637b062b534b0490e6e1974fa969ebe0fa53e58dfb67772fd236,"{""basis"":""x"",""d"":7,""noise_model"":""uniform_circuit_level"",""p"":0.004,""rounds"":7}",
      8192,         2,         0,   0.212,pymatching,ca470c04f47291fdaf50f630e0b7e3f20ce47c7459de027d1a7f5d8a910df65c,"{""basis"":""x"",""d"":9,""noise_model"":""uniform_circuit_level"",""p"":0.002,""rounds"":9}",
      1024,       186,         0,   0.198,pymatching,eee48c1f857df97e7026016d2f4a2bc73d958a746dd2b269e7159a58fa06ccdb,"{""basis"":""x"",""d"":9,""noise_model"":""uniform_circuit_level"",""p"":0.01,""rounds"":9}",
      1024,         1,         0,   0.061,pymatching,b6e3714279fa4d6e0b5096a25a7c87ca9bb12204811c2c9990504be90ed24c04,"{""basis"":""x"",""d"":11,""noise_model"":""uniform_circuit_level"",""p"":0.003,""rounds"":11}",
      6144,       134,         0,   0.468,pymatching,c7b75972613e5b900fdfb489425f813afbcfe23ec899a41234d8dae02222d8e5,"{""basis"":""x"",""d"":9,""noise_model"":""uniform_circuit_level"",""p"":0.006,""rounds"":9}",
    203776,       232,         0,   0.544,pymatching,5421e47e40b5a866af7dad35bef44e199e15580f398adce2d348c23b9c0c211e,"{""basis"":""x"",""d"":5,""noise_model"":""uniform_circuit_level"",""p"":0.002,""rounds"":5}",
     73728,        77,         0,   0.190,pymatching,5421e47e40b5a866af7dad35bef44e199e15580f398adce2d348c23b9c0c211e,"{""basis"":""x"",""d"":5,""noise_model"":""uniform_circuit_level"",""p"":0.002,""rounds"":5}",
      1024,         1,         0,   0.003,pymatching,5421e47e40b5a866af7dad35bef44e199e15580f398adce2d348c23b9c0c211e,"{""basis"":""x"",""d"":5,""noise_model"":""uniform_circuit_level"",""p"":0.002,""rounds"":5}",
     17408,        28,         0,   0.208,pymatching,f7e3de3b06e5aadce656c492ff4ba2d0b132644351eb98adfb57780e8f8a1c1e,"{""basis"":""x"",""d"":7,""noise_model"":""uniform_circuit_level"",""p"":0.003,""rounds"":7}",
      8192,        59,         0,   0.435,pymatching,6e6bec8ca339b8550e6f2eba9f8a33ef4ef47ba7ef939b79d75c0e5e31b0bbac,"{""basis"":""x"",""d"":9,""noise_model"":""uniform_circuit_level"",""p"":0.005,""rounds"":9}",
      5120,         4,         0,   0.412,pymatching,feb98696aa4ad3a23e46527256fbbb6784603de330dd724864ce9f7de766b036,"{""basis"":""x"",""d"":11,""noise_model"":""uniform_circuit_level"",""p"":0.004,""rounds"":11}",
       273,         1,         0,   0.017,pymatching,91cad48bbd330408f2ba5dbc3d4cdac8471bb9d85fde1ae6c47cc13e5d637eb7,"{""basis"":""x"",""d"":9,""noise_model"":""uniform_circuit_level"",""p"":0.004,""rounds"":9}",
      4096,         0,         0,   0.176,pymatching,d6061c9a594b6110f0d2d218d441ba6e898e4b528bde72e8fb66bfdffdda4374,"{""basis"":""x"",""d"":11,""noise_model"":""uniform_circuit_level"",""p"":0.002,""rounds"":11}",
      8192,         1,         0,   0.457,pymatching,b6e3714279fa4d6e0b5096a25a7c87ca9bb12204811c2c9990504be90ed24c04,"{""basis"":""x"",""d"":11,""noise_model"":""uniform_circuit_level"",""p"":0.003,""rounds"":11}",
      3072,         3,         0,   0.123,pymatching,5d84e63ae58ac8f38a4f71635acf8331f914499fac7161a0b5e56811dcddd0a1,"{""basis"":""x"",""d"":9,""noise_model"":""uniform_circuit_level"",""p"":0.003,""rounds"":9}",
      3072,        15,         0,   0.396,pymatching,f3a091660a611f168dd4a4bd065f91cd837106abdaefcac2d7cb8a869adb4d79,"{""basis"":""x"",""d"":11,""noise_model"":""uniform_circuit_level"",""p"":0.005,""rounds"":11}",
      1024,         0,         0,   0.062,pymatching,b6e3714279fa4d6e0b5096a25a7c87ca9bb12204811c2c9990504be90ed24c04,"{""basis"":""x"",""d"":11,""noise_model"":""uniform_circuit_level"",""p"":0.003,""rounds"":11}",
     64512,        22,         0,   0.560,pymatching,b08a90a8414aa481066f6c8ac46091933c365f96cae099b0d1c7d0e396ad549b,"{""basis"":""x"",""d"":7,""noise_model"":""uniform_circuit_level"",""p"":0.002,""rounds"":7}",
      3072,       174,         0,   0.300,pymatching,7dd46c0f29033955b68917ac8d260b9c051dc7c241bd51f3eb76164ba74c3e3d,"{""basis"":""x"",""d"":9,""noise_model"":""uniform_circuit_level"",""p"":0.008,""rounds"":9}",
      1024,         2,         0,   0.051,pymatching,91cad48bbd330408f2ba5dbc3d4cdac8471bb9d85fde1ae6c47cc13e5d637eb7,"{""basis"":""x"",""d"":9,""noise_model"":""uniform_circuit_level"",""p"":0.004,""rounds"":9}",
      5120,        20,         0,   0.127,pymatching,b395a9fd9a8f637b062b534b0490e6e1974fa969ebe0fa53e58dfb67772fd236,"{""basis"":""x"",""d"":7,""noise_model"":""uniform_circuit_level"",""p"":0.004,""rounds"":7}",
      1024,       192,         0,   0.296,pymatching,e56cec38225b8569872a021cb6a10916c1c789475a800be536e4d153f7c2923d,"{""basis"":""x"",""d"":11,""noise_model"":""uniform_circuit_level"",""p"":0.01,""rounds"":11}",
      2048,       209,         0,   0.327,pymatching,4da77e174bc983aba06b5651e9c4c90af2ccaf56ccd8af6bb1a8c7eb414670bf,"{""basis"":""x"",""d"":9,""noise_model"":""uniform_circuit_level"",""p"":0.009,""rounds"":9}",
      1024,        74,         0,   0.230,pymatching,a670e09bc59b67483313750c8c4f1ff5ca7e63b0b623f7eb8de7e43fa4daa790,"{""basis"":""x"",""d"":11,""noise_model"":""uniform_circuit_level"",""p"":0.008,""rounds"":11}",
     40960,        71,         0,   0.567,pymatching,f7e3de3b06e5aadce656c492ff4ba2d0b132644351eb98adfb57780e8f8a1c1e,"{""basis"":""x"",""d"":7,""noise_model"":""uniform_circuit_level"",""p"":0.003,""rounds"":7}",
      1024,         4,         0,   0.072,pymatching,91cad48bbd330408f2ba5dbc3d4cdac8471bb9d85fde1ae6c47cc13e5d637eb7,"{""basis"":""x"",""d"":9,""noise_model"":""uniform_circuit_level"",""p"":0.004,""rounds"":9}",
      1024,         0,         0,   0.090,pymatching,b6e3714279fa4d6e0b5096a25a7c87ca9bb12204811c2c9990504be90ed24c04,"{""basis"":""x"",""d"":11,""noise_model"":""uniform_circuit_level"",""p"":0.003,""rounds"":11}",
     32768,       162,         0,   0.579,pymatching,b395a9fd9a8f637b062b534b0490e6e1974fa969ebe0fa53e58dfb67772fd236,"{""basis"":""x"",""d"":7,""noise_model"":""uniform_circuit_level"",""p"":0.004,""rounds"":7}",
      5120,       199,         0,   0.454,pymatching,133d067ab721cd389207b5b2251ee6d284f57bbc6307f09815334cf7809fa703,"{""basis"":""x"",""d"":9,""noise_model"":""uniform_circuit_level"",""p"":0.007,""rounds"":9}",
      1024,       136,         0,   0.272,pymatching,5e0bec0ba8456badf12056e49ef4193791e6a4d413d8c51fa30382634bb1a48b,"{""basis"":""x"",""d"":11,""noise_model"":""uniform_circuit_level"",""p"":0.009,""rounds"":11}",
     31744,         6,         0,   0.572,pymatching,ca470c04f47291fdaf50f630e0b7e3f20ce47c7459de027d1a7f5d8a910df65c,"{""basis"":""x"",""d"":9,""noise_model"":""uniform_circuit_level"",""p"":0.002,""rounds"":9}",
      2048,        76,         0,   0.339,pymatching,27239e2e2b17d04ffe944f09984743883980bb18e6c0b02bf96fe37093e8e0f7,"{""basis"":""x"",""d"":11,""noise_model"":""uniform_circuit_level"",""p"":0.007,""rounds"":11}",
     20480,        17,         0,   0.565,pymatching,5d84e63ae58ac8f38a4f71635acf8331f914499fac7161a0b5e56811dcddd0a1,"{""basis"":""x"",""d"":9,""noise_model"":""uniform_circuit_level"",""p"":0.003,""rounds"":9}",
      4096,         3,         0,   0.163,pymatching,5d84e63ae58ac8f38a4f71635acf8331f914499fac7161a0b5e56811dcddd0a1,"{""basis"":""x"",""d"":9,""noise_model"":""uniform_circuit_level"",""p"":0.003,""rounds"":9}",
      1024,         2,         0,   0.064,pymatching,91cad48bbd330408f2ba5dbc3d4cdac8471bb9d85fde1ae6c47cc13e5d637eb7,"{""basis"":""x"",""d"":9,""noise_model"":""uniform_circuit_level"",""p"":0.004,""rounds"":9}",
      3072,        59,         0,   0.450,pymatching,45816d18bb74d46b4443e25c255fe762e8f1de8891efbc6154ee1effa997a4e2,"{""basis"":""x"",""d"":11,""noise_model"":""uniform_circuit_level"",""p"":0.006,""rounds"":11}",
      6144,        23,         0,   0.161,pymatching,b395a9fd9a8f637b062b534b0490e6e1974fa969ebe0fa53e58dfb67772fd236,"{""basis"":""x"",""d"":7,""noise_model"":""uniform_circuit_level"",""p"":0.004,""rounds"":7}",
       273,         4,         0,   0.033,pymatching,6e6bec8ca339b8550e6f2eba9f8a33ef4ef47ba7ef939b79d75c0e5e31b0bbac,"{""basis"":""x"",""d"":9,""noise_model"":""uniform_circuit_level"",""p"":0.005,""rounds"":9}",
         1,         0,         0,   0.012,pymatching,f3a091660a611f168dd4a4bd065f91cd837106abdaefcac2d7cb8a869adb4d79,"{""basis"":""x"",""d"":11,""noise_model"":""uniform_circuit_level"",""p"":0.005,""rounds"":11}",
      1024,         0,         0,   0.051,pymatching,91cad48bbd330408f2ba5dbc3d4cdac8471bb9d85fde1ae6c47cc13e5d637eb7,"{""basis"":""x"",""d"":9,""noise_model"":""uniform_circuit_level"",""p"":0.004,""rounds"":9}",
      1024,       116,         0,   0.157,pymatching,4da77e174bc983aba06b5651e9c4c90af2ccaf56ccd8af6bb1a8c7eb414670bf,"{""basis"":""x"",""d"":9,""noise_model"":""uniform_circuit_level"",""p"":0.009,""rounds"":9}",
       272,         4,         0,   0.027,pymatching,f3a091660a611f168dd4a4bd065f91cd837106abdaefcac2d7cb8a869adb4d79,"{""basis"":""x"",""d"":11,""noise_model"":""uniform_circuit_level"",""p"":0.005,""rounds"":11}",
      5120,         0,         0,   0.242,pymatching,d6061c9a594b6110f0d2d218d441ba6e898e4b528bde72e8fb66bfdffdda4374,"{""basis"":""x"",""d"":11,""noise_model"":""uniform_circuit_level"",""p"":0.002,""rounds"":11}",
     12288,         1,         0,   0.311,pymatching,ca470c04f47291fdaf50f630e0b7e3f20ce47c7459de027d1a7f5d8a910df65c,"{""basis"":""x"",""d"":9,""noise_model"":""uniform_circuit_level"",""p"":0.002,""rounds"":9}",
      2048,         3,         0,   0.142,pymatching,b6e3714279fa4d6e0b5096a25a7c87ca9bb12204811c2c9990504be90ed24c04,"{""basis"":""x"",""d"":11,""noise_model"":""uniform_circuit_level"",""p"":0.003,""rounds"":11}",
         1,         0,         0,   0.010,pymatching,feb98696aa4ad3a23e46527256fbbb6784603de330dd724864ce9f7de766b036,"{""basis"":""x"",""d"":11,""noise_model"":""uniform_circuit_level"",""p"":0.004,""rounds"":11}",
      1024,        16,         0,   0.056,pymatching,6e6bec8ca339b8550e6f2eba9f8a33ef4ef47ba7ef939b79d75c0e5e31b0bbac,"{""basis"":""x"",""d"":9,""noise_model"":""uniform_circuit_level"",""p"":0.005,""rounds"":9}",
     24576,        52,         0,   0.289,pymatching,f7e3de3b06e5aadce656c492ff4ba2d0b132644351eb98adfb57780e8f8a1c1e,"{""basis"":""x"",""d"":7,""noise_model"":""uniform_circuit_level"",""p"":0.003,""rounds"":7}",
       272,         0,         0,   0.021,pymatching,feb98696aa4ad3a23e46527256fbbb6784603de330dd724864ce9f7de766b036,"{""basis"":""x"",""d"":11,""noise_model"":""uniform_circuit_level"",""p"":0.004,""rounds"":11}",
      1024,         5,         0,   0.070,pymatching,91cad48bbd330408f2ba5dbc3d4cdac8471bb9d85fde1ae6c47cc13e5d637eb7,"{""basis"":""x"",""d"":9,""noise_model"":""uniform_circuit_level"",""p"":0.004,""rounds"":9}",
     51200,        19,         0,   0.410,pymatching,b08a90a8414aa481066f6c8ac46091933c365f96cae099b0d1c7d0e396ad549b,"{""basis"":""x"",""d"":7,""noise_model"":""uniform_circuit_level"",""p"":0.002,""rounds"":7}",
      1024,        67,         0,   0.223,pymatching,a670e09bc59b67483313750c8c4f1ff5ca7e63b0b623f7eb8de7e43fa4daa790,"{""basis"":""x"",""d"":11,""noise_model"":""uniform_circuit_level"",""p"":0.008,""rounds"":11}",
       273,         8,         0,   0.041,pymatching,c7b75972613e5b900fdfb489425f813afbcfe23ec899a41234d8dae02222d8e5,"{""basis"":""x"",""d"":9,""noise_model"":""uniform_circuit_level"",""p"":0.006,""rounds"":9}",
      1024,         8,         0,   0.082,pymatching,6e6bec8ca339b8550e6f2eba9f8a33ef4ef47ba7ef939b79d75c0e5e31b0bbac,"{""basis"":""x"",""d"":9,""noise_model"":""uniform_circuit_level"",""p"":0.005,""rounds"":9}",
      1024,         9,         0,   0.113,pymatching,f3a091660a611f168dd4a4bd065f91cd837106abdaefcac2d7cb8a869adb4d79,"{""basis"":""x"",""d"":11,""noise_model"":""uniform_circuit_level"",""p"":0.005,""rounds"":11}",
      1024,       185,         0,   0.296,pymatching,e56cec38225b8569872a021cb6a10916c1c789475a800be536e4d153f7c2923d,"{""basis"":""x"",""d"":11,""noise_model"":""uniform_circuit_level"",""p"":0.01,""rounds"":11}",
      1024,         2,         0,   0.078,pymatching,feb98696aa4ad3a23e46527256fbbb6784603de330dd724864ce9f7de766b036,"{""basis"":""x"",""d"":11,""noise_model"":""uniform_circuit_level"",""p"":0.004,""rounds"":11}",
     16384,         0,         0,   0.597,pymatching,d6061c9a594b6110f0d2d218d441ba6e898e4b528bde72e8fb66bfdffdda4374,"{""basis"":""x"",""d"":11,""noise_model"":""uniform_circuit_level"",""p"":0.002,""rounds"":11}",
     13312,        38,         0,   0.601,pymatching,91cad48bbd330408f2ba5dbc3d4cdac8471bb9d85fde1ae6c47cc13e5d637eb7,"{""basis"":""x"",""d"":9,""noise_model"":""uniform_circuit_level"",""p"":0.004,""rounds"":9}",
      6144,         3,         0,   0.220,pymatching,5d84e63ae58ac8f38a4f71635acf8331f914499fac7161a0b5e56811dcddd0a1,"{""basis"":""x"",""d"":9,""noise_model"":""uniform_circuit_level"",""p"":0.003,""rounds"":9}",
      2048,         4,         0,   0.099,pymatching,91cad48bbd330408f2ba5dbc3d4cdac8471bb9d85fde1ae6c47cc13e5d637eb7,"{""basis"":""x"",""d"":9,""noise_model"":""uniform_circuit_level"",""p"":0.004,""rounds"":9}",
      1024,       136,         0,   0.266,pymatching,5e0bec0ba8456badf12056e49ef4193791e6a4d413d8c51fa30382634bb1a48b,"{""basis"":""x"",""d"":11,""noise_model"":""uniform_circuit_level"",""p"":0.009,""rounds"":11}",
      1024,        22,         0,   0.098,pymatching,c7b75972613e5b900fdfb489425f813afbcfe23ec899a41234d8dae02222d8e5,"{""basis"":""x"",""d"":9,""noise_model"":""uniform_circuit_level"",""p"":0.006,""rounds"":9}",
      2048,         0,         0,   0.160,pymatching,b6e3714279fa4d6e0b5096a25a7c87ca9bb12204811c2c9990504be90ed24c04,"{""basis"":""x"",""d"":11,""noise_model"":""uniform_circuit_level"",""p"":0.003,""rounds"":11}",
      1024,        15,         0,   0.076,pymatching,6e6bec8ca339b8550e6f2eba9f8a33ef4ef47ba7ef939b79d75c0e5e31b0bbac,"{""basis"":""x"",""d"":9,""noise_model"":""uniform_circuit_level"",""p"":0.005,""rounds"":9}",
     10240,        59,         0,   0.231,pymatching,b395a9fd9a8f637b062b534b0490e6e1974fa969ebe0fa53e58dfb67772fd236,"{""basis"":""x"",""d"":7,""noise_model"":""uniform_circuit_level"",""p"":0.004,""rounds"":7}",
      1024,         1,         0,   0.097,pymatching,feb98696aa4ad3a23e46527256fbbb6784603de330dd724864ce9f7de766b036,"{""basis"":""x"",""d"":11,""noise_model"":""uniform_circuit_level"",""p"":0.004,""rounds"":11}",
      1024,        11,         0,   0.106,pymatching,f3a091660a611f168dd4a4bd065f91cd837106abdaefcac2d7cb8a869adb4d79,"{""basis"":""x"",""d"":11,""noise_model"":""uniform_circuit_level"",""p"":0.005,""rounds"":11}",
      1024,        18,         0,   0.081,pymatching,c7b75972613e5b900fdfb489425f813afbcfe23ec899a41234d8dae02222d8e5,"{""basis"":""x"",""d"":9,""noise_model"":""uniform_circuit_level"",""p"":0.006,""rounds"":9}",
      4096,       170,         0,   0.359,pymatching,133d067ab721cd389207b5b2251ee6d284f57bbc6307f09815334cf7809fa703,"{""basis"":""x"",""d"":9,""noise_model"":""uniform_circuit_level"",""p"":0.007,""rounds"":9}",
      1024,         8,         0,   0.069,pymatching,6e6bec8ca339b8550e6f2eba9f8a33ef4ef47ba7ef939b79d75c0e5e31b0bbac,"{""basis"":""x"",""d"":9,""noise_model"":""uniform_circuit_level"",""p"":0.005,""rounds"":9}",
      3072,        18,         0,   0.473,pymatching,f3a091660a611f168dd4a4bd065f91cd837106abdaefcac2d7cb8a869adb4d79,"{""basis"":""x"",""d"":11,""noise_model"":""uniform_circuit_level"",""p"":0.005,""rounds"":11}",
      2048,         1,         0,   0.109,pymatching,91cad48bbd330408f2ba5dbc3d4cdac8471bb9d85fde1ae6c47cc13e5d637eb7,"{""basis"":""x"",""d"":9,""noise_model"":""uniform_circuit_level"",""p"":0.004,""rounds"":9}",
         1,         0,         0,   0.011,pymatching,45816d18bb74d46b4443e25c255fe762e8f1de8891efbc6154ee1effa997a4e2,"{""basis"":""x"",""d"":11,""noise_model"":""uniform_circuit_level"",""p"":0.006,""rounds"":11}",
      1024,         1,         0,   0.078,pymatching,feb98696aa4ad3a23e46527256fbbb6784603de330dd724864ce9f7de766b036,"{""basis"":""x"",""d"":11,""noise_model"":""uniform_circuit_level"",""p"":0.004,""rounds"":11}",
      1024,         6,         0,   0.067,pymatching,6e6bec8ca339b8550e6f2eba9f8a33ef4ef47ba7ef939b79d75c0e5e31b0bbac,"{""basis"":""x"",""d"":9,""noise_model"":""uniform_circuit_level"",""p"":0.005,""rounds"":9}",
      7168,         0,         0,   0.327,pymatching,d6061c9a594b6110f0d2d218d441ba6e898e4b528bde72e8fb66bfdffdda4374,"{""basis"":""x"",""d"":11,""noise_model"":""uniform_circuit_level"",""p"":0.002,""rounds"":11}",
      1024,         5,         0,   0.111,pymatching,f3a091660a611f168dd4a4bd065f91cd837106abdaefcac2d7cb8a869adb4d79,"{""basis"":""x"",""d"":11,""noise_model"":""uniform_circuit_level"",""p"":0.005,""rounds"":11}",
       272,         3,         0,   0.061,pymatching,45816d18bb74d46b4443e25c255fe762e8f1de8891efbc6154ee1effa997a4e2,"{""basis"":""x"",""d"":11,""noise_model"":""uniform_circuit_level"",""p"":0.006,""rounds"":11}",
      9216,       211,         0,   0.621,pymatching,c7b75972613e5b900fdfb489425f813afbcfe23ec899a41234d8dae02222d8e5,"{""basis"":""x"",""d"":9,""noise_model"":""uniform_circuit_level"",""p"":0.006,""rounds"":9}",
      1024,        18,         0,   0.096,pymatching,c7b75972613e5b900fdfb489425f813afbcfe23ec899a41234d8dae02222d8e5,"{""basis"":""x"",""d"":9,""noise_model"":""uniform_circuit_level"",""p"":0.006,""rounds"":9}",
     11264,        92,         0,   0.607,pymatching,6e6bec8ca339b8550e6f2eba9f8a33ef4ef47ba7ef939b79d75c0e5e31b0bbac,"{""basis"":""x"",""d"":9,""noise_model"":""uniform_circuit_level"",""p"":0.005,""rounds"":9}",
      1024,         4,         0,   0.076,pymatching,feb98696aa4ad3a23e46527256fbbb6784603de330dd724864ce9f7de766b036,"{""basis"":""x"",""d"":11,""noise_model"":""uniform_circuit_level"",""p"":0.004,""rounds"":11}",
      8192,         9,         0,   0.637,pymatching,feb98696aa4ad3a23e46527256fbbb6784603de330dd724864ce9f7de766b036,"{""basis"":""x"",""d"":11,""noise_model"":""uniform_circuit_level"",""p"":0.004,""rounds"":11}",
     11264,         4,         0,   0.614,pymatching,b6e3714279fa4d6e0b5096a25a7c87ca9bb12204811c2c9990504be90ed24c04,"{""basis"":""x"",""d"":11,""noise_model"":""uniform_circuit_level"",""p"":0.003,""rounds"":11}",
      1024,         8,         0,   0.081,pymatching,6e6bec8ca339b8550e6f2eba9f8a33ef4ef47ba7ef939b79d75c0e5e31b0bbac,"{""basis"":""x"",""d"":9,""noise_model"":""uniform_circuit_level"",""p"":0.005,""rounds"":9}",
     15360,         1,         0,   0.403,pymatching,ca470c04f47291fdaf50f630e0b7e3f20ce47c7459de027d1a7f5d8a910df65c,"{""basis"":""x"",""d"":9,""noise_model"":""uniform_circuit_level"",""p"":0.002,""rounds"":9}",
      1024,       204,         0,   0.291,pymatching,e56cec38225b8569872a021cb6a10916c1c789475a800be536e4d153f7c2923d,"{""basis"":""x"",""d"":11,""noise_model"":""uniform_circuit_level"",""p"":0.01,""rounds"":11}",
      3072,        10,         0,   0.150,pymatching,91cad48bbd330408f2ba5dbc3d4cdac8471bb9d85fde1ae6c47cc13e5d637eb7,"{""basis"":""x"",""d"":9,""noise_model"":""uniform_circuit_level"",""p"":0.004,""rounds"":9}",
      4096,         0,         0,   0.245,pymatching,b6e3714279fa4d6e0b5096a25a7c87ca9bb12204811c2c9990504be90ed24c04,"{""basis"":""x"",""d"":11,""noise_model"":""uniform_circuit_level"",""p"":0.003,""rounds"":11}",
      1024,        27,         0,   0.079,pymatching,c7b75972613e5b900fdfb489425f813afbcfe23ec899a41234d8dae02222d8e5,"{""basis"":""x"",""d"":9,""noise_model"":""uniform_circuit_level"",""p"":0.006,""rounds"":9}",
      1024,       148,         0,   0.264,pymatching,5e0bec0ba8456badf12056e49ef4193791e6a4d413d8c51fa30382634bb1a48b,"{""basis"":""x"",""d"":11,""noise_model"":""uniform_circuit_level"",""p"":0.009,""rounds"":11}",
     34816,        58,         0,   0.403,pymatching,f7e3de3b06e5aadce656c492ff4ba2d0b132644351eb98adfb57780e8f8a1c1e,"{""basis"":""x"",""d"":7,""noise_model"":""uniform_circuit_level"",""p"":0.003,""rounds"":7}",
      1024,         8,         0,   0.114,pymatching,f3a091660a611f168dd4a4bd065f91cd837106abdaefcac2d7cb8a869adb4d79,"{""basis"":""x"",""d"":11,""noise_model"":""uniform_circuit_level"",""p"":0.005,""rounds"":11}",
      1024,         1,         0,   0.078,pymatching,feb98696aa4ad3a23e46527256fbbb6784603de330dd724864ce9f7de766b036,"{""basis"":""x"",""d"":11,""noise_model"":""uniform_circuit_level"",""p"":0.004,""rounds"":11}",
      3072,       120,         0,   0.540,pymatching,27239e2e2b17d04ffe944f09984743883980bb18e6c0b02bf96fe37093e8e0f7,"{""basis"":""x"",""d"":11,""noise_model"":""uniform_circuit_level"",""p"":0.007,""rounds"":11}",
      8192,         5,         0,   0.312,pymatching,5d84e63ae58ac8f38a4f71635acf8331f914499fac7161a0b5e56811dcddd0a1,"{""basis"":""x"",""d"":9,""noise_model"":""uniform_circuit_level"",""p"":0.003,""rounds"":9}",
     13312,        73,         0,   0.291,pymatching,b395a9fd9a8f637b062b534b0490e6e1974fa969ebe0fa53e58dfb67772fd236,"{""basis"":""x"",""d"":7,""noise_model"":""uniform_circuit_level"",""p"":0.004,""rounds"":7}",
      1024,        25,         0,   0.161,pymatching,45816d18bb74d46b4443e25c255fe762e8f1de8891efbc6154ee1effa997a4e2,"{""basis"":""x"",""d"":11,""noise_model"":""uniform_circuit_level"",""p"":0.006,""rounds"":11}",
      2048,       137,         0,   0.446,pymatching,a670e09bc59b67483313750c8c4f1ff5ca7e63b0b623f7eb8de7e43fa4daa790,"{""basis"":""x"",""d"":11,""noise_model"":""uniform_circuit_level"",""p"":0.008,""rounds"":11}",
      4096,        72,         0,   0.585,pymatching,45816d18bb74d46b4443e25c255fe762e8f1de8891efbc6154ee1effa997a4e2,"{""basis"":""x"",""d"":11,""noise_model"":""uniform_circuit_level"",""p"":0.006,""rounds"":11}",
      1024,        23,         0,   0.116,pymatching,c7b75972613e5b900fdfb489425f813afbcfe23ec899a41234d8dae02222d8e5,"{""basis"":""x"",""d"":9,""noise_model"":""uniform_circuit_level"",""p"":0.006,""rounds"":9}",
      1024,         8,         0,   0.108,pymatching,f3a091660a611f168dd4a4bd065f91cd837106abdaefcac2d7cb8a869adb4d79,"{""basis"":""x"",""d"":11,""noise_model"":""uniform_circuit_level"",""p"":0.005,""rounds"":11}",
      2048,        18,         0,   0.153,pymatching,6e6bec8ca339b8550e6f2eba9f8a33ef4ef47ba7ef939b79d75c0e5e31b0bbac,"{""basis"":""x"",""d"":9,""noise_model"":""uniform_circuit_level"",""p"":0.005,""rounds"":9}",
         1,         0,         0,   0.028,pymatching,27239e2e2b17d04ffe944f09984743883980bb18e6c0b02bf96fe37093e8e0f7,"{""basis"":""x"",""d"":11,""noise_model"":""uniform_circuit_level"",""p"":0.007,""rounds"":11}",
     89088,        29,         0,   0.786,pymatching,b08a90a8414aa481066f6c8ac46091933c365f96cae099b0d1c7d0e396ad549b,"{""basis"":""x"",""d"":7,""noise_model"":""uniform_circuit_level"",""p"":0.002,""rounds"":7}",
      2048,         4,         0,   0.162,pymatching,feb98696aa4ad3a23e46527256fbbb6784603de330dd724864ce9f7de766b036,"{""basis"":""x"",""d"":11,""noise_model"":""uniform_circuit_level"",""p"":0.004,""rounds"":11}",
       272,         8,         0,   0.051,pymatching,27239e2e2b17d04ffe944f09984743883980bb18e6c0b02bf96fe37093e8e0f7,"{""basis"":""x"",""d"":11,""noise_model"":""uniform_circuit_level"",""p"":0.007,""rounds"":11}",
     68608,        24,         0,   0.562,pymatching,b08a90a8414aa481066f6c8ac46091933c365f96cae099b0d1c7d0e396ad549b,"{""basis"":""x"",""d"":7,""noise_model"":""uniform_circuit_level"",""p"":0.002,""rounds"":7}",
      1024,        21,         0,   0.093,pymatching,c7b75972613e5b900fdfb489425f813afbcfe23ec899a41234d8dae02222d8e5,"{""basis"":""x"",""d"":9,""noise_model"":""uniform_circuit_level"",""p"":0.006,""rounds"":9}",
     58368,       102,         0,   0.793,pymatching,f7e3de3b06e5aadce656c492ff4ba2d0b132644351eb98adfb57780e8f8a1c1e,"{""basis"":""x"",""d"":7,""noise_model"":""uniform_circuit_level"",""p"":0.003,""rounds"":7}",
      1024,         4,         0,   0.108,pymatching,f3a091660a611f168dd4a4bd065f91cd837106abdaefcac2d7cb8a869adb4d79,"{""basis"":""x"",""d"":11,""noise_model"":""uniform_circuit_level"",""p"":0.005,""rounds"":11}",
     45056,       234,         0,   0.798,pymatching,b395a9fd9a8f637b062b534b0490e6e1974fa969ebe0fa53e58dfb67772fd236,"{""basis"":""x"",""d"":7,""noise_model"":""uniform_circuit_level"",""p"":0.004,""rounds"":7}",
      1024,       141,         0,   0.258,pymatching,5e0bec0ba8456badf12056e49ef4193791e6a4d413d8c51fa30382634bb1a48b,"{""basis"":""x"",""d"":11,""noise_model"":""uniform_circuit_level"",""p"":0.009,""rounds"":11}",
      4096,        11,         0,   0.275,pymatching,91cad48bbd330408f2ba5dbc3d4cdac8471bb9d85fde1ae6c47cc13e5d637eb7,"{""basis"":""x"",""d"":9,""noise_model"":""uniform_circuit_level"",""p"":0.004,""rounds"":9}",
      1024,         2,         0,   0.017,pymatching,b395a9fd9a8f637b062b534b0490e6e1974fa969ebe0fa53e58dfb67772fd236,"{""basis"":""x"",""d"":7,""noise_model"":""uniform_circuit_level"",""p"":0.004,""rounds"":7}",
      2048,        22,         0,   0.151,pymatching,6e6bec8ca339b8550e6f2eba9f8a33ef4ef47ba7ef939b79d75c0e5e31b0bbac,"{""basis"":""x"",""d"":9,""noise_model"":""uniform_circuit_level"",""p"":0.005,""rounds"":9}",
     41984,         3,         0,   0.805,pymatching,ca470c04f47291fdaf50f630e0b7e3f20ce47c7459de027d1a7f5d8a910df65c,"{""basis"":""x"",""d"":9,""noise_model"":""uniform_circuit_level"",""p"":0.002,""rounds"":9}",
      1024,        18,         0,   0.221,pymatching,45816d18bb74d46b4443e25c255fe762e8f1de8891efbc6154ee1effa997a4e2,"{""basis"":""x"",""d"":11,""noise_model"":""uniform_circuit_level"",""p"":0.006,""rounds"":11}",
      8192,        52,         0,   0.233,pymatching,b395a9fd9a8f637b062b534b0490e6e1974fa969ebe0fa53e58dfb67772fd236,"{""basis"":""x"",""d"":7,""noise_model"":""uniform_circuit_level"",""p"":0.004,""rounds"":7}",
     27648,        28,         0,   0.798,pymatching,5d84e63ae58ac8f38a4f71635acf8331f914499fac7161a0b5e56811dcddd0a1,"{""basis"":""x"",""d"":9,""noise_model"":""uniform_circuit_level"",""p"":0.003,""rounds"":9}",
      8192,         2,         0,   0.413,pymatching,d6061c9a594b6110f0d2d218d441ba6e898e4b528bde72e8fb66bfdffdda4374,"{""basis"":""x"",""d"":11,""noise_model"":""uniform_circuit_level"",""p"":0.002,""rounds"":11}",
      1024,        13,         0,   0.107,pymatching,c7b75972613e5b900fdfb489425f813afbcfe23ec899a41234d8dae02222d8e5,"{""basis"":""x"",""d"":9,""noise_model"":""uniform_circuit_level"",""p"":0.006,""rounds"":9}",
         1,         1,         0,   0.010,pymatching,a670e09bc59b67483313750c8c4f1ff5ca7e63b0b623f7eb8de7e43fa4daa790,"{""basis"":""x"",""d"":11,""noise_model"":""uniform_circuit_level"",""p"":0.008,""rounds"":11}",
      6144,         1,         0,   0.336,pymatching,b6e3714279fa4d6e0b5096a25a7c87ca9bb12204811c2c9990504be90ed24c04,"{""basis"":""x"",""d"":11,""noise_model"":""uniform_circuit_level"",""p"":0.003,""rounds"":11}",
      2048,         4,         0,   0.158,pymatching,feb98696aa4ad3a23e46527256fbbb6784603de330dd724864ce9f7de766b036,"{""basis"":""x"",""d"":11,""noise_model"":""uniform_circuit_level"",""p"":0.004,""rounds"":11}",
       272,        21,         0,   0.105,pymatching,a670e09bc59b67483313750c8c4f1ff5ca7e63b0b623f7eb8de7e43fa4daa790,"{""basis"":""x"",""d"":11,""noise_model"":""uniform_circuit_level"",""p"":0.008,""rounds"":11}",
      2048,        12,         0,   0.203,pymatching,f3a091660a611f168dd4a4bd065f91cd837106abdaefcac2d7cb8a869adb4d79,"{""basis"":""x"",""d"":11,""noise_model"":""uniform_circuit_level"",""p"":0.005,""rounds"":11}",
      1024,        40,         0,   0.254,pymatching,27239e2e2b17d04ffe944f09984743883980bb18e6c0b02bf96fe37093e8e0f7,"{""basis"":""x"",""d"":11,""noise_model"":""uniform_circuit_level"",""p"":0.007,""rounds"":11}",
      1297,         0,         0,   0.038,pymatching,b08a90a8414aa481066f6c8ac46091933c365f96cae099b0d1c7d0e396ad549b,"{""basis"":""x"",""d"":7,""noise_model"":""uniform_circuit_level"",""p"":0.002,""rounds"":7}",
     10240,         5,         0,   0.443,pymatching,5d84e63ae58ac8f38a4f71635acf8331f914499fac7161a0b5e56811dcddd0a1,"{""basis"":""x"",""d"":9,""noise_model"":""uniform_circuit_level"",""p"":0.003,""rounds"":9}",
      4096,        27,         0,   0.673,pymatching,f3a091660a611f168dd4a4bd065f91cd837106abdaefcac2d7cb8a869adb4d79,"{""basis"":""x"",""d"":11,""noise_model"":""uniform_circuit_level"",""p"":0.005,""rounds"":11}",
      2048,         2,         0,   0.018,pymatching,b08a90a8414aa481066f6c8ac46091933c365f96cae099b0d1c7d0e396ad549b,"{""basis"":""x"",""d"":7,""noise_model"":""uniform_circuit_level"",""p"":0.002,""rounds"":7}",
     22528,         0,         0,   0.817,pymatching,d6061c9a594b6110f0d2d218d441ba6e898e4b528bde72e8fb66bfdffdda4374,"{""basis"":""x"",""d"":11,""noise_model"":""uniform_circuit_level"",""p"":0.002,""rounds"":11}",
     19456,        57,         0,   0.834,pymatching,91cad48bbd330408f2ba5dbc3d4cdac8471bb9d85fde1ae6c47cc13e5d637eb7,"{""basis"":""x"",""d"":9,""noise_model"":""uniform_circuit_level"",""p"":0.004,""rounds"":9}",
      2048,       153,         0,   0.465,pymatching,a670e09bc59b67483313750c8c4f1ff5ca7e63b0b623f7eb8de7e43fa4daa790,"{""basis"":""x"",""d"":11,""noise_model"":""uniform_circuit_level"",""p"":0.008,""rounds"":11}",
      2048,         2,         0,   0.019,pymatching,b08a90a8414aa481066f6c8ac46091933c365f96cae099b0d1c7d0e396ad549b,"{""basis"":""x"",""d"":7,""noise_model"":""uniform_circuit_level"",""p"":0.002,""rounds"":7}",
      1024,        25,         0,   0.235,pymatching,45816d18bb74d46b4443e25c255fe762e8f1de8891efbc6154ee1effa997a4e2,"{""basis"":""x"",""d"":11,""noise_model"":""uniform_circuit_level"",""p"":0.006,""rounds"":11}",
     46080,        93,         0,   0.563,pymatching,f7e3de3b06e5aadce656c492ff4ba2d0b132644351eb98adfb57780e8f8a1c1e,"{""basis"":""x"",""d"":7,""noise_model"":""uniform_circuit_level"",""p"":0.003,""rounds"":7}",
     18432,         3,         0,   0.587,pymatching,ca470c04f47291fdaf50f630e0b7e3f20ce47c7459de027d1a7f5d8a910df65c,"{""basis"":""x"",""d"":9,""noise_model"":""uniform_circuit_level"",""p"":0.002,""rounds"":9}",
      3072,         4,         0,   0.247,pymatching,feb98696aa4ad3a23e46527256fbbb6784603de330dd724864ce9f7de766b036,"{""basis"":""x"",""d"":11,""noise_model"":""uniform_circuit_level"",""p"":0.004,""rounds"":11}",
      3072,       138,         0,   0.570,pymatching,27239e2e2b17d04ffe944f09984743883980bb18e6c0b02bf96fe37093e8e0f7,"{""basis"":""x"",""d"":11,""noise_model"":""uniform_circuit_level"",""p"":0.007,""rounds"":11}",
      2048,        46,         0,   0.278,pymatching,c7b75972613e5b900fdfb489425f813afbcfe23ec899a41234d8dae02222d8e5,"{""basis"":""x"",""d"":9,""noise_model"":""uniform_circuit_level"",""p"":0.006,""rounds"":9}",
      3072,        30,         0,   0.319,pymatching,6e6bec8ca339b8550e6f2eba9f8a33ef4ef47ba7ef939b79d75c0e5e31b0bbac,"{""basis"":""x"",""d"":9,""noise_model"":""uniform_circuit_level"",""p"":0.005,""rounds"":9}",
      2048,         1,         0,   0.049,pymatching,b08a90a8414aa481066f6c8ac46091933c365f96cae099b0d1c7d0e396ad549b,"{""basis"":""x"",""d"":7,""noise_model"":""uniform_circuit_level"",""p"":0.002,""rounds"":7}",
       273,         0,         0,   0.027,pymatching,ca470c04f47291fdaf50f630e0b7e3f20ce47c7459de027d1a7f5d8a910df65c,"{""basis"":""x"",""d"":9,""noise_model"":""uniform_circuit_level"",""p"":0.002,""rounds"":9}",
      5120,        20,         0,   0.362,pymatching,91cad48bbd330408f2ba5dbc3d4cdac8471bb9d85fde1ae6c47cc13e5d637eb7,"{""basis"":""x"",""d"":9,""noise_model"":""uniform_circuit_level"",""p"":0.004,""rounds"":9}",
      4096,         3,         0,   0.050,pymatching,b08a90a8414aa481066f6c8ac46091933c365f96cae099b0d1c7d0e396ad549b,"{""basis"":""x"",""d"":7,""noise_model"":""uniform_circuit_level"",""p"":0.002,""rounds"":7}",
      1024,         0,         0,   0.039,pymatching,ca470c04f47291fdaf50f630e0b7e3f20ce47c7459de027d1a7f5d8a910df65c,"{""basis"":""x"",""d"":9,""noise_model"":""uniform_circuit_level"",""p"":0.002,""rounds"":9}",
      2048,        16,         0,   0.229,pymatching,f3a091660a611f168dd4a4bd065f91cd837106abdaefcac2d7cb8a869adb4d79,"{""basis"":""x"",""d"":11,""noise_model"":""uniform_circuit_level"",""p"":0.005,""rounds"":11}",
      1024,         0,         0,   0.020,pymatching,ca470c04f47291fdaf50f630e0b7e3f20ce47c7459de027d1a7f5d8a910df65c,"{""basis"":""x"",""d"":9,""noise_model"":""uniform_circuit_level"",""p"":0.002,""rounds"":9}",
        17,         0,         0,   0.010,pymatching,d6061c9a594b6110f0d2d218d441ba6e898e4b528bde72e8fb66bfdffdda4374,"{""basis"":""x"",""d"":11,""noise_model"":""uniform_circuit_level"",""p"":0.002,""rounds"":11}",
      4096,         1,         0,   0.054,pymatching,b08a90a8414aa481066f6c8ac46091933c365f96cae099b0d1c7d0e396ad549b,"{""basis"":""x"",""d"":7,""noise_model"":""uniform_circuit_level"",""p"":0.002,""rounds"":7}",
     11264,       267,         0,   0.794,pymatching,c7b75972613e5b900fdfb489425f813afbcfe23ec899a41234d8dae02222d8e5,"{""basis"":""x"",""d"":9,""noise_model"":""uniform_circuit_level"",""p"":0.006,""rounds"":9}",
       256,         0,         0,   0.024,pymatching,d6061c9a594b6110f0d2d218d441ba6e898e4b528bde72e8fb66bfdffdda4374,"{""basis"":""x"",""d"":11,""noise_model"":""uniform_circuit_level"",""p"":0.002,""rounds"":11}",
      1024,         0,         0,   0.042,pymatching,ca470c04f47291fdaf50f630e0b7e3f20ce47c7459de027d1a7f5d8a910df65c,"{""basis"":""x"",""d"":9,""noise_model"":""uniform_circuit_level"",""p"":0.002,""rounds"":9}",
      7168,         2,         0,   0.414,pymatching,b6e3714279fa4d6e0b5096a25a7c87ca9bb12204811c2c9990504be90ed24c04,"{""basis"":""x"",""d"":11,""noise_model"":""uniform_circuit_level"",""p"":0.003,""rounds"":11}",
     14336,       105,         0,   0.824,pymatching,6e6bec8ca339b8550e6f2eba9f8a33ef4ef47ba7ef939b79d75c0e5e31b0bbac,"{""basis"":""x"",""d"":9,""noise_model"":""uniform_circuit_level"",""p"":0.005,""rounds"":9}",
      9216,        17,         0,   0.796,pymatching,feb98696aa4ad3a23e46527256fbbb6784603de330dd724864ce9f7de766b036,"{""basis"":""x"",""d"":11,""noise_model"":""uniform_circuit_level"",""p"":0.004,""rounds"":11}",
      2048,         0,         0,   0.046,pymatching,ca470c04f47291fdaf50f630e0b7e3f20ce47c7459de027d1a7f5d8a910df65c,"{""basis"":""x"",""d"":9,""noise_model"":""uniform_circuit_level"",""p"":0.002,""rounds"":9}",
      1024,        21,         0,   0.206,pymatching,45816d18bb74d46b4443e25c255fe762e8f1de8891efbc6154ee1effa997a4e2,"{""basis"":""x"",""d"":11,""noise_model"":""uniform_circuit_level"",""p"":0.006,""rounds"":11}",
      1024,         0,         0,   0.057,pymatching,d6061c9a594b6110f0d2d218d441ba6e898e4b528bde72e8fb66bfdffdda4374,"{""basis"":""x"",""d"":11,""noise_model"":""uniform_circuit_level"",""p"":0.002,""rounds"":11}",
     14336,         2,         0,   0.823,pymatching,b6e3714279fa4d6e0b5096a25a7c87ca9bb12204811c2c9990504be90ed24c04,"{""basis"":""x"",""d"":11,""noise_model"":""uniform_circuit_level"",""p"":0.003,""rounds"":11}",
      1024,        51,         0,   0.324,pymatching,27239e2e2b17d04ffe944f09984743883980bb18e6c0b02bf96fe37093e8e0f7,"{""basis"":""x"",""d"":11,""noise_model"":""uniform_circuit_level"",""p"":0.007,""rounds"":11}",
      6144,         2,         0,   0.077,pymatching,b08a90a8414aa481066f6c8ac46091933c365f96cae099b0d1c7d0e396ad549b,"{""basis"":""x"",""d"":7,""noise_model"":""uniform_circuit_level"",""p"":0.002,""rounds"":7}",
      1024,        82,         0,   0.239,pymatching,a670e09bc59b67483313750c8c4f1ff5ca7e63b0b623f7eb8de7e43fa4daa790,"{""basis"":""x"",""d"":11,""noise_model"":""uniform_circuit_level"",""p"":0.008,""rounds"":11}",
      2048,        33,         0,   0.208,pymatching,c7b75972613e5b900fdfb489425f813afbcfe23ec899a41234d8dae02222d8e5,"{""basis"":""x"",""d"":9,""noise_model"":""uniform_circuit_level"",""p"":0.006,""rounds"":9}",
      1024,        78,         0,   0.385,pymatching,a670e09bc59b67483313750c8c4f1ff5ca7e63b0b623f7eb8de7e43fa4daa790,"{""basis"":""x"",""d"":11,""noise_model"":""uniform_circuit_level"",""p"":0.008,""rounds"":11}",
      1024,         0,         0,   0.045,pymatching,d6061c9a594b6110f0d2d218d441ba6e898e4b528bde72e8fb66bfdffdda4374,"{""basis"":""x"",""d"":11,""noise_model"":""uniform_circuit_level"",""p"":0.002,""rounds"":11}",
      2048,         0,         0,   0.058,pymatching,ca470c04f47291fdaf50f630e0b7e3f20ce47c7459de027d1a7f5d8a910df65c,"{""basis"":""x"",""d"":9,""noise_model"":""uniform_circuit_level"",""p"":0.002,""rounds"":9}",
      2048,        50,         0,   0.144,pymatching,c7b75972613e5b900fdfb489425f813afbcfe23ec899a41234d8dae02222d8e5,"{""basis"":""x"",""d"":9,""noise_model"":""uniform_circuit_level"",""p"":0.006,""rounds"":9}",
      1024,         0,         0,   0.053,pymatching,d6061c9a594b6110f0d2d218d441ba6e898e4b528bde72e8fb66bfdffdda4374,"{""basis"":""x"",""d"":11,""noise_model"":""uniform_circuit_level"",""p"":0.002,""rounds"":11}",
     10240,         0,         0,   0.566,pymatching,d6061c9a594b6110f0d2d218d441ba6e898e4b528bde72e8fb66bfdffdda4374,"{""basis"":""x"",""d"":11,""noise_model"":""uniform_circuit_level"",""p"":0.002,""rounds"":11}",
      4096,         6,         0,   0.302,pymatching,feb98696aa4ad3a23e46527256fbbb6784603de330dd724864ce9f7de766b036,"{""basis"":""x"",""d"":11,""noise_model"":""uniform_circuit_level"",""p"":0.004,""rounds"":11}",
     10240,         4,         0,   0.110,pymatching,b08a90a8414aa481066f6c8ac46091933c365f96cae099b0d1c7d0e396ad549b,"{""basis"":""x"",""d"":7,""noise_model"":""uniform_circuit_level"",""p"":0.002,""rounds"":7}",
      1024,        23,         0,   0.106,pymatching,c7b75972613e5b900fdfb489425f813afbcfe23ec899a41234d8dae02222d8e5,"{""basis"":""x"",""d"":9,""noise_model"":""uniform_circuit_level"",""p"":0.006,""rounds"":9}",
      4096,         0,         0,   0.094,pymatching,ca470c04f47291fdaf50f630e0b7e3f20ce47c7459de027d1a7f5d8a910df65c,"{""basis"":""x"",""d"":9,""noise_model"":""uniform_circuit_level"",""p"":0.002,""rounds"":9}",
      4096,        40,         0,   0.322,pymatching,6e6bec8ca339b8550e6f2eba9f8a33ef4ef47ba7ef939b79d75c0e5e31b0bbac,"{""basis"":""x"",""d"":9,""noise_model"":""uniform_circuit_level"",""p"":0.005,""rounds"":9}",
      2048,         0,         0,   0.073,pymatching,d6061c9a594b6110f0d2d218d441ba6e898e4b528bde72e8fb66bfdffdda4374,"{""basis"":""x"",""d"":11,""noise_model"":""uniform_circuit_level"",""p"":0.002,""rounds"":11}",
      3072,        25,         0,   0.308,pymatching,f3a091660a611f168dd4a4bd065f91cd837106abdaefcac2d7cb8a869adb4d79,"{""basis"":""x"",""d"":11,""noise_model"":""uniform_circuit_level"",""p"":0.005,""rounds"":11}",
      1024,        19,         0,   0.208,pymatching,45816d18bb74d46b4443e25c255fe762e8f1de8891efbc6154ee1effa997a4e2,"{""basis"":""x"",""d"":11,""noise_model"":""uniform_circuit_level"",""p"":0.006,""rounds"":11}",
     86016,        32,         0,   0.787,pymatching,b08a90a8414aa481066f6c8ac46091933c365f96cae099b0d1c7d0e396ad549b,"{""basis"":""x"",""d"":7,""noise_model"":""uniform_circuit_level"",""p"":0.002,""rounds"":7}",
      6144,       102,         0,   0.903,pymatching,45816d18bb74d46b4443e25c255fe762e8f1de8891efbc6154ee1effa997a4e2,"{""basis"":""x"",""d"":11,""noise_model"":""uniform_circuit_level"",""p"":0.006,""rounds"":11}",
      1024,        45,         0,   0.240,pymatching,27239e2e2b17d04ffe944f09984743883980bb18e6c0b02bf96fe37093e8e0f7,"{""basis"":""x"",""d"":11,""noise_model"":""uniform_circuit_level"",""p"":0.007,""rounds"":11}",
      2048,         0,         0,   0.081,pymatching,d6061c9a594b6110f0d2d218d441ba6e898e4b528bde72e8fb66bfdffdda4374,"{""basis"":""x"",""d"":11,""noise_model"":""uniform_circuit_level"",""p"":0.002,""rounds"":11}",
      5120,         0,         0,   0.111,pymatching,ca470c04f47291fdaf50f630e0b7e3f20ce47c7459de027d1a7f5d8a910df65c,"{""basis"":""x"",""d"":9,""noise_model"":""uniform_circuit_level"",""p"":0.002,""rounds"":9}",
     13312,         6,         0,   0.154,pymatching,b08a90a8414aa481066f6c8ac46091933c365f96cae099b0d1c7d0e396ad549b,"{""basis"":""x"",""d"":7,""noise_model"":""uniform_circuit_level"",""p"":0.002,""rounds"":7}",
      1297,         2,         0,   0.019,pymatching,f7e3de3b06e5aadce656c492ff4ba2d0b132644351eb98adfb57780e8f8a1c1e,"{""basis"":""x"",""d"":7,""noise_model"":""uniform_circuit_level"",""p"":0.003,""rounds"":7}",
     13312,         6,         0,   0.574,pymatching,5d84e63ae58ac8f38a4f71635acf8331f914499fac7161a0b5e56811dcddd0a1,"{""basis"":""x"",""d"":9,""noise_model"":""uniform_circuit_level"",""p"":0.003,""rounds"":9}",
      8192,        20,         0,   0.449,pymatching,91cad48bbd330408f2ba5dbc3d4cdac8471bb9d85fde1ae6c47cc13e5d637eb7,"{""basis"":""x"",""d"":9,""noise_model"":""uniform_circuit_level"",""p"":0.004,""rounds"":9}",
      1024,        76,         0,   0.276,pymatching,a670e09bc59b67483313750c8c4f1ff5ca7e63b0b623f7eb8de7e43fa4daa790,"{""basis"":""x"",""d"":11,""noise_model"":""uniform_circuit_level"",""p"":0.008,""rounds"":11}",
      1024,         2,         0,   0.023,pymatching,f7e3de3b06e5aadce656c492ff4ba2d0b132644351eb98adfb57780e8f8a1c1e,"{""basis"":""x"",""d"":7,""noise_model"":""uniform_circuit_level"",""p"":0.003,""rounds"":7}",
       273,         0,         0,   0.013,pymatching,5d84e63ae58ac8f38a4f71635acf8331f914499fac7161a0b5e56811dcddd0a1,"{""basis"":""x"",""d"":9,""noise_model"":""uniform_circuit_level"",""p"":0.003,""rounds"":9}",
      2048,         3,         0,   0.039,pymatching,f7e3de3b06e5aadce656c492ff4ba2d0b132644351eb98adfb57780e8f8a1c1e,"{""basis"":""x"",""d"":7,""noise_model"":""uniform_circuit_level"",""p"":0.003,""rounds"":7}",
      3072,         0,         0,   0.107,pymatching,d6061c9a594b6110f0d2d218d441ba6e898e4b528bde72e8fb66bfdffdda4374,"{""basis"":""x"",""d"":11,""noise_model"":""uniform_circuit_level"",""p"":0.002,""rounds"":11}",
      2048,         6,         0,   0.028,pymatching,f7e3de3b06e5aadce656c492ff4ba2d0b132644351eb98adfb57780e8f8a1c1e,"{""basis"":""x"",""d"":7,""noise_model"":""uniform_circuit_level"",""p"":0.003,""rounds"":7}",
      1024,         1,         0,   0.040,pymatching,5d84e63ae58ac8f38a4f71635acf8331f914499fac7161a0b5e56811dcddd0a1,"{""basis"":""x"",""d"":9,""noise_model"":""uniform_circuit_level"",""p"":0.003,""rounds"":9}",
      1024,        24,         0,   0.191,pymatching,45816d18bb74d46b4443e25c255fe762e8f1de8891efbc6154ee1effa997a4e2,"{""basis"":""x"",""d"":11,""noise_model"":""uniform_circuit_level"",""p"":0.006,""rounds"":11}",
      2048,         4,         0,   0.040,pymatching,f7e3de3b06e5aadce656c492ff4ba2d0b132644351eb98adfb57780e8f8a1c1e,"{""basis"":""x"",""d"":7,""noise_model"":""uniform_circuit_level"",""p"":0.003,""rounds"":7}",
      8192,         2,         0,   0.164,pymatching,ca470c04f47291fdaf50f630e0b7e3f20ce47c7459de027d1a7f5d8a910df65c,"{""basis"":""x"",""d"":9,""noise_model"":""uniform_circuit_level"",""p"":0.002,""rounds"":9}",
      1024,         1,         0,   0.055,pymatching,5d84e63ae58ac8f38a4f71635acf8331f914499fac7161a0b5e56811dcddd0a1,"{""basis"":""x"",""d"":9,""noise_model"":""uniform_circuit_level"",""p"":0.003,""rounds"":9}",
      3072,         5,         0,   0.064,pymatching,f7e3de3b06e5aadce656c492ff4ba2d0b132644351eb98adfb57780e8f8a1c1e,"{""basis"":""x"",""d"":7,""noise_model"":""uniform_circuit_level"",""p"":0.003,""rounds"":7}",
      1024,         0,         0,   0.044,pymatching,5d84e63ae58ac8f38a4f71635acf8331f914499fac7161a0b5e56811dcddd0a1,"{""basis"":""x"",""d"":9,""noise_model"":""uniform_circuit_level"",""p"":0.003,""rounds"":9}",
      1024,        34,         0,   0.247,pymatching,27239e2e2b17d04ffe944f09984743883980bb18e6c0b02bf96fe37093e8e0f7,"{""basis"":""x"",""d"":11,""noise_model"":""uniform_circuit_level"",""p"":0.007,""rounds"":11}",
    122880,        32,         0,    1.10,pymatching,b08a90a8414aa481066f6c8ac46091933c365f96cae099b0d1c7d0e396ad549b,"{""basis"":""x"",""d"":7,""noise_model"":""uniform_circuit_level"",""p"":0.002,""rounds"":7}",
     17408,         6,         0,   0.223,pymatching,b08a90a8414aa481066f6c8ac46091933c365f96cae099b0d1c7d0e396ad549b,"{""basis"":""x"",""d"":7,""noise_model"":""uniform_circuit_level"",""p"":0.002,""rounds"":7}",
         1,         0,         0,   0.023,pymatching,91cad48bbd330408f2ba5dbc3d4cdac8471bb9d85fde1ae6c47cc13e5d637eb7,"{""basis"":""x"",""d"":9,""noise_model"":""uniform_circuit_level"",""p"":0.004,""rounds"":9}",
      1024,         0,         0,   0.052,pymatching,5d84e63ae58ac8f38a4f71635acf8331f914499fac7161a0b5e56811dcddd0a1,"{""basis"":""x"",""d"":9,""noise_model"":""uniform_circuit_level"",""p"":0.003,""rounds"":9}",
       272,         0,         0,   0.014,pymatching,91cad48bbd330408f2ba5dbc3d4cdac8471bb9d85fde1ae6c47cc13e5d637eb7,"{""basis"":""x"",""d"":9,""noise_model"":""uniform_circuit_level"",""p"":0.004,""rounds"":9}",
      5120,         0,         0,   0.178,pymatching,d6061c9a594b6110f0d2d218d441ba6e898e4b528bde72e8fb66bfdffdda4374,"{""basis"":""x"",""d"":11,""noise_model"":""uniform_circuit_level"",""p"":0.002,""rounds"":11}",
      7168,        49,         0,   0.822,pymatching,f3a091660a611f168dd4a4bd065f91cd837106abdaefcac2d7cb8a869adb4d79,"{""basis"":""x"",""d"":11,""noise_model"":""uniform_circuit_level"",""p"":0.005,""rounds"":11}",
      4096,         9,         0,   0.073,pymatching,f7e3de3b06e5aadce656c492ff4ba2d0b132644351eb98adfb57780e8f8a1c1e,"{""basis"":""x"",""d"":7,""noise_model"":""uniform_circuit_level"",""p"":0.003,""rounds"":7}",
     82944,       139,         0,    1.11,pymatching,f7e3de3b06e5aadce656c492ff4ba2d0b132644351eb98adfb57780e8f8a1c1e,"{""basis"":""x"",""d"":7,""noise_model"":""uniform_circuit_level"",""p"":0.003,""rounds"":7}",
     11264,         1,         0,   0.605,pymatching,b6e3714279fa4d6e0b5096a25a7c87ca9bb12204811c2c9990504be90ed24c04,"{""basis"":""x"",""d"":11,""noise_model"":""uniform_circuit_level"",""p"":0.003,""rounds"":11}",
      6144,         5,         0,   0.470,pymatching,feb98696aa4ad3a23e46527256fbbb6784603de330dd724864ce9f7de766b036,"{""basis"":""x"",""d"":11,""noise_model"":""uniform_circuit_level"",""p"":0.004,""rounds"":11}",
      6144,        52,         0,   0.441,pymatching,6e6bec8ca339b8550e6f2eba9f8a33ef4ef47ba7ef939b79d75c0e5e31b0bbac,"{""basis"":""x"",""d"":9,""noise_model"":""uniform_circuit_level"",""p"":0.005,""rounds"":9}",
      1024,         2,         0,   0.055,pymatching,5d84e63ae58ac8f38a4f71635acf8331f914499fac7161a0b5e56811dcddd0a1,"{""basis"":""x"",""d"":9,""noise_model"":""uniform_circuit_level"",""p"":0.003,""rounds"":9}",
      1024,         2,         0,   0.058,pymatching,91cad48bbd330408f2ba5dbc3d4cdac8471bb9d85fde1ae6c47cc13e5d637eb7,"{""basis"":""x"",""d"":9,""noise_model"":""uniform_circuit_level"",""p"":0.004,""rounds"":9}",
     66560,       118,         0,   0.787,pymatching,f7e3de3b06e5aadce656c492ff4ba2d0b132644351eb98adfb57780e8f8a1c1e,"{""basis"":""x"",""d"":7,""noise_model"":""uniform_circuit_level"",""p"":0.003,""rounds"":7}",
      1024,        17,         0,   0.205,pymatching,45816d18bb74d46b4443e25c255fe762e8f1de8891efbc6154ee1effa997a4e2,"{""basis"":""x"",""d"":11,""noise_model"":""uniform_circuit_level"",""p"":0.006,""rounds"":11}",
         1,         0,         0,   0.010,pymatching,b6e3714279fa4d6e0b5096a25a7c87ca9bb12204811c2c9990504be90ed24c04,"{""basis"":""x"",""d"":11,""noise_model"":""uniform_circuit_level"",""p"":0.003,""rounds"":11}",
     43008,         2,         0,   0.804,pymatching,ca470c04f47291fdaf50f630e0b7e3f20ce47c7459de027d1a7f5d8a910df65c,"{""basis"":""x"",""d"":9,""noise_model"":""uniform_circuit_level"",""p"":0.002,""rounds"":9}",
      4096,        23,         0,   0.423,pymatching,f3a091660a611f168dd4a4bd065f91cd837106abdaefcac2d7cb8a869adb4d79,"{""basis"":""x"",""d"":11,""noise_model"":""uniform_circuit_level"",""p"":0.005,""rounds"":11}",
     60416,         6,         0,    1.11,pymatching,ca470c04f47291fdaf50f630e0b7e3f20ce47c7459de027d1a7f5d8a910df65c,"{""basis"":""x"",""d"":9,""noise_model"":""uniform_circuit_level"",""p"":0.002,""rounds"":9}",
     11264,         0,         0,   0.211,pymatching,ca470c04f47291fdaf50f630e0b7e3f20ce47c7459de027d1a7f5d8a910df65c,"{""basis"":""x"",""d"":9,""noise_model"":""uniform_circuit_level"",""p"":0.002,""rounds"":9}",
       272,         0,         0,   0.039,pymatching,b6e3714279fa4d6e0b5096a25a7c87ca9bb12204811c2c9990504be90ed24c04,"{""basis"":""x"",""d"":11,""noise_model"":""uniform_circuit_level"",""p"":0.003,""rounds"":11}",
     39936,        31,         0,    1.11,pymatching,5d84e63ae58ac8f38a4f71635acf8331f914499fac7161a0b5e56811dcddd0a1,"{""basis"":""x"",""d"":9,""noise_model"":""uniform_circuit_level"",""p"":0.003,""rounds"":9}",
      1024,         1,         0,   0.065,pymatching,91cad48bbd330408f2ba5dbc3d4cdac8471bb9d85fde1ae6c47cc13e5d637eb7,"{""basis"":""x"",""d"":9,""noise_model"":""uniform_circuit_level"",""p"":0.004,""rounds"":9}",
      2048,         1,         0,   0.080,pymatching,5d84e63ae58ac8f38a4f71635acf8331f914499fac7161a0b5e56811dcddd0a1,"{""basis"":""x"",""d"":9,""noise_model"":""uniform_circuit_level"",""p"":0.003,""rounds"":9}",
      6144,         8,         0,   0.124,pymatching,f7e3de3b06e5aadce656c492ff4ba2d0b132644351eb98adfb57780e8f8a1c1e,"{""basis"":""x"",""d"":7,""noise_model"":""uniform_circuit_level"",""p"":0.003,""rounds"":7}",
      5120,       196,         0,   0.890,pymatching,27239e2e2b17d04ffe944f09984743883980bb18e6c0b02bf96fe37093e8e0f7,"{""basis"":""x"",""d"":11,""noise_model"":""uniform_circuit_level"",""p"":0.007,""rounds"":11}",
      1024,         0,         0,   0.065,pymatching,b6e3714279fa4d6e0b5096a25a7c87ca9bb12204811c2c9990504be90ed24c04,"{""basis"":""x"",""d"":11,""noise_model"":""uniform_circuit_level"",""p"":0.003,""rounds"":11}",
      1024,         3,         0,   0.059,pymatching,91cad48bbd330408f2ba5dbc3d4cdac8471bb9d85fde1ae6c47cc13e5d637eb7,"{""basis"":""x"",""d"":9,""noise_model"":""uniform_circuit_level"",""p"":0.004,""rounds"":9}",
      1024,        48,         0,   0.262,pymatching,27239e2e2b17d04ffe944f09984743883980bb18e6c0b02bf96fe37093e8e0f7,"{""basis"":""x"",""d"":11,""noise_model"":""uniform_circuit_level"",""p"":0.007,""rounds"":11}",
      6144,         0,         0,   0.213,pymatching,d6061c9a594b6110f0d2d218d441ba6e898e4b528bde72e8fb66bfdffdda4374,"{""basis"":""x"",""d"":11,""noise_model"":""uniform_circuit_level"",""p"":0.002,""rounds"":11}",
      3072,         3,         0,   0.110,pymatching,5d84e63ae58ac8f38a4f71635acf8331f914499fac7161a0b5e56811dcddd0a1,"{""basis"":""x"",""d"":9,""noise_model"":""uniform_circuit_level"",""p"":0.003,""rounds"":9}",
      1024,         0,         0,   0.090,pymatching,b6e3714279fa4d6e0b5096a25a7c87ca9bb12204811c2c9990504be90ed24c04,"{""basis"":""x"",""d"":11,""noise_model"":""uniform_circuit_level"",""p"":0.003,""rounds"":11}",
     23552,         8,         0,   0.294,pymatching,b08a90a8414aa481066f6c8ac46091933c365f96cae099b0d1c7d0e396ad549b,"{""basis"":""x"",""d"":7,""noise_model"":""uniform_circuit_level"",""p"":0.002,""rounds"":7}",
      2048,         6,         0,   0.103,pymatching,91cad48bbd330408f2ba5dbc3d4cdac8471bb9d85fde1ae6c47cc13e5d637eb7,"{""basis"":""x"",""d"":9,""noise_model"":""uniform_circuit_level"",""p"":0.004,""rounds"":9}",
      9216,        12,         0,   0.155,pymatching,f7e3de3b06e5aadce656c492ff4ba2d0b132644351eb98adfb57780e8f8a1c1e,"{""basis"":""x"",""d"":7,""noise_model"":""uniform_circuit_level"",""p"":0.003,""rounds"":7}",
      1024,        48,         0,   0.174,pymatching,27239e2e2b17d04ffe944f09984743883980bb18e6c0b02bf96fe37093e8e0f7,"{""basis"":""x"",""d"":11,""noise_model"":""uniform_circuit_level"",""p"":0.007,""rounds"":11}",
     30720,         0,         0,    1.14,pymatching,d6061c9a594b6110f0d2d218d441ba6e898e4b528bde72e8fb66bfdffdda4374,"{""basis"":""x"",""d"":11,""noise_model"":""uniform_circuit_level"",""p"":0.002,""rounds"":11}",
      1024,         0,         0,   0.087,pymatching,b6e3714279fa4d6e0b5096a25a7c87ca9bb12204811c2c9990504be90ed24c04,"{""basis"":""x"",""d"":11,""noise_model"":""uniform_circuit_level"",""p"":0.003,""rounds"":11}",
     26624,        80,         0,    1.15,pymatching,91cad48bbd330408f2ba5dbc3d4cdac8471bb9d85fde1ae6c47cc13e5d637eb7,"{""basis"":""x"",""d"":9,""noise_model"":""uniform_circuit_level"",""p"":0.004,""rounds"":9}",
     16384,         1,         0,   0.809,pymatching,d6061c9a594b6110f0d2d218d441ba6e898e4b528bde72e8fb66bfdffdda4374,"{""basis"":""x"",""d"":11,""noise_model"":""uniform_circuit_level"",""p"":0.002,""rounds"":11}",
     11264,        34,         0,   0.615,pymatching,91cad48bbd330408f2ba5dbc3d4cdac8471bb9d85fde1ae6c47cc13e5d637eb7,"{""basis"":""x"",""d"":9,""noise_model"":""uniform_circuit_level"",""p"":0.004,""rounds"":9}",
     15360,         1,         0,   0.298,pymatching,ca470c04f47291fdaf50f630e0b7e3f20ce47c7459de027d1a7f5d8a910df65c,"{""basis"":""x"",""d"":9,""noise_model"":""uniform_circuit_level"",""p"":0.002,""rounds"":9}",
      2048,         3,         0,   0.126,pymatching,91cad48bbd330408f2ba5dbc3d4cdac8471bb9d85fde1ae6c47cc13e5d637eb7,"{""basis"":""x"",""d"":9,""noise_model"":""uniform_circuit_level"",""p"":0.004,""rounds"":9}",
      4096,         1,         0,   0.174,pymatching,5d84e63ae58ac8f38a4f71635acf8331f914499fac7161a0b5e56811dcddd0a1,"{""basis"":""x"",""d"":9,""noise_model"":""uniform_circuit_level"",""p"":0.003,""rounds"":9}",
      1024,         0,         0,   0.089,pymatching,b6e3714279fa4d6e0b5096a25a7c87ca9bb12204811c2c9990504be90ed24c04,"{""basis"":""x"",""d"":11,""noise_model"":""uniform_circuit_level"",""p"":0.003,""rounds"":11}",
      2048,        47,         0,   0.378,pymatching,45816d18bb74d46b4443e25c255fe762e8f1de8891efbc6154ee1effa997a4e2,"{""basis"":""x"",""d"":11,""noise_model"":""uniform_circuit_level"",""p"":0.006,""rounds"":11}",
     11264,        25,         0,   0.211,pymatching,f7e3de3b06e5aadce656c492ff4ba2d0b132644351eb98adfb57780e8f8a1c1e,"{""basis"":""x"",""d"":7,""noise_model"":""uniform_circuit_level"",""p"":0.003,""rounds"":7}",
      8192,         0,         0,   0.302,pymatching,d6061c9a594b6110f0d2d218d441ba6e898e4b528bde72e8fb66bfdffdda4374,"{""basis"":""x"",""d"":11,""noise_model"":""uniform_circuit_level"",""p"":0.002,""rounds"":11}",
      2048,         5,         0,   0.122,pymatching,91cad48bbd330408f2ba5dbc3d4cdac8471bb9d85fde1ae6c47cc13e5d637eb7,"{""basis"":""x"",""d"":9,""noise_model"":""uniform_circuit_level"",""p"":0.004,""rounds"":9}",
         1,         0,         0,   0.019,pymatching,6e6bec8ca339b8550e6f2eba9f8a33ef4ef47ba7ef939b79d75c0e5e31b0bbac,"{""basis"":""x"",""d"":9,""noise_model"":""uniform_circuit_level"",""p"":0.005,""rounds"":9}",
       272,         3,         0,   0.015,pymatching,6e6bec8ca339b8550e6f2eba9f8a33ef4ef47ba7ef939b79d75c0e5e31b0bbac,"{""basis"":""x"",""d"":9,""noise_model"":""uniform_circuit_level"",""p"":0.005,""rounds"":9}",
      2048,         1,         0,   0.145,pymatching,b6e3714279fa4d6e0b5096a25a7c87ca9bb12204811c2c9990504be90ed24c04,"{""basis"":""x"",""d"":11,""noise_model"":""uniform_circuit_level"",""p"":0.003,""rounds"":11}",
     20480,       181,         0,    1.15,pymatching,6e6bec8ca339b8550e6f2eba9f8a33ef4ef47ba7ef939b79d75c0e5e31b0bbac,"{""basis"":""x"",""d"":9,""noise_model"":""uniform_circuit_level"",""p"":0.005,""rounds"":9}",
     19456,        10,         0,   0.832,pymatching,5d84e63ae58ac8f38a4f71635acf8331f914499fac7161a0b5e56811dcddd0a1,"{""basis"":""x"",""d"":9,""noise_model"":""uniform_circuit_level"",""p"":0.003,""rounds"":9}",
     20480,         6,         0,    1.12,pymatching,b6e3714279fa4d6e0b5096a25a7c87ca9bb12204811c2c9990504be90ed24c04,"{""basis"":""x"",""d"":11,""noise_model"":""uniform_circuit_level"",""p"":0.003,""rounds"":11}",
     15360,        24,         0,    1.18,pymatching,feb98696aa4ad3a23e46527256fbbb6784603de330dd724864ce9f7de766b036,"{""basis"":""x"",""d"":11,""noise_model"":""uniform_circuit_level"",""p"":0.004,""rounds"":11}",
      8192,        13,         0,   0.593,pymatching,feb98696aa4ad3a23e46527256fbbb6784603de330dd724864ce9f7de766b036,"{""basis"":""x"",""d"":11,""noise_model"":""uniform_circuit_level"",""p"":0.004,""rounds"":11}",
      5120,         4,         0,   0.225,pymatching,5d84e63ae58ac8f38a4f71635acf8331f914499fac7161a0b5e56811dcddd0a1,"{""basis"":""x"",""d"":9,""noise_model"":""uniform_circuit_level"",""p"":0.003,""rounds"":9}",
      1024,         8,         0,   0.088,pymatching,6e6bec8ca339b8550e6f2eba9f8a33ef4ef47ba7ef939b79d75c0e5e31b0bbac,"{""basis"":""x"",""d"":9,""noise_model"":""uniform_circuit_level"",""p"":0.005,""rounds"":9}",
      8192,        65,         0,   0.622,pymatching,6e6bec8ca339b8550e6f2eba9f8a33ef4ef47ba7ef939b79d75c0e5e31b0bbac,"{""basis"":""x"",""d"":9,""noise_model"":""uniform_circuit_level"",""p"":0.005,""rounds"":9}",
     44032,        15,         0,   0.404,pymatching,b08a90a8414aa481066f6c8ac46091933c365f96cae099b0d1c7d0e396ad549b,"{""basis"":""x"",""d"":7,""noise_model"":""uniform_circuit_level"",""p"":0.002,""rounds"":7}",
         1,         0,         0,   0.018,pymatching,feb98696aa4ad3a23e46527256fbbb6784603de330dd724864ce9f7de766b036,"{""basis"":""x"",""d"":11,""noise_model"":""uniform_circuit_level"",""p"":0.004,""rounds"":11}",
      6144,        39,         0,   0.610,pymatching,f3a091660a611f168dd4a4bd065f91cd837106abdaefcac2d7cb8a869adb4d79,"{""basis"":""x"",""d"":11,""noise_model"":""uniform_circuit_level"",""p"":0.005,""rounds"":11}",
       272,         1,         0,   0.021,pymatching,feb98696aa4ad3a23e46527256fbbb6784603de330dd724864ce9f7de766b036,"{""basis"":""x"",""d"":11,""noise_model"":""uniform_circuit_level"",""p"":0.004,""rounds"":11}",
      3072,         9,         0,   0.185,pymatching,91cad48bbd330408f2ba5dbc3d4cdac8471bb9d85fde1ae6c47cc13e5d637eb7,"{""basis"":""x"",""d"":9,""noise_model"":""uniform_circuit_level"",""p"":0.004,""rounds"":9}",
      1024,         6,         0,   0.062,pymatching,6e6bec8ca339b8550e6f2eba9f8a33ef4ef47ba7ef939b79d75c0e5e31b0bbac,"{""basis"":""x"",""d"":9,""noise_model"":""uniform_circuit_level"",""p"":0.005,""rounds"":9}",
      2048,         0,         0,   0.184,pymatching,b6e3714279fa4d6e0b5096a25a7c87ca9bb12204811c2c9990504be90ed24c04,"{""basis"":""x"",""d"":11,""noise_model"":""uniform_circuit_level"",""p"":0.003,""rounds"":11}",
    120832,        34,         0,    1.10,pymatching,b08a90a8414aa481066f6c8ac46091933c365f96cae099b0d1c7d0e396ad549b,"{""basis"":""x"",""d"":7,""noise_model"":""uniform_circuit_level"",""p"":0.002,""rounds"":7}",
     16384,        22,         0,   0.294,pymatching,f7e3de3b06e5aadce656c492ff4ba2d0b132644351eb98adfb57780e8f8a1c1e,"{""basis"":""x"",""d"":7,""noise_model"":""uniform_circuit_level"",""p"":0.003,""rounds"":7}",
      1024,        11,         0,   0.081,pymatching,6e6bec8ca339b8550e6f2eba9f8a33ef4ef47ba7ef939b79d75c0e5e31b0bbac,"{""basis"":""x"",""d"":9,""noise_model"":""uniform_circuit_level"",""p"":0.005,""rounds"":9}",
     20480,         2,         0,   0.424,pymatching,ca470c04f47291fdaf50f630e0b7e3f20ce47c7459de027d1a7f5d8a910df65c,"{""basis"":""x"",""d"":9,""noise_model"":""uniform_circuit_level"",""p"":0.002,""rounds"":9}",
      1024,         1,         0,   0.126,pymatching,feb98696aa4ad3a23e46527256fbbb6784603de330dd724864ce9f7de766b036,"{""basis"":""x"",""d"":11,""noise_model"":""uniform_circuit_level"",""p"":0.004,""rounds"":11}",
      2048,        44,         0,   0.403,pymatching,45816d18bb74d46b4443e25c255fe762e8f1de8891efbc6154ee1effa997a4e2,"{""basis"":""x"",""d"":11,""noise_model"":""uniform_circuit_level"",""p"":0.006,""rounds"":11}",
     15360,         4,         0,   0.807,pymatching,b6e3714279fa4d6e0b5096a25a7c87ca9bb12204811c2c9990504be90ed24c04,"{""basis"":""x"",""d"":11,""noise_model"":""uniform_circuit_level"",""p"":0.003,""rounds"":11}",
      1024,        13,         0,   0.078,pymatching,6e6bec8ca339b8550e6f2eba9f8a33ef4ef47ba7ef939b79d75c0e5e31b0bbac,"{""basis"":""x"",""d"":9,""noise_model"":""uniform_circuit_level"",""p"":0.005,""rounds"":9}",
      8192,       163,         0,    1.22,pymatching,45816d18bb74d46b4443e25c255fe762e8f1de8891efbc6154ee1effa997a4e2,"{""basis"":""x"",""d"":11,""noise_model"":""uniform_circuit_level"",""p"":0.006,""rounds"":11}",
      2048,         0,         0,   0.157,pymatching,b6e3714279fa4d6e0b5096a25a7c87ca9bb12204811c2c9990504be90ed24c04,"{""basis"":""x"",""d"":11,""noise_model"":""uniform_circuit_level"",""p"":0.003,""rounds"":11}",
      1024,         9,         0,   0.115,pymatching,feb98696aa4ad3a23e46527256fbbb6784603de330dd724864ce9f7de766b036,"{""basis"":""x"",""d"":11,""noise_model"":""uniform_circuit_level"",""p"":0.004,""rounds"":11}",
     10240,         0,         0,   0.421,pymatching,d6061c9a594b6110f0d2d218d441ba6e898e4b528bde72e8fb66bfdffdda4374,"{""basis"":""x"",""d"":11,""noise_model"":""uniform_circuit_level"",""p"":0.002,""rounds"":11}",
      7168,         3,         0,   0.309,pymatching,5d84e63ae58ac8f38a4f71635acf8331f914499fac7161a0b5e56811dcddd0a1,"{""basis"":""x"",""d"":9,""noise_model"":""uniform_circuit_level"",""p"":0.003,""rounds"":9}",
      4096,        12,         0,   0.246,pymatching,91cad48bbd330408f2ba5dbc3d4cdac8471bb9d85fde1ae6c47cc13e5d637eb7,"{""basis"":""x"",""d"":9,""noise_model"":""uniform_circuit_level"",""p"":0.004,""rounds"":9}",
      1024,         8,         0,   0.105,pymatching,6e6bec8ca339b8550e6f2eba9f8a33ef4ef47ba7ef939b79d75c0e5e31b0bbac,"{""basis"":""x"",""d"":9,""noise_model"":""uniform_circuit_level"",""p"":0.005,""rounds"":9}",
      1024,         1,         0,   0.140,pymatching,feb98696aa4ad3a23e46527256fbbb6784603de330dd724864ce9f7de766b036,"{""basis"":""x"",""d"":11,""noise_model"":""uniform_circuit_level"",""p"":0.004,""rounds"":11}",
      2048,         9,         0,   0.157,pymatching,6e6bec8ca339b8550e6f2eba9f8a33ef4ef47ba7ef939b79d75c0e5e31b0bbac,"{""basis"":""x"",""d"":9,""noise_model"":""uniform_circuit_level"",""p"":0.005,""rounds"":9}",
     94208,       149,         0,    1.10,pymatching,f7e3de3b06e5aadce656c492ff4ba2d0b132644351eb98adfb57780e8f8a1c1e,"{""basis"":""x"",""d"":7,""noise_model"":""uniform_circuit_level"",""p"":0.003,""rounds"":7}",
      3072,         3,         0,   0.254,pymatching,b6e3714279fa4d6e0b5096a25a7c87ca9bb12204811c2c9990504be90ed24c04,"{""basis"":""x"",""d"":11,""noise_model"":""uniform_circuit_level"",""p"":0.003,""rounds"":11}",
     11264,        58,         0,    1.17,pymatching,f3a091660a611f168dd4a4bd065f91cd837106abdaefcac2d7cb8a869adb4d79,"{""basis"":""x"",""d"":11,""noise_model"":""uniform_circuit_level"",""p"":0.005,""rounds"":11}",
     83968,       156,         0,    1.14,pymatching,f7e3de3b06e5aadce656c492ff4ba2d0b132644351eb98adfb57780e8f8a1c1e,"{""basis"":""x"",""d"":7,""noise_model"":""uniform_circuit_level"",""p"":0.003,""rounds"":7}",
      1024,         2,         0,   0.012,pymatching,f7e3de3b06e5aadce656c492ff4ba2d0b132644351eb98adfb57780e8f8a1c1e,"{""basis"":""x"",""d"":7,""noise_model"":""uniform_circuit_level"",""p"":0.003,""rounds"":7}",
     18432,        31,         0,   0.378,pymatching,f7e3de3b06e5aadce656c492ff4ba2d0b132644351eb98adfb57780e8f8a1c1e,"{""basis"":""x"",""d"":7,""noise_model"":""uniform_circuit_level"",""p"":0.003,""rounds"":7}",
      1024,         1,         0,   0.117,pymatching,feb98696aa4ad3a23e46527256fbbb6784603de330dd724864ce9f7de766b036,"{""basis"":""x"",""d"":11,""noise_model"":""uniform_circuit_level"",""p"":0.004,""rounds"":11}",
     60416,         6,         0,    1.11,pymatching,ca470c04f47291fdaf50f630e0b7e3f20ce47c7459de027d1a7f5d8a910df65c,"{""basis"":""x"",""d"":9,""noise_model"":""uniform_circuit_level"",""p"":0.002,""rounds"":9}",
     14336,        43,         0,   0.824,pymatching,91cad48bbd330408f2ba5dbc3d4cdac8471bb9d85fde1ae6c47cc13e5d637eb7,"{""basis"":""x"",""d"":9,""noise_model"":""uniform_circuit_level"",""p"":0.004,""rounds"":9}",
     70656,        14,         0,   0.565,pymatching,b08a90a8414aa481066f6c8ac46091933c365f96cae099b0d1c7d0e396ad549b,"{""basis"":""x"",""d"":7,""noise_model"":""uniform_circuit_level"",""p"":0.002,""rounds"":7}",
      2048,        51,         0,   0.434,pymatching,45816d18bb74d46b4443e25c255fe762e8f1de8891efbc6154ee1effa997a4e2,"{""basis"":""x"",""d"":11,""noise_model"":""uniform_circuit_level"",""p"":0.006,""rounds"":11}",
      7168,        17,         0,   0.328,pymatching,91cad48bbd330408f2ba5dbc3d4cdac8471bb9d85fde1ae6c47cc13e5d637eb7,"{""basis"":""x"",""d"":9,""noise_model"":""uniform_circuit_level"",""p"":0.004,""rounds"":9}",
      2048,        17,         0,   0.189,pymatching,6e6bec8ca339b8550e6f2eba9f8a33ef4ef47ba7ef939b79d75c0e5e31b0bbac,"{""basis"":""x"",""d"":9,""noise_model"":""uniform_circuit_level"",""p"":0.005,""rounds"":9}",
      1024,         2,         0,   0.153,pymatching,feb98696aa4ad3a23e46527256fbbb6784603de330dd724864ce9f7de766b036,"{""basis"":""x"",""d"":11,""noise_model"":""uniform_circuit_level"",""p"":0.004,""rounds"":11}",
     10240,         7,         0,   0.419,pymatching,5d84e63ae58ac8f38a4f71635acf8331f914499fac7161a0b5e56811dcddd0a1,"{""basis"":""x"",""d"":9,""noise_model"":""uniform_circuit_level"",""p"":0.003,""rounds"":9}",
     27648,         1,         0,   0.579,pymatching,ca470c04f47291fdaf50f630e0b7e3f20ce47c7459de027d1a7f5d8a910df65c,"{""basis"":""x"",""d"":9,""noise_model"":""uniform_circuit_level"",""p"":0.002,""rounds"":9}",
      1024,         2,         0,   0.129,pymatching,feb98696aa4ad3a23e46527256fbbb6784603de330dd724864ce9f7de766b036,"{""basis"":""x"",""d"":11,""noise_model"":""uniform_circuit_level"",""p"":0.004,""rounds"":11}",
     11264,        20,         0,   0.854,pymatching,feb98696aa4ad3a23e46527256fbbb6784603de330dd724864ce9f7de766b036,"{""basis"":""x"",""d"":11,""noise_model"":""uniform_circuit_level"",""p"":0.004,""rounds"":11}",
      7168,        46,         0,   0.805,pymatching,f3a091660a611f168dd4a4bd065f91cd837106abdaefcac2d7cb8a869adb4d79,"{""basis"":""x"",""d"":11,""noise_model"":""uniform_circuit_level"",""p"":0.005,""rounds"":11}",
     21504,         0,         0,    1.12,pymatching,d6061c9a594b6110f0d2d218d441ba6e898e4b528bde72e8fb66bfdffdda4374,"{""basis"":""x"",""d"":11,""noise_model"":""uniform_circuit_level"",""p"":0.002,""rounds"":11}",
     15360,         1,         0,   0.566,pymatching,d6061c9a594b6110f0d2d218d441ba6e898e4b528bde72e8fb66bfdffdda4374,"{""basis"":""x"",""d"":11,""noise_model"":""uniform_circuit_level"",""p"":0.002,""rounds"":11}",
      4096,         1,         0,   0.336,pymatching,b6e3714279fa4d6e0b5096a25a7c87ca9bb12204811c2c9990504be90ed24c04,"{""basis"":""x"",""d"":11,""noise_model"":""uniform_circuit_level"",""p"":0.003,""rounds"":11}",
     10240,        89,         0,   0.850,pymatching,6e6bec8ca339b8550e6f2eba9f8a33ef4ef47ba7ef939b79d75c0e5e31b0bbac,"{""basis"":""x"",""d"":9,""noise_model"":""uniform_circuit_level"",""p"":0.005,""rounds"":9}",
    165888,        60,         0,    1.54,pymatching,b08a90a8414aa481066f6c8ac46091933c365f96cae099b0d1c7d0e396ad549b,"{""basis"":""x"",""d"":7,""noise_model"":""uniform_circuit_level"",""p"":0.002,""rounds"":7}",
        17,         0,         0,   0.012,pymatching,45816d18bb74d46b4443e25c255fe762e8f1de8891efbc6154ee1effa997a4e2,"{""basis"":""x"",""d"":11,""noise_model"":""uniform_circuit_level"",""p"":0.006,""rounds"":11}",
        17,         0,         0,   0.012,pymatching,45816d18bb74d46b4443e25c255fe762e8f1de8891efbc6154ee1effa997a4e2,"{""basis"":""x"",""d"":11,""noise_model"":""uniform_circuit_level"",""p"":0.006,""rounds"":11}",
       256,         6,         0,   0.035,pymatching,45816d18bb74d46b4443e25c255fe762e8f1de8891efbc6154ee1effa997a4e2,"{""basis"":""x"",""d"":11,""noise_model"":""uniform_circuit_level"",""p"":0.006,""rounds"":11}",
     16384,       149,         0,   0.987,pymatching,6e6bec8ca339b8550e6f2eba9f8a33ef4ef47ba7ef939b79d75c0e5e31b0bbac,"{""basis"":""x"",""d"":9,""noise_model"":""uniform_circuit_level"",""p"":0.005,""rounds"":9}",
         1,         0,         0,   0.034,pymatching,f3a091660a611f168dd4a4bd065f91cd837106abdaefcac2d7cb8a869adb4d79,"{""basis"":""x"",""d"":11,""noise_model"":""uniform_circuit_level"",""p"":0.005,""rounds"":11}",
      3072,        24,         0,   0.251,pymatching,6e6bec8ca339b8550e6f2eba9f8a33ef4ef47ba7ef939b79d75c0e5e31b0bbac,"{""basis"":""x"",""d"":9,""noise_model"":""uniform_circuit_level"",""p"":0.005,""rounds"":9}",
       256,         2,         0,   0.057,pymatching,45816d18bb74d46b4443e25c255fe762e8f1de8891efbc6154ee1effa997a4e2,"{""basis"":""x"",""d"":11,""noise_model"":""uniform_circuit_level"",""p"":0.006,""rounds"":11}",
      1024,         9,         0,   0.091,pymatching,6e6bec8ca339b8550e6f2eba9f8a33ef4ef47ba7ef939b79d75c0e5e31b0bbac,"{""basis"":""x"",""d"":9,""noise_model"":""uniform_circuit_level"",""p"":0.005,""rounds"":9}",
       272,         1,         0,   0.028,pymatching,f3a091660a611f168dd4a4bd065f91cd837106abdaefcac2d7cb8a869adb4d79,"{""basis"":""x"",""d"":11,""noise_model"":""uniform_circuit_level"",""p"":0.005,""rounds"":11}",
     84992,         8,         0,    1.54,pymatching,ca470c04f47291fdaf50f630e0b7e3f20ce47c7459de027d1a7f5d8a910df65c,"{""basis"":""x"",""d"":9,""noise_model"":""uniform_circuit_level"",""p"":0.002,""rounds"":9}",
      2048,         2,         0,   0.193,pymatching,feb98696aa4ad3a23e46527256fbbb6784603de330dd724864ce9f7de766b036,"{""basis"":""x"",""d"":11,""noise_model"":""uniform_circuit_level"",""p"":0.004,""rounds"":11}",
     55296,        35,         0,    1.56,pymatching,5d84e63ae58ac8f38a4f71635acf8331f914499fac7161a0b5e56811dcddd0a1,"{""basis"":""x"",""d"":9,""noise_model"":""uniform_circuit_level"",""p"":0.003,""rounds"":9}",
      1024,        25,         0,   0.133,pymatching,45816d18bb74d46b4443e25c255fe762e8f1de8891efbc6154ee1effa997a4e2,"{""basis"":""x"",""d"":11,""noise_model"":""uniform_circuit_level"",""p"":0.006,""rounds"":11}",
     10240,        30,         0,   0.413,pymatching,91cad48bbd330408f2ba5dbc3d4cdac8471bb9d85fde1ae6c47cc13e5d637eb7,"{""basis"":""x"",""d"":9,""noise_model"":""uniform_circuit_level"",""p"":0.004,""rounds"":9}",
     26624,        15,         0,    1.15,pymatching,5d84e63ae58ac8f38a4f71635acf8331f914499fac7161a0b5e56811dcddd0a1,"{""basis"":""x"",""d"":9,""noise_model"":""uniform_circuit_level"",""p"":0.003,""rounds"":9}",
      1024,        14,         0,   0.141,pymatching,45816d18bb74d46b4443e25c255fe762e8f1de8891efbc6154ee1effa997a4e2,"{""basis"":""x"",""d"":11,""noise_model"":""uniform_circuit_level"",""p"":0.006,""rounds"":11}",
      1024,         5,         0,   0.131,pymatching,f3a091660a611f168dd4a4bd065f91cd837106abdaefcac2d7cb8a869adb4d79,"{""basis"":""x"",""d"":11,""noise_model"":""uniform_circuit_level"",""p"":0.005,""rounds"":11}",
      1297,         1,         0,   0.032,pymatching,b08a90a8414aa481066f6c8ac46091933c365f96cae099b0d1c7d0e396ad549b,"{""basis"":""x"",""d"":7,""noise_model"":""uniform_circuit_level"",""p"":0.002,""rounds"":7}",
      2048,         0,         0,   0.017,pymatching,b08a90a8414aa481066f6c8ac46091933c365f96cae099b0d1c7d0e396ad549b,"{""basis"":""x"",""d"":7,""noise_model"":""uniform_circuit_level"",""p"":0.002,""rounds"":7}",
       273,         0,         0,   0.010,pymatching,ca470c04f47291fdaf50f630e0b7e3f20ce47c7459de027d1a7f5d8a910df65c,"{""basis"":""x"",""d"":9,""noise_model"":""uniform_circuit_level"",""p"":0.002,""rounds"":9}",
      2048,         2,         0,   0.030,pymatching,b08a90a8414aa481066f6c8ac46091933c365f96cae099b0d1c7d0e396ad549b,"{""basis"":""x"",""d"":7,""noise_model"":""uniform_circuit_level"",""p"":0.002,""rounds"":7}",
      4096,        71,         0,   0.569,pymatching,45816d18bb74d46b4443e25c255fe762e8f1de8891efbc6154ee1effa997a4e2,"{""basis"":""x"",""d"":11,""noise_model"":""uniform_circuit_level"",""p"":0.006,""rounds"":11}",
      1024,        19,         0,   0.142,pymatching,45816d18bb74d46b4443e25c255fe762e8f1de8891efbc6154ee1effa997a4e2,"{""basis"":""x"",""d"":11,""noise_model"":""uniform_circuit_level"",""p"":0.006,""rounds"":11}",
      1024,         0,         0,   0.040,pymatching,ca470c04f47291fdaf50f630e0b7e3f20ce47c7459de027d1a7f5d8a910df65c,"{""basis"":""x"",""d"":9,""noise_model"":""uniform_circuit_level"",""p"":0.002,""rounds"":9}",
         1,         0,         0,   0.010,pymatching,d6061c9a594b6110f0d2d218d441ba6e898e4b528bde72e8fb66bfdffdda4374,"{""basis"":""x"",""d"":11,""noise_model"":""uniform_circuit_level"",""p"":0.002,""rounds"":11}",
      1024,         0,         0,   0.019,pymatching,ca470c04f47291fdaf50f630e0b7e3f20ce47c7459de027d1a7f5d8a910df65c,"{""basis"":""x"",""d"":9,""noise_model"":""uniform_circuit_level"",""p"":0.002,""rounds"":9}",
      3072,         0,         0,   0.049,pymatching,b08a90a8414aa481066f6c8ac46091933c365f96cae099b0d1c7d0e396ad549b,"{""basis"":""x"",""d"":7,""noise_model"":""uniform_circuit_level"",""p"":0.002,""rounds"":7}",
      1024,        18,         0,   0.137,pymatching,45816d18bb74d46b4443e25c255fe762e8f1de8891efbc6154ee1effa997a4e2,"{""basis"":""x"",""d"":11,""noise_model"":""uniform_circuit_level"",""p"":0.006,""rounds"":11}",
      1024,         0,         0,   0.143,pymatching,f3a091660a611f168dd4a4bd065f91cd837106abdaefcac2d7cb8a869adb4d79,"{""basis"":""x"",""d"":11,""noise_model"":""uniform_circuit_level"",""p"":0.005,""rounds"":11}",
      3072,         7,         0,   0.233,pymatching,feb98696aa4ad3a23e46527256fbbb6784603de330dd724864ce9f7de766b036,"{""basis"":""x"",""d"":11,""noise_model"":""uniform_circuit_level"",""p"":0.004,""rounds"":11}",
      2048,         0,         0,   0.040,pymatching,ca470c04f47291fdaf50f630e0b7e3f20ce47c7459de027d1a7f5d8a910df65c,"{""basis"":""x"",""d"":9,""noise_model"":""uniform_circuit_level"",""p"":0.002,""rounds"":9}",
     40960,         2,         0,    1.56,pymatching,d6061c9a594b6110f0d2d218d441ba6e898e4b528bde72e8fb66bfdffdda4374,"{""basis"":""x"",""d"":11,""noise_model"":""uniform_circuit_level"",""p"":0.002,""rounds"":11}",
      1296,         0,         0,   0.045,pymatching,d6061c9a594b6110f0d2d218d441ba6e898e4b528bde72e8fb66bfdffdda4374,"{""basis"":""x"",""d"":11,""noise_model"":""uniform_circuit_level"",""p"":0.002,""rounds"":11}",
      5120,         1,         0,   0.046,pymatching,b08a90a8414aa481066f6c8ac46091933c365f96cae099b0d1c7d0e396ad549b,"{""basis"":""x"",""d"":7,""noise_model"":""uniform_circuit_level"",""p"":0.002,""rounds"":7}",
      5120,        93,         0,    1.02,pymatching,45816d18bb74d46b4443e25c255fe762e8f1de8891efbc6154ee1effa997a4e2,"{""basis"":""x"",""d"":11,""noise_model"":""uniform_circuit_level"",""p"":0.006,""rounds"":11}",
      1024,         0,         0,   0.037,pymatching,d6061c9a594b6110f0d2d218d441ba6e898e4b528bde72e8fb66bfdffdda4374,"{""basis"":""x"",""d"":11,""noise_model"":""uniform_circuit_level"",""p"":0.002,""rounds"":11}",
     14336,        11,         0,   0.585,pymatching,5d84e63ae58ac8f38a4f71635acf8331f914499fac7161a0b5e56811dcddd0a1,"{""basis"":""x"",""d"":9,""noise_model"":""uniform_circuit_level"",""p"":0.003,""rounds"":9}",
      3072,         0,         0,   0.054,pymatching,ca470c04f47291fdaf50f630e0b7e3f20ce47c7459de027d1a7f5d8a910df65c,"{""basis"":""x"",""d"":9,""noise_model"":""uniform_circuit_level"",""p"":0.002,""rounds"":9}",
     35840,       118,         0,    1.59,pymatching,91cad48bbd330408f2ba5dbc3d4cdac8471bb9d85fde1ae6c47cc13e5d637eb7,"{""basis"":""x"",""d"":9,""noise_model"":""uniform_circuit_level"",""p"":0.004,""rounds"":9}",
      6144,         4,         0,   0.459,pymatching,b6e3714279fa4d6e0b5096a25a7c87ca9bb12204811c2c9990504be90ed24c04,"{""basis"":""x"",""d"":11,""noise_model"":""uniform_circuit_level"",""p"":0.003,""rounds"":11}",
      6144,         2,         0,   0.061,pymatching,b08a90a8414aa481066f6c8ac46091933c365f96cae099b0d1c7d0e396ad549b,"{""basis"":""x"",""d"":7,""noise_model"":""uniform_circuit_level"",""p"":0.002,""rounds"":7}",
      1024,        17,         0,   0.146,pymatching,45816d18bb74d46b4443e25c255fe762e8f1de8891efbc6154ee1effa997a4e2,"{""basis"":""x"",""d"":11,""noise_model"":""uniform_circuit_level"",""p"":0.006,""rounds"":11}",
      1024,         0,         0,   0.043,pymatching,d6061c9a594b6110f0d2d218d441ba6e898e4b528bde72e8fb66bfdffdda4374,"{""basis"":""x"",""d"":11,""noise_model"":""uniform_circuit_level"",""p"":0.002,""rounds"":11}",
     21504,         6,         0,    1.16,pymatching,b6e3714279fa4d6e0b5096a25a7c87ca9bb12204811c2c9990504be90ed24c04,"{""basis"":""x"",""d"":11,""noise_model"":""uniform_circuit_level"",""p"":0.003,""rounds"":11}",
      3072,         0,         0,   0.058,pymatching,ca470c04f47291fdaf50f630e0b7e3f20ce47c7459de027d1a7f5d8a910df65c,"{""basis"":""x"",""d"":9,""noise_model"":""uniform_circuit_level"",""p"":0.002,""rounds"":9}",
      1024,         8,         0,   0.135,pymatching,f3a091660a611f168dd4a4bd065f91cd837106abdaefcac2d7cb8a869adb4d79,"{""basis"":""x"",""d"":11,""noise_model"":""uniform_circuit_level"",""p"":0.005,""rounds"":11}",
     93184,        31,         0,   0.783,pymatching,b08a90a8414aa481066f6c8ac46091933c365f96cae099b0d1c7d0e396ad549b,"{""basis"":""x"",""d"":7,""noise_model"":""uniform_circuit_level"",""p"":0.002,""rounds"":7}",
      2048,         0,         0,   0.072,pymatching,d6061c9a594b6110f0d2d218d441ba6e898e4b528bde72e8fb66bfdffdda4374,"{""basis"":""x"",""d"":11,""noise_model"":""uniform_circuit_level"",""p"":0.002,""rounds"":11}",
      7168,         2,         0,   0.079,pymatching,b08a90a8414aa481066f6c8ac46091933c365f96cae099b0d1c7d0e396ad549b,"{""basis"":""x"",""d"":7,""noise_model"":""uniform_circuit_level"",""p"":0.002,""rounds"":7}",
      5120,         0,         0,   0.088,pymatching,ca470c04f47291fdaf50f630e0b7e3f20ce47c7459de027d1a7f5d8a910df65c,"{""basis"":""x"",""d"":9,""noise_model"":""uniform_circuit_level"",""p"":0.002,""rounds"":9}",
      2048,         0,         0,   0.071,pymatching,d6061c9a594b6110f0d2d218d441ba6e898e4b528bde72e8fb66bfdffdda4374,"{""basis"":""x"",""d"":11,""noise_model"":""uniform_circuit_level"",""p"":0.002,""rounds"":11}",
       273,         2,         0,   0.016,pymatching,91cad48bbd330408f2ba5dbc3d4cdac8471bb9d85fde1ae6c47cc13e5d637eb7,"{""basis"":""x"",""d"":9,""noise_model"":""uniform_circuit_level"",""p"":0.004,""rounds"":9}",
     19456,        35,         0,    1.56,pymatching,feb98696aa4ad3a23e46527256fbbb6784603de330dd724864ce9f7de766b036,"{""basis"":""x"",""d"":11,""noise_model"":""uniform_circuit_level"",""p"":0.004,""rounds"":11}",
      9216,         3,         0,   0.105,pymatching,b08a90a8414aa481066f6c8ac46091933c365f96cae099b0d1c7d0e396ad549b,"{""basis"":""x"",""d"":7,""noise_model"":""uniform_circuit_level"",""p"":0.002,""rounds"":7}",
      1024,         6,         0,   0.155,pymatching,f3a091660a611f168dd4a4bd065f91cd837106abdaefcac2d7cb8a869adb4d79,"{""basis"":""x"",""d"":11,""noise_model"":""uniform_circuit_level"",""p"":0.005,""rounds"":11}",
     28672,         3,         0,    1.60,pymatching,b6e3714279fa4d6e0b5096a25a7c87ca9bb12204811c2c9990504be90ed24c04,"{""basis"":""x"",""d"":11,""noise_model"":""uniform_circuit_level"",""p"":0.003,""rounds"":11}",
       273,         1,         0,   0.016,pymatching,5d84e63ae58ac8f38a4f71635acf8331f914499fac7161a0b5e56811dcddd0a1,"{""basis"":""x"",""d"":9,""noise_model"":""uniform_circuit_level"",""p"":0.003,""rounds"":9}",
      1024,         5,         0,   0.039,pymatching,91cad48bbd330408f2ba5dbc3d4cdac8471bb9d85fde1ae6c47cc13e5d637eb7,"{""basis"":""x"",""d"":9,""noise_model"":""uniform_circuit_level"",""p"":0.004,""rounds"":9}",
     40960,         5,         0,   0.801,pymatching,ca470c04f47291fdaf50f630e0b7e3f20ce47c7459de027d1a7f5d8a910df65c,"{""basis"":""x"",""d"":9,""noise_model"":""uniform_circuit_level"",""p"":0.002,""rounds"":9}",
      6144,         0,         0,   0.113,pymatching,ca470c04f47291fdaf50f630e0b7e3f20ce47c7459de027d1a7f5d8a910df65c,"{""basis"":""x"",""d"":9,""noise_model"":""uniform_circuit_level"",""p"":0.002,""rounds"":9}",
      4096,         3,         0,   0.323,pymatching,feb98696aa4ad3a23e46527256fbbb6784603de330dd724864ce9f7de766b036,"{""basis"":""x"",""d"":11,""noise_model"":""uniform_circuit_level"",""p"":0.004,""rounds"":11}",
      1024,         2,         0,   0.037,pymatching,5d84e63ae58ac8f38a4f71635acf8331f914499fac7161a0b5e56811dcddd0a1,"{""basis"":""x"",""d"":9,""noise_model"":""uniform_circuit_level"",""p"":0.003,""rounds"":9}",
      3072,         0,         0,   0.105,pymatching,d6061c9a594b6110f0d2d218d441ba6e898e4b528bde72e8fb66bfdffdda4374,"{""basis"":""x"",""d"":11,""noise_model"":""uniform_circuit_level"",""p"":0.002,""rounds"":11}",
      1024,         3,         0,   0.038,pymatching,91cad48bbd330408f2ba5dbc3d4cdac8471bb9d85fde1ae6c47cc13e5d637eb7,"{""basis"":""x"",""d"":9,""noise_model"":""uniform_circuit_level"",""p"":0.004,""rounds"":9}",
      1024,         2,         0,   0.032,pymatching,5d84e63ae58ac8f38a4f71635acf8331f914499fac7161a0b5e56811dcddd0a1,"{""basis"":""x"",""d"":9,""noise_model"":""uniform_circuit_level"",""p"":0.003,""rounds"":9}",
         1,         0,         0,   0.013,pymatching,b6e3714279fa4d6e0b5096a25a7c87ca9bb12204811c2c9990504be90ed24c04,"{""basis"":""x"",""d"":11,""noise_model"":""uniform_circuit_level"",""p"":0.003,""rounds"":11}",
         1,         0,         0,   0.012,pymatching,feb98696aa4ad3a23e46527256fbbb6784603de330dd724864ce9f7de766b036,"{""basis"":""x"",""d"":11,""noise_model"":""uniform_circuit_level"",""p"":0.004,""rounds"":11}",
      1024,         3,         0,   0.042,pymatching,91cad48bbd330408f2ba5dbc3d4cdac8471bb9d85fde1ae6c47cc13e5d637eb7,"{""basis"":""x"",""d"":9,""noise_model"":""uniform_circuit_level"",""p"":0.004,""rounds"":9}",
       272,         1,         0,   0.021,pymatching,b6e3714279fa4d6e0b5096a25a7c87ca9bb12204811c2c9990504be90ed24c04,"{""basis"":""x"",""d"":11,""noise_model"":""uniform_circuit_level"",""p"":0.003,""rounds"":11}",
      1024,        11,         0,   0.128,pymatching,f3a091660a611f168dd4a4bd065f91cd837106abdaefcac2d7cb8a869adb4d79,"{""basis"":""x"",""d"":11,""noise_model"":""uniform_circuit_level"",""p"":0.005,""rounds"":11}",
     15360,        44,         0,   0.601,pymatching,91cad48bbd330408f2ba5dbc3d4cdac8471bb9d85fde1ae6c47cc13e5d637eb7,"{""basis"":""x"",""d"":9,""noise_model"":""uniform_circuit_level"",""p"":0.004,""rounds"":9}",
      1024,         0,         0,   0.049,pymatching,5d84e63ae58ac8f38a4f71635acf8331f914499fac7161a0b5e56811dcddd0a1,"{""basis"":""x"",""d"":9,""noise_model"":""uniform_circuit_level"",""p"":0.003,""rounds"":9}",
     22528,         2,         0,   0.814,pymatching,d6061c9a594b6110f0d2d218d441ba6e898e4b528bde72e8fb66bfdffdda4374,"{""basis"":""x"",""d"":11,""noise_model"":""uniform_circuit_level"",""p"":0.002,""rounds"":11}",
       272,         0,         0,   0.038,pymatching,feb98696aa4ad3a23e46527256fbbb6784603de330dd724864ce9f7de766b036,"{""basis"":""x"",""d"":11,""noise_model"":""uniform_circuit_level"",""p"":0.004,""rounds"":11}",
      1024,         0,         0,   0.040,pymatching,91cad48bbd330408f2ba5dbc3d4cdac8471bb9d85fde1ae6c47cc13e5d637eb7,"{""basis"":""x"",""d"":9,""noise_model"":""uniform_circuit_level"",""p"":0.004,""rounds"":9}",
     14336,         5,         0,   0.153,pymatching,b08a90a8414aa481066f6c8ac46091933c365f96cae099b0d1c7d0e396ad549b,"{""basis"":""x"",""d"":7,""noise_model"":""uniform_circuit_level"",""p"":0.002,""rounds"":7}",
     22528,        71,         0,    1.14,pymatching,91cad48bbd330408f2ba5dbc3d4cdac8471bb9d85fde1ae6c47cc13e5d637eb7,"{""basis"":""x"",""d"":9,""noise_model"":""uniform_circuit_level"",""p"":0.004,""rounds"":9}",
      1024,         0,         0,   0.039,pymatching,5d84e63ae58ac8f38a4f71635acf8331f914499fac7161a0b5e56811dcddd0a1,"{""basis"":""x"",""d"":9,""noise_model"":""uniform_circuit_level"",""p"":0.003,""rounds"":9}",
      3072,         0,         0,   0.107,pymatching,d6061c9a594b6110f0d2d218d441ba6e898e4b528bde72e8fb66bfdffdda4374,"{""basis"":""x"",""d"":11,""noise_model"":""uniform_circuit_level"",""p"":0.002,""rounds"":11}",
    171008,        47,         0,    1.54,pymatching,b08a90a8414aa481066f6c8ac46091933c365f96cae099b0d1c7d0e396ad549b,"{""basis"":""x"",""d"":7,""noise_model"":""uniform_circuit_level"",""p"":0.002,""rounds"":7}",
      1024,         0,         0,   0.073,pymatching,b6e3714279fa4d6e0b5096a25a7c87ca9bb12204811c2c9990504be90ed24c04,"{""basis"":""x"",""d"":11,""noise_model"":""uniform_circuit_level"",""p"":0.003,""rounds"":11}",
      8192,         0,         0,   0.153,pymatching,ca470c04f47291fdaf50f630e0b7e3f20ce47c7459de027d1a7f5d8a910df65c,"{""basis"":""x"",""d"":9,""noise_model"":""uniform_circuit_level"",""p"":0.002,""rounds"":9}",
      2048,         2,         0,   0.082,pymatching,91cad48bbd330408f2ba5dbc3d4cdac8471bb9d85fde1ae6c47cc13e5d637eb7,"{""basis"":""x"",""d"":9,""noise_model"":""uniform_circuit_level"",""p"":0.004,""rounds"":9}",
      1024,         5,         0,   0.091,pymatching,feb98696aa4ad3a23e46527256fbbb6784603de330dd724864ce9f7de766b036,"{""basis"":""x"",""d"":11,""noise_model"":""uniform_circuit_level"",""p"":0.004,""rounds"":11}",
      2048,         1,         0,   0.059,pymatching,5d84e63ae58ac8f38a4f71635acf8331f914499fac7161a0b5e56811dcddd0a1,"{""basis"":""x"",""d"":9,""noise_model"":""uniform_circuit_level"",""p"":0.003,""rounds"":9}",
      1024,         0,         0,   0.077,pymatching,b6e3714279fa4d6e0b5096a25a7c87ca9bb12204811c2c9990504be90ed24c04,"{""basis"":""x"",""d"":11,""noise_model"":""uniform_circuit_level"",""p"":0.003,""rounds"":11}",
      1024,         4,         0,   0.155,pymatching,f3a091660a611f168dd4a4bd065f91cd837106abdaefcac2d7cb8a869adb4d79,"{""basis"":""x"",""d"":11,""noise_model"":""uniform_circuit_level"",""p"":0.005,""rounds"":11}",
      2048,        12,         0,   0.079,pymatching,91cad48bbd330408f2ba5dbc3d4cdac8471bb9d85fde1ae6c47cc13e5d637eb7,"{""basis"":""x"",""d"":9,""noise_model"":""uniform_circuit_level"",""p"":0.004,""rounds"":9}",
     15700,         5,         0,   0.145,pymatching,b08a90a8414aa481066f6c8ac46091933c365f96cae099b0d1c7d0e396ad549b,"{""basis"":""x"",""d"":7,""noise_model"":""uniform_circuit_level"",""p"":0.002,""rounds"":7}",
      1024,         1,         0,   0.091,pymatching,feb98696aa4ad3a23e46527256fbbb6784603de330dd724864ce9f7de766b036,"{""basis"":""x"",""d"":11,""noise_model"":""uniform_circuit_level"",""p"":0.004,""rounds"":11}",
    110592,        31,         0,   0.977,pymatching,b08a90a8414aa481066f6c8ac46091933c365f96cae099b0d1c7d0e396ad549b,"{""basis"":""x"",""d"":7,""noise_model"":""uniform_circuit_level"",""p"":0.002,""rounds"":7}",
      1024,         0,         0,   0.076,pymatching,b6e3714279fa4d6e0b5096a25a7c87ca9bb12204811c2c9990504be90ed24c04,"{""basis"":""x"",""d"":11,""noise_model"":""uniform_circuit_level"",""p"":0.003,""rounds"":11}",
      5120,         1,         0,   0.177,pymatching,d6061c9a594b6110f0d2d218d441ba6e898e4b528bde72e8fb66bfdffdda4374,"{""basis"":""x"",""d"":11,""noise_model"":""uniform_circuit_level"",""p"":0.002,""rounds"":11}",
      3072,         2,         0,   0.122,pymatching,5d84e63ae58ac8f38a4f71635acf8331f914499fac7161a0b5e56811dcddd0a1,"{""basis"":""x"",""d"":9,""noise_model"":""uniform_circuit_level"",""p"":0.003,""rounds"":9}",
     18432,         4,         0,   0.211,pymatching,b08a90a8414aa481066f6c8ac46091933c365f96cae099b0d1c7d0e396ad549b,"{""basis"":""x"",""d"":7,""noise_model"":""uniform_circuit_level"",""p"":0.002,""rounds"":7}",
      8192,         1,         0,   0.592,pymatching,b6e3714279fa4d6e0b5096a25a7c87ca9bb12204811c2c9990504be90ed24c04,"{""basis"":""x"",""d"":11,""noise_model"":""uniform_circuit_level"",""p"":0.003,""rounds"":11}",
     11264,         1,         0,   0.211,pymatching,ca470c04f47291fdaf50f630e0b7e3f20ce47c7459de027d1a7f5d8a910df65c,"{""basis"":""x"",""d"":9,""noise_model"":""uniform_circuit_level"",""p"":0.002,""rounds"":9}",
      1024,         0,         0,   0.077,pymatching,b6e3714279fa4d6e0b5096a25a7c87ca9bb12204811c2c9990504be90ed24c04,"{""basis"":""x"",""d"":11,""noise_model"":""uniform_circuit_level"",""p"":0.003,""rounds"":11}",
      3072,         5,         0,   0.122,pymatching,91cad48bbd330408f2ba5dbc3d4cdac8471bb9d85fde1ae6c47cc13e5d637eb7,"{""basis"":""x"",""d"":9,""noise_model"":""uniform_circuit_level"",""p"":0.004,""rounds"":9}",
      1024,         2,         0,   0.114,pymatching,feb98696aa4ad3a23e46527256fbbb6784603de330dd724864ce9f7de766b036,"{""basis"":""x"",""d"":11,""noise_model"":""uniform_circuit_level"",""p"":0.004,""rounds"":11}",
      5120,        10,         0,   0.409,pymatching,feb98696aa4ad3a23e46527256fbbb6784603de330dd724864ce9f7de766b036,"{""basis"":""x"",""d"":11,""noise_model"":""uniform_circuit_level"",""p"":0.004,""rounds"":11}",
      4096,         0,         0,   0.119,pymatching,5d84e63ae58ac8f38a4f71635acf8331f914499fac7161a0b5e56811dcddd0a1,"{""basis"":""x"",""d"":9,""noise_model"":""uniform_circuit_level"",""p"":0.003,""rounds"":9}",
     11264,        76,         0,    1.18,pymatching,f3a091660a611f168dd4a4bd065f91cd837106abdaefcac2d7cb8a869adb4d79,"{""basis"":""x"",""d"":11,""noise_model"":""uniform_circuit_level"",""p"":0.005,""rounds"":11}",
     15360,        25,         0,    1.19,pymatching,feb98696aa4ad3a23e46527256fbbb6784603de330dd724864ce9f7de766b036,"{""basis"":""x"",""d"":11,""noise_model"":""uniform_circuit_level"",""p"":0.004,""rounds"":11}",
      1024,         3,         0,   0.105,pymatching,feb98696aa4ad3a23e46527256fbbb6784603de330dd724864ce9f7de766b036,"{""basis"":""x"",""d"":11,""noise_model"":""uniform_circuit_level"",""p"":0.004,""rounds"":11}",
      2048,         0,         0,   0.131,pymatching,b6e3714279fa4d6e0b5096a25a7c87ca9bb12204811c2c9990504be90ed24c04,"{""basis"":""x"",""d"":11,""noise_model"":""uniform_circuit_level"",""p"":0.003,""rounds"":11}",
      6144,         0,         0,   0.212,pymatching,d6061c9a594b6110f0d2d218d441ba6e898e4b528bde72e8fb66bfdffdda4374,"{""basis"":""x"",""d"":11,""noise_model"":""uniform_circuit_level"",""p"":0.002,""rounds"":11}",
      2048,        11,         0,   0.283,pymatching,f3a091660a611f168dd4a4bd065f91cd837106abdaefcac2d7cb8a869adb4d79,"{""basis"":""x"",""d"":11,""noise_model"":""uniform_circuit_level"",""p"":0.005,""rounds"":11}",
     25600,        13,         0,   0.797,pymatching,5d84e63ae58ac8f38a4f71635acf8331f914499fac7161a0b5e56811dcddd0a1,"{""basis"":""x"",""d"":9,""noise_model"":""uniform_circuit_level"",""p"":0.003,""rounds"":9}",
     64512,         2,         0,    1.56,pymatching,ca470c04f47291fdaf50f630e0b7e3f20ce47c7459de027d1a7f5d8a910df65c,"{""basis"":""x"",""d"":9,""noise_model"":""uniform_circuit_level"",""p"":0.002,""rounds"":9}",
      4096,         7,         0,   0.175,pymatching,91cad48bbd330408f2ba5dbc3d4cdac8471bb9d85fde1ae6c47cc13e5d637eb7,"{""basis"":""x"",""d"":9,""noise_model"":""uniform_circuit_level"",""p"":0.004,""rounds"":9}",
      1024,         4,         0,   0.099,pymatching,feb98696aa4ad3a23e46527256fbbb6784603de330dd724864ce9f7de766b036,"{""basis"":""x"",""d"":11,""noise_model"":""uniform_circuit_level"",""p"":0.004,""rounds"":11}",
     15360,       106,         0,    1.64,pymatching,f3a091660a611f168dd4a4bd065f91cd837106abdaefcac2d7cb8a869adb4d79,"{""basis"":""x"",""d"":11,""noise_model"":""uniform_circuit_level"",""p"":0.005,""rounds"":11}",
      6144,         3,         0,   0.174,pymatching,5d84e63ae58ac8f38a4f71635acf8331f914499fac7161a0b5e56811dcddd0a1,"{""basis"":""x"",""d"":9,""noise_model"":""uniform_circuit_level"",""p"":0.003,""rounds"":9}",
     27648,         6,         0,   0.293,pymatching,b08a90a8414aa481066f6c8ac46091933c365f96cae099b0d1c7d0e396ad549b,"{""basis"":""x"",""d"":7,""noise_model"":""uniform_circuit_level"",""p"":0.002,""rounds"":7}",
     93524,        33,         0,   0.831,pymatching,b08a90a8414aa481066f6c8ac46091933c365f96cae099b0d1c7d0e396ad549b,"{""basis"":""x"",""d"":7,""noise_model"":""uniform_circuit_level"",""p"":0.002,""rounds"":7}",
      2048,         1,         0,   0.152,pymatching,b6e3714279fa4d6e0b5096a25a7c87ca9bb12204811c2c9990504be90ed24c04,"{""basis"":""x"",""d"":11,""noise_model"":""uniform_circuit_level"",""p"":0.003,""rounds"":11}",
     16384,         1,         0,   0.288,pymatching,ca470c04f47291fdaf50f630e0b7e3f20ce47c7459de027d1a7f5d8a910df65c,"{""basis"":""x"",""d"":9,""noise_model"":""uniform_circuit_level"",""p"":0.002,""rounds"":9}",
     32134,        16,         0,   0.366,pymatching,b08a90a8414aa481066f6c8ac46091933c365f96cae099b0d1c7d0e396ad549b,"{""basis"":""x"",""d"":7,""noise_model"":""uniform_circuit_level"",""p"":0.002,""rounds"":7}",
      5120,        13,         0,   0.216,pymatching,91cad48bbd330408f2ba5dbc3d4cdac8471bb9d85fde1ae6c47cc13e5d637eb7,"{""basis"":""x"",""d"":9,""noise_model"":""uniform_circuit_level"",""p"":0.004,""rounds"":9}",
     41573,        14,         0,   0.476,pymatching,b08a90a8414aa481066f6c8ac46091933c365f96cae099b0d1c7d0e396ad549b,"{""basis"":""x"",""d"":7,""noise_model"":""uniform_circuit_level"",""p"":0.002,""rounds"":7}",
      2048,         4,         0,   0.193,pymatching,feb98696aa4ad3a23e46527256fbbb6784603de330dd724864ce9f7de766b036,"{""basis"":""x"",""d"":11,""noise_model"":""uniform_circuit_level"",""p"":0.004,""rounds"":11}",
      8192,         0,         0,   0.291,pymatching,d6061c9a594b6110f0d2d218d441ba6e898e4b528bde72e8fb66bfdffdda4374,"{""basis"":""x"",""d"":11,""noise_model"":""uniform_circuit_level"",""p"":0.002,""rounds"":11}",
      2048,         7,         0,   0.291,pymatching,f3a091660a611f168dd4a4bd065f91cd837106abdaefcac2d7cb8a869adb4d79,"{""basis"":""x"",""d"":11,""noise_model"":""uniform_circuit_level"",""p"":0.005,""rounds"":11}",
     23147,         8,         0,   0.207,pymatching,b08a90a8414aa481066f6c8ac46091933c365f96cae099b0d1c7d0e396ad549b,"{""basis"":""x"",""d"":7,""noise_model"":""uniform_circuit_level"",""p"":0.002,""rounds"":7}",
      8192,         9,         0,   0.230,pymatching,5d84e63ae58ac8f38a4f71635acf8331f914499fac7161a0b5e56811dcddd0a1,"{""basis"":""x"",""d"":9,""noise_model"":""uniform_circuit_level"",""p"":0.003,""rounds"":9}",
      3072,         1,         0,   0.199,pymatching,b6e3714279fa4d6e0b5096a25a7c87ca9bb12204811c2c9990504be90ed24c04,"{""basis"":""x"",""d"":11,""noise_model"":""uniform_circuit_level"",""p"":0.003,""rounds"":11}",
     33792,         0,         0,    1.59,pymatching,d6061c9a594b6110f0d2d218d441ba6e898e4b528bde72e8fb66bfdffdda4374,"{""basis"":""x"",""d"":11,""noise_model"":""uniform_circuit_level"",""p"":0.002,""rounds"":11}",
     17360,         4,         0,   0.193,pymatching,b08a90a8414aa481066f6c8ac46091933c365f96cae099b0d1c7d0e396ad549b,"{""basis"":""x"",""d"":7,""noise_model"":""uniform_circuit_level"",""p"":0.002,""rounds"":7}",
     16384,         4,         0,   0.194,pymatching,b08a90a8414aa481066f6c8ac46091933c365f96cae099b0d1c7d0e396ad549b,"{""basis"":""x"",""d"":7,""noise_model"":""uniform_circuit_level"",""p"":0.002,""rounds"":7}",
     21504,        67,         0,   0.830,pymatching,91cad48bbd330408f2ba5dbc3d4cdac8471bb9d85fde1ae6c47cc13e5d637eb7,"{""basis"":""x"",""d"":9,""noise_model"":""uniform_circuit_level"",""p"":0.004,""rounds"":9}",
      4340,         2,         0,   0.047,pymatching,b08a90a8414aa481066f6c8ac46091933c365f96cae099b0d1c7d0e396ad549b,"{""basis"":""x"",""d"":7,""noise_model"":""uniform_circuit_level"",""p"":0.002,""rounds"":7}",
     13020,         6,         0,   0.142,pymatching,b08a90a8414aa481066f6c8ac46091933c365f96cae099b0d1c7d0e396ad549b,"{""basis"":""x"",""d"":7,""noise_model"":""uniform_circuit_level"",""p"":0.002,""rounds"":7}",
      9216,         1,         0,   0.092,pymatching,b08a90a8414aa481066f6c8ac46091933c365f96cae099b0d1c7d0e396ad549b,"{""basis"":""x"",""d"":7,""noise_model"":""uniform_circuit_level"",""p"":0.002,""rounds"":7}",
      5314,         1,         0,   0.066,pymatching,b08a90a8414aa481066f6c8ac46091933c365f96cae099b0d1c7d0e396ad549b,"{""basis"":""x"",""d"":7,""noise_model"":""uniform_circuit_level"",""p"":0.002,""rounds"":7}",
       951,         1,         0,   0.008,pymatching,b08a90a8414aa481066f6c8ac46091933c365f96cae099b0d1c7d0e396ad549b,"{""basis"":""x"",""d"":7,""noise_model"":""uniform_circuit_level"",""p"":0.002,""rounds"":7}",
       951,         0,         0,   0.008,pymatching,b08a90a8414aa481066f6c8ac46091933c365f96cae099b0d1c7d0e396ad549b,"{""basis"":""x"",""d"":7,""noise_model"":""uniform_circuit_level"",""p"":0.002,""rounds"":7}",
      2048,         4,         0,   0.209,pymatching,feb98696aa4ad3a23e46527256fbbb6784603de330dd724864ce9f7de766b036,"{""basis"":""x"",""d"":11,""noise_model"":""uniform_circuit_level"",""p"":0.004,""rounds"":11}",
       951,         0,         0,   0.008,pymatching,b08a90a8414aa481066f6c8ac46091933c365f96cae099b0d1c7d0e396ad549b,"{""basis"":""x"",""d"":7,""noise_model"":""uniform_circuit_level"",""p"":0.002,""rounds"":7}",
       238,         0,         0,   0.006,pymatching,b08a90a8414aa481066f6c8ac46091933c365f96cae099b0d1c7d0e396ad549b,"{""basis"":""x"",""d"":7,""noise_model"":""uniform_circuit_level"",""p"":0.002,""rounds"":7}",
       179,         0,         0,   0.002,pymatching,b08a90a8414aa481066f6c8ac46091933c365f96cae099b0d1c7d0e396ad549b,"{""basis"":""x"",""d"":7,""noise_model"":""uniform_circuit_level"",""p"":0.002,""rounds"":7}",
       179,         0,         0,   0.002,pymatching,b08a90a8414aa481066f6c8ac46091933c365f96cae099b0d1c7d0e396ad549b,"{""basis"":""x"",""d"":7,""noise_model"":""uniform_circuit_level"",""p"":0.002,""rounds"":7}",
       179,         0,         0,   0.002,pymatching,b08a90a8414aa481066f6c8ac46091933c365f96cae099b0d1c7d0e396ad549b,"{""basis"":""x"",""d"":7,""noise_model"":""uniform_circuit_level"",""p"":0.002,""rounds"":7}",
        44,         0,         0,   0.001,pymatching,b08a90a8414aa481066f6c8ac46091933c365f96cae099b0d1c7d0e396ad549b,"{""basis"":""x"",""d"":7,""noise_model"":""uniform_circuit_level"",""p"":0.002,""rounds"":7}",
        44,         0,         0,   0.001,pymatching,b08a90a8414aa481066f6c8ac46091933c365f96cae099b0d1c7d0e396ad549b,"{""basis"":""x"",""d"":7,""noise_model"":""uniform_circuit_level"",""p"":0.002,""rounds"":7}",
        44,         0,         0,   0.001,pymatching,b08a90a8414aa481066f6c8ac46091933c365f96cae099b0d1c7d0e396ad549b,"{""basis"":""x"",""d"":7,""noise_model"":""uniform_circuit_level"",""p"":0.002,""rounds"":7}",
        11,         0,         0,   0.000,pymatching,b08a90a8414aa481066f6c8ac46091933c365f96cae099b0d1c7d0e396ad549b,"{""basis"":""x"",""d"":7,""noise_model"":""uniform_circuit_level"",""p"":0.002,""rounds"":7}",
      8192,        12,         0,   0.626,pymatching,feb98696aa4ad3a23e46527256fbbb6784603de330dd724864ce9f7de766b036,"{""basis"":""x"",""d"":11,""noise_model"":""uniform_circuit_level"",""p"":0.004,""rounds"":11}",
        22,         0,         0,   0.000,pymatching,b08a90a8414aa481066f6c8ac46091933c365f96cae099b0d1c7d0e396ad549b,"{""basis"":""x"",""d"":7,""noise_model"":""uniform_circuit_level"",""p"":0.002,""rounds"":7}",
         4,         0,         0,   0.000,pymatching,b08a90a8414aa481066f6c8ac46091933c365f96cae099b0d1c7d0e396ad549b,"{""basis"":""x"",""d"":7,""noise_model"":""uniform_circuit_level"",""p"":0.002,""rounds"":7}",
     22528,         3,         0,   0.409,pymatching,ca470c04f47291fdaf50f630e0b7e3f20ce47c7459de027d1a7f5d8a910df65c,"{""basis"":""x"",""d"":9,""noise_model"":""uniform_circuit_level"",""p"":0.002,""rounds"":9}",
     41984,        40,         0,    1.57,pymatching,5d84e63ae58ac8f38a4f71635acf8331f914499fac7161a0b5e56811dcddd0a1,"{""basis"":""x"",""d"":9,""noise_model"":""uniform_circuit_level"",""p"":0.003,""rounds"":9}",
         3,         0,         0,   0.000,pymatching,b08a90a8414aa481066f6c8ac46091933c365f96cae099b0d1c7d0e396ad549b,"{""basis"":""x"",""d"":7,""noise_model"":""uniform_circuit_level"",""p"":0.002,""rounds"":7}",
         1,         0,         0,   0.000,pymatching,b08a90a8414aa481066f6c8ac46091933c365f96cae099b0d1c7d0e396ad549b,"{""basis"":""x"",""d"":7,""noise_model"":""uniform_circuit_level"",""p"":0.002,""rounds"":7}",
         1,         0,         0,   0.000,pymatching,b08a90a8414aa481066f6c8ac46091933c365f96cae099b0d1c7d0e396ad549b,"{""basis"":""x"",""d"":7,""noise_model"":""uniform_circuit_level"",""p"":0.002,""rounds"":7}",
     57344,         6,         0,    1.11,pymatching,ca470c04f47291fdaf50f630e0b7e3f20ce47c7459de027d1a7f5d8a910df65c,"{""basis"":""x"",""d"":9,""noise_model"":""uniform_circuit_level"",""p"":0.002,""rounds"":9}",
      7168,        18,         0,   0.319,pymatching,91cad48bbd330408f2ba5dbc3d4cdac8471bb9d85fde1ae6c47cc13e5d637eb7,"{""basis"":""x"",""d"":9,""noise_model"":""uniform_circuit_level"",""p"":0.004,""rounds"":9}",
         1,         0,         0,   0.000,pymatching,b08a90a8414aa481066f6c8ac46091933c365f96cae099b0d1c7d0e396ad549b,"{""basis"":""x"",""d"":7,""noise_model"":""uniform_circuit_level"",""p"":0.002,""rounds"":7}",
         1,         0,         0,   0.000,pymatching,b08a90a8414aa481066f6c8ac46091933c365f96cae099b0d1c7d0e396ad549b,"{""basis"":""x"",""d"":7,""noise_model"":""uniform_circuit_level"",""p"":0.002,""rounds"":7}",
      4096,         0,         0,   0.256,pymatching,b6e3714279fa4d6e0b5096a25a7c87ca9bb12204811c2c9990504be90ed24c04,"{""basis"":""x"",""d"":11,""noise_model"":""uniform_circuit_level"",""p"":0.003,""rounds"":11}",
     10240,         6,         0,   0.301,pymatching,5d84e63ae58ac8f38a4f71635acf8331f914499fac7161a0b5e56811dcddd0a1,"{""basis"":""x"",""d"":9,""noise_model"":""uniform_circuit_level"",""p"":0.003,""rounds"":9}",
     12288,         2,         0,   0.835,pymatching,b6e3714279fa4d6e0b5096a25a7c87ca9bb12204811c2c9990504be90ed24c04,"{""basis"":""x"",""d"":11,""noise_model"":""uniform_circuit_level"",""p"":0.003,""rounds"":11}",
     30720,         0,         0,    1.11,pymatching,d6061c9a594b6110f0d2d218d441ba6e898e4b528bde72e8fb66bfdffdda4374,"{""basis"":""x"",""d"":11,""noise_model"":""uniform_circuit_level"",""p"":0.002,""rounds"":11}",
     11264,         0,         0,   0.407,pymatching,d6061c9a594b6110f0d2d218d441ba6e898e4b528bde72e8fb66bfdffdda4374,"{""basis"":""x"",""d"":11,""noise_model"":""uniform_circuit_level"",""p"":0.002,""rounds"":11}",
      3072,        17,         0,   0.408,pymatching,f3a091660a611f168dd4a4bd065f91cd837106abdaefcac2d7cb8a869adb4d79,"{""basis"":""x"",""d"":11,""noise_model"":""uniform_circuit_level"",""p"":0.005,""rounds"":11}",
       273,         0,         0,   0.012,pymatching,ca470c04f47291fdaf50f630e0b7e3f20ce47c7459de027d1a7f5d8a910df65c,"{""basis"":""x"",""d"":9,""noise_model"":""uniform_circuit_level"",""p"":0.002,""rounds"":9}",
      3072,         4,         0,   0.288,pymatching,feb98696aa4ad3a23e46527256fbbb6784603de330dd724864ce9f7de766b036,"{""basis"":""x"",""d"":11,""noise_model"":""uniform_circuit_level"",""p"":0.004,""rounds"":11}",
      1024,         0,         0,   0.019,pymatching,ca470c04f47291fdaf50f630e0b7e3f20ce47c7459de027d1a7f5d8a910df65c,"{""basis"":""x"",""d"":9,""noise_model"":""uniform_circuit_level"",""p"":0.002,""rounds"":9}",
      1024,         0,         0,   0.023,pymatching,ca470c04f47291fdaf50f630e0b7e3f20ce47c7459de027d1a7f5d8a910df65c,"{""basis"":""x"",""d"":9,""noise_model"":""uniform_circuit_level"",""p"":0.002,""rounds"":9}",
     28672,        12,         0,    1.55,pymatching,b6e3714279fa4d6e0b5096a25a7c87ca9bb12204811c2c9990504be90ed24c04,"{""basis"":""x"",""d"":11,""noise_model"":""uniform_circuit_level"",""p"":0.003,""rounds"":11}",
      2048,         0,         0,   0.044,pymatching,ca470c04f47291fdaf50f630e0b7e3f20ce47c7459de027d1a7f5d8a910df65c,"{""basis"":""x"",""d"":9,""noise_model"":""uniform_circuit_level"",""p"":0.002,""rounds"":9}",
         1,         0,         0,   0.011,pymatching,f3a091660a611f168dd4a4bd065f91cd837106abdaefcac2d7cb8a869adb4d79,"{""basis"":""x"",""d"":11,""noise_model"":""uniform_circuit_level"",""p"":0.005,""rounds"":11}",
         1,         0,         0,   0.021,pymatching,f3a091660a611f168dd4a4bd065f91cd837106abdaefcac2d7cb8a869adb4d79,"{""basis"":""x"",""d"":11,""noise_model"":""uniform_circuit_level"",""p"":0.005,""rounds"":11}",
         1,         0,         0,   0.010,pymatching,d6061c9a594b6110f0d2d218d441ba6e898e4b528bde72e8fb66bfdffdda4374,"{""basis"":""x"",""d"":11,""noise_model"":""uniform_circuit_level"",""p"":0.002,""rounds"":11}",
      5120,         1,         0,   0.301,pymatching,b6e3714279fa4d6e0b5096a25a7c87ca9bb12204811c2c9990504be90ed24c04,"{""basis"":""x"",""d"":11,""noise_model"":""uniform_circuit_level"",""p"":0.003,""rounds"":11}",
      2048,         0,         0,   0.044,pymatching,ca470c04f47291fdaf50f630e0b7e3f20ce47c7459de027d1a7f5d8a910df65c,"{""basis"":""x"",""d"":9,""noise_model"":""uniform_circuit_level"",""p"":0.002,""rounds"":9}",
       272,         3,         0,   0.033,pymatching,f3a091660a611f168dd4a4bd065f91cd837106abdaefcac2d7cb8a869adb4d79,"{""basis"":""x"",""d"":11,""noise_model"":""uniform_circuit_level"",""p"":0.005,""rounds"":11}",
       272,         1,         0,   0.030,pymatching,f3a091660a611f168dd4a4bd065f91cd837106abdaefcac2d7cb8a869adb4d79,"{""basis"":""x"",""d"":11,""noise_model"":""uniform_circuit_level"",""p"":0.005,""rounds"":11}",
      1296,         0,         0,   0.050,pymatching,d6061c9a594b6110f0d2d218d441ba6e898e4b528bde72e8fb66bfdffdda4374,"{""basis"":""x"",""d"":11,""noise_model"":""uniform_circuit_level"",""p"":0.002,""rounds"":11}",
      3072,         1,         0,   0.070,pymatching,ca470c04f47291fdaf50f630e0b7e3f20ce47c7459de027d1a7f5d8a910df65c,"{""basis"":""x"",""d"":9,""noise_model"":""uniform_circuit_level"",""p"":0.002,""rounds"":9}",
      1024,         0,         0,   0.036,pymatching,d6061c9a594b6110f0d2d218d441ba6e898e4b528bde72e8fb66bfdffdda4374,"{""basis"":""x"",""d"":11,""noise_model"":""uniform_circuit_level"",""p"":0.002,""rounds"":11}",
     10240,        31,         0,   0.424,pymatching,91cad48bbd330408f2ba5dbc3d4cdac8471bb9d85fde1ae6c47cc13e5d637eb7,"{""basis"":""x"",""d"":9,""noise_model"":""uniform_circuit_level"",""p"":0.004,""rounds"":9}",
      1024,         0,         0,   0.035,pymatching,d6061c9a594b6110f0d2d218d441ba6e898e4b528bde72e8fb66bfdffdda4374,"{""basis"":""x"",""d"":11,""noise_model"":""uniform_circuit_level"",""p"":0.002,""rounds"":11}",
      1024,         9,         0,   0.117,pymatching,f3a091660a611f168dd4a4bd065f91cd837106abdaefcac2d7cb8a869adb4d79,"{""basis"":""x"",""d"":11,""noise_model"":""uniform_circuit_level"",""p"":0.005,""rounds"":11}",
      4096,         0,         0,   0.077,pymatching,ca470c04f47291fdaf50f630e0b7e3f20ce47c7459de027d1a7f5d8a910df65c,"{""basis"":""x"",""d"":9,""noise_model"":""uniform_circuit_level"",""p"":0.002,""rounds"":9}",
      1024,         0,         0,   0.040,pymatching,d6061c9a594b6110f0d2d218d441ba6e898e4b528bde72e8fb66bfdffdda4374,"{""basis"":""x"",""d"":11,""noise_model"":""uniform_circuit_level"",""p"":0.002,""rounds"":11}",
      1024,         5,         0,   0.137,pymatching,f3a091660a611f168dd4a4bd065f91cd837106abdaefcac2d7cb8a869adb4d79,"{""basis"":""x"",""d"":11,""noise_model"":""uniform_circuit_level"",""p"":0.005,""rounds"":11}",
     14336,        15,         0,   0.436,pymatching,5d84e63ae58ac8f38a4f71635acf8331f914499fac7161a0b5e56811dcddd0a1,"{""basis"":""x"",""d"":9,""noise_model"":""uniform_circuit_level"",""p"":0.003,""rounds"":9}",
    112640,        12,         0,    2.17,pymatching,ca470c04f47291fdaf50f630e0b7e3f20ce47c7459de027d1a7f5d8a910df65c,"{""basis"":""x"",""d"":9,""noise_model"":""uniform_circuit_level"",""p"":0.002,""rounds"":9}",
      4096,        13,         0,   0.320,pymatching,feb98696aa4ad3a23e46527256fbbb6784603de330dd724864ce9f7de766b036,"{""basis"":""x"",""d"":11,""noise_model"":""uniform_circuit_level"",""p"":0.004,""rounds"":11}",
     29696,         2,         0,   0.563,pymatching,ca470c04f47291fdaf50f630e0b7e3f20ce47c7459de027d1a7f5d8a910df65c,"{""basis"":""x"",""d"":9,""noise_model"":""uniform_circuit_level"",""p"":0.002,""rounds"":9}",
     73728,        50,         0,    2.19,pymatching,5d84e63ae58ac8f38a4f71635acf8331f914499fac7161a0b5e56811dcddd0a1,"{""basis"":""x"",""d"":9,""noise_model"":""uniform_circuit_level"",""p"":0.003,""rounds"":9}",
      2048,         0,         0,   0.086,pymatching,d6061c9a594b6110f0d2d218d441ba6e898e4b528bde72e8fb66bfdffdda4374,"{""basis"":""x"",""d"":11,""noise_model"":""uniform_circuit_level"",""p"":0.002,""rounds"":11}",
      1024,         6,         0,   0.122,pymatching,f3a091660a611f168dd4a4bd065f91cd837106abdaefcac2d7cb8a869adb4d79,"{""basis"":""x"",""d"":11,""noise_model"":""uniform_circuit_level"",""p"":0.005,""rounds"":11}",
     37888,        29,         0,    1.13,pymatching,5d84e63ae58ac8f38a4f71635acf8331f914499fac7161a0b5e56811dcddd0a1,"{""basis"":""x"",""d"":9,""noise_model"":""uniform_circuit_level"",""p"":0.003,""rounds"":9}",
      5120,         0,         0,   0.113,pymatching,ca470c04f47291fdaf50f630e0b7e3f20ce47c7459de027d1a7f5d8a910df65c,"{""basis"":""x"",""d"":9,""noise_model"":""uniform_circuit_level"",""p"":0.002,""rounds"":9}",
      1024,         5,         0,   0.109,pymatching,f3a091660a611f168dd4a4bd065f91cd837106abdaefcac2d7cb8a869adb4d79,"{""basis"":""x"",""d"":11,""noise_model"":""uniform_circuit_level"",""p"":0.005,""rounds"":11}",
     38912,       109,         0,    1.55,pymatching,91cad48bbd330408f2ba5dbc3d4cdac8471bb9d85fde1ae6c47cc13e5d637eb7,"{""basis"":""x"",""d"":9,""noise_model"":""uniform_circuit_level"",""p"":0.004,""rounds"":9}",
     19456,        60,         0,   0.772,pymatching,91cad48bbd330408f2ba5dbc3d4cdac8471bb9d85fde1ae6c47cc13e5d637eb7,"{""basis"":""x"",""d"":9,""noise_model"":""uniform_circuit_level"",""p"":0.004,""rounds"":9}",
     43008,       129,         0,    1.96,pymatching,91cad48bbd330408f2ba5dbc3d4cdac8471bb9d85fde1ae6c47cc13e5d637eb7,"{""basis"":""x"",""d"":9,""noise_model"":""uniform_circuit_level"",""p"":0.004,""rounds"":9}",
      4096,        12,         0,   0.182,pymatching,91cad48bbd330408f2ba5dbc3d4cdac8471bb9d85fde1ae6c47cc13e5d637eb7,"{""basis"":""x"",""d"":9,""noise_model"":""uniform_circuit_level"",""p"":0.004,""rounds"":9}",
      1024,         0,         0,   0.041,pymatching,91cad48bbd330408f2ba5dbc3d4cdac8471bb9d85fde1ae6c47cc13e5d637eb7,"{""basis"":""x"",""d"":9,""noise_model"":""uniform_circuit_level"",""p"":0.004,""rounds"":9}",
      2048,         0,         0,   0.082,pymatching,d6061c9a594b6110f0d2d218d441ba6e898e4b528bde72e8fb66bfdffdda4374,"{""basis"":""x"",""d"":11,""noise_model"":""uniform_circuit_level"",""p"":0.002,""rounds"":11}",
      4096,        18,         0,   0.524,pymatching,f3a091660a611f168dd4a4bd065f91cd837106abdaefcac2d7cb8a869adb4d79,"{""basis"":""x"",""d"":11,""noise_model"":""uniform_circuit_level"",""p"":0.005,""rounds"":11}",
      1024,        10,         0,   0.125,pymatching,f3a091660a611f168dd4a4bd065f91cd837106abdaefcac2d7cb8a869adb4d79,"{""basis"":""x"",""d"":11,""noise_model"":""uniform_circuit_level"",""p"":0.005,""rounds"":11}",
     15360,         0,         0,   0.592,pymatching,d6061c9a594b6110f0d2d218d441ba6e898e4b528bde72e8fb66bfdffdda4374,"{""basis"":""x"",""d"":11,""noise_model"":""uniform_circuit_level"",""p"":0.002,""rounds"":11}",
      1024,         4,         0,   0.143,pymatching,f3a091660a611f168dd4a4bd065f91cd837106abdaefcac2d7cb8a869adb4d79,"{""basis"":""x"",""d"":11,""noise_model"":""uniform_circuit_level"",""p"":0.005,""rounds"":11}",
      7168,         2,         0,   0.416,pymatching,b6e3714279fa4d6e0b5096a25a7c87ca9bb12204811c2c9990504be90ed24c04,"{""basis"":""x"",""d"":11,""noise_model"":""uniform_circuit_level"",""p"":0.003,""rounds"":11}",
      2048,         0,         0,   0.105,pymatching,d6061c9a594b6110f0d2d218d441ba6e898e4b528bde72e8fb66bfdffdda4374,"{""basis"":""x"",""d"":11,""noise_model"":""uniform_circuit_level"",""p"":0.002,""rounds"":11}",
      7168,         1,         0,   0.172,pymatching,ca470c04f47291fdaf50f630e0b7e3f20ce47c7459de027d1a7f5d8a910df65c,"{""basis"":""x"",""d"":9,""noise_model"":""uniform_circuit_level"",""p"":0.002,""rounds"":9}",
      9216,        18,         0,   0.821,pymatching,feb98696aa4ad3a23e46527256fbbb6784603de330dd724864ce9f7de766b036,"{""basis"":""x"",""d"":11,""noise_model"":""uniform_circuit_level"",""p"":0.004,""rounds"":11}",
     52224,         1,         0,    2.19,pymatching,d6061c9a594b6110f0d2d218d441ba6e898e4b528bde72e8fb66bfdffdda4374,"{""basis"":""x"",""d"":11,""noise_model"":""uniform_circuit_level"",""p"":0.002,""rounds"":11}",
       273,         0,         0,   0.013,pymatching,5d84e63ae58ac8f38a4f71635acf8331f914499fac7161a0b5e56811dcddd0a1,"{""basis"":""x"",""d"":9,""noise_model"":""uniform_circuit_level"",""p"":0.003,""rounds"":9}",
      1024,         9,         0,   0.162,pymatching,f3a091660a611f168dd4a4bd065f91cd837106abdaefcac2d7cb8a869adb4d79,"{""basis"":""x"",""d"":11,""noise_model"":""uniform_circuit_level"",""p"":0.005,""rounds"":11}",
      1024,         5,         0,   0.152,pymatching,f3a091660a611f168dd4a4bd065f91cd837106abdaefcac2d7cb8a869adb4d79,"{""basis"":""x"",""d"":11,""noise_model"":""uniform_circuit_level"",""p"":0.005,""rounds"":11}",
      1024,         0,         0,   0.049,pymatching,5d84e63ae58ac8f38a4f71635acf8331f914499fac7161a0b5e56811dcddd0a1,"{""basis"":""x"",""d"":9,""noise_model"":""uniform_circuit_level"",""p"":0.003,""rounds"":9}",
        17,         0,         0,   0.011,pymatching,feb98696aa4ad3a23e46527256fbbb6784603de330dd724864ce9f7de766b036,"{""basis"":""x"",""d"":11,""noise_model"":""uniform_circuit_level"",""p"":0.004,""rounds"":11}",
     19456,        34,         0,    1.55,pymatching,feb98696aa4ad3a23e46527256fbbb6784603de330dd724864ce9f7de766b036,"{""basis"":""x"",""d"":11,""noise_model"":""uniform_circuit_level"",""p"":0.004,""rounds"":11}",
      1024,         0,         0,   0.031,pymatching,5d84e63ae58ac8f38a4f71635acf8331f914499fac7161a0b5e56811dcddd0a1,"{""basis"":""x"",""d"":9,""noise_model"":""uniform_circuit_level"",""p"":0.003,""rounds"":9}",
       256,         1,         0,   0.030,pymatching,feb98696aa4ad3a23e46527256fbbb6784603de330dd724864ce9f7de766b036,"{""basis"":""x"",""d"":11,""noise_model"":""uniform_circuit_level"",""p"":0.004,""rounds"":11}",
      4096,         0,         0,   0.191,pymatching,d6061c9a594b6110f0d2d218d441ba6e898e4b528bde72e8fb66bfdffdda4374,"{""basis"":""x"",""d"":11,""noise_model"":""uniform_circuit_level"",""p"":0.002,""rounds"":11}",
      5120,        12,         0,   0.423,pymatching,feb98696aa4ad3a23e46527256fbbb6784603de330dd724864ce9f7de766b036,"{""basis"":""x"",""d"":11,""noise_model"":""uniform_circuit_level"",""p"":0.004,""rounds"":11}",
         1,         0,         0,   0.010,pymatching,feb98696aa4ad3a23e46527256fbbb6784603de330dd724864ce9f7de766b036,"{""basis"":""x"",""d"":11,""noise_model"":""uniform_circuit_level"",""p"":0.004,""rounds"":11}",
         1,         0,         0,   0.027,pymatching,b6e3714279fa4d6e0b5096a25a7c87ca9bb12204811c2c9990504be90ed24c04,"{""basis"":""x"",""d"":11,""noise_model"":""uniform_circuit_level"",""p"":0.003,""rounds"":11}",
      8192,         2,         0,   0.209,pymatching,ca470c04f47291fdaf50f630e0b7e3f20ce47c7459de027d1a7f5d8a910df65c,"{""basis"":""x"",""d"":9,""noise_model"":""uniform_circuit_level"",""p"":0.002,""rounds"":9}",
      1024,         3,         0,   0.035,pymatching,5d84e63ae58ac8f38a4f71635acf8331f914499fac7161a0b5e56811dcddd0a1,"{""basis"":""x"",""d"":9,""noise_model"":""uniform_circuit_level"",""p"":0.003,""rounds"":9}",
       272,         0,         0,   0.018,pymatching,b6e3714279fa4d6e0b5096a25a7c87ca9bb12204811c2c9990504be90ed24c04,"{""basis"":""x"",""d"":11,""noise_model"":""uniform_circuit_level"",""p"":0.003,""rounds"":11}",
     15360,       100,         0,    1.63,pymatching,f3a091660a611f168dd4a4bd065f91cd837106abdaefcac2d7cb8a869adb4d79,"{""basis"":""x"",""d"":11,""noise_model"":""uniform_circuit_level"",""p"":0.005,""rounds"":11}",
       272,         0,         0,   0.033,pymatching,feb98696aa4ad3a23e46527256fbbb6784603de330dd724864ce9f7de766b036,"{""basis"":""x"",""d"":11,""noise_model"":""uniform_circuit_level"",""p"":0.004,""rounds"":11}",
      1024,         6,         0,   0.143,pymatching,f3a091660a611f168dd4a4bd065f91cd837106abdaefcac2d7cb8a869adb4d79,"{""basis"":""x"",""d"":11,""noise_model"":""uniform_circuit_level"",""p"":0.005,""rounds"":11}",
      1024,         8,         0,   0.150,pymatching,f3a091660a611f168dd4a4bd065f91cd837106abdaefcac2d7cb8a869adb4d79,"{""basis"":""x"",""d"":11,""noise_model"":""uniform_circuit_level"",""p"":0.005,""rounds"":11}",
      2048,         2,         0,   0.072,pymatching,5d84e63ae58ac8f38a4f71635acf8331f914499fac7161a0b5e56811dcddd0a1,"{""basis"":""x"",""d"":9,""noise_model"":""uniform_circuit_level"",""p"":0.003,""rounds"":9}",
      1024,         0,         0,   0.073,pymatching,b6e3714279fa4d6e0b5096a25a7c87ca9bb12204811c2c9990504be90ed24c04,"{""basis"":""x"",""d"":11,""noise_model"":""uniform_circuit_level"",""p"":0.003,""rounds"":11}",
      1024,         3,         0,   0.117,pymatching,feb98696aa4ad3a23e46527256fbbb6784603de330dd724864ce9f7de766b036,"{""basis"":""x"",""d"":11,""noise_model"":""uniform_circuit_level"",""p"":0.004,""rounds"":11}",
     18432,        14,         0,   0.575,pymatching,5d84e63ae58ac8f38a4f71635acf8331f914499fac7161a0b5e56811dcddd0a1,"{""basis"":""x"",""d"":9,""noise_model"":""uniform_circuit_level"",""p"":0.003,""rounds"":9}",
     38912,        13,         0,    2.22,pymatching,b6e3714279fa4d6e0b5096a25a7c87ca9bb12204811c2c9990504be90ed24c04,"{""basis"":""x"",""d"":11,""noise_model"":""uniform_circuit_level"",""p"":0.003,""rounds"":11}",
     26624,        38,         0,    2.24,pymatching,feb98696aa4ad3a23e46527256fbbb6784603de330dd724864ce9f7de766b036,"{""basis"":""x"",""d"":11,""noise_model"":""uniform_circuit_level"",""p"":0.004,""rounds"":11}",
      1024,         2,         0,   0.123,pymatching,feb98696aa4ad3a23e46527256fbbb6784603de330dd724864ce9f7de766b036,"{""basis"":""x"",""d"":11,""noise_model"":""uniform_circuit_level"",""p"":0.004,""rounds"":11}",
      2048,         1,         0,   0.080,pymatching,5d84e63ae58ac8f38a4f71635acf8331f914499fac7161a0b5e56811dcddd0a1,"{""basis"":""x"",""d"":9,""noise_model"":""uniform_circuit_level"",""p"":0.003,""rounds"":9}",
      1024,         8,         0,   0.140,pymatching,f3a091660a611f168dd4a4bd065f91cd837106abdaefcac2d7cb8a869adb4d79,"{""basis"":""x"",""d"":11,""noise_model"":""uniform_circuit_level"",""p"":0.005,""rounds"":11}",
      1024,         1,         0,   0.095,pymatching,feb98696aa4ad3a23e46527256fbbb6784603de330dd724864ce9f7de766b036,"{""basis"":""x"",""d"":11,""noise_model"":""uniform_circuit_level"",""p"":0.004,""rounds"":11}",
      1024,         0,         0,   0.103,pymatching,b6e3714279fa4d6e0b5096a25a7c87ca9bb12204811c2c9990504be90ed24c04,"{""basis"":""x"",""d"":11,""noise_model"":""uniform_circuit_level"",""p"":0.003,""rounds"":11}",
      1024,         3,         0,   0.145,pymatching,f3a091660a611f168dd4a4bd065f91cd837106abdaefcac2d7cb8a869adb4d79,"{""basis"":""x"",""d"":11,""noise_model"":""uniform_circuit_level"",""p"":0.005,""rounds"":11}",
      5120,         0,         0,   0.239,pymatching,d6061c9a594b6110f0d2d218d441ba6e898e4b528bde72e8fb66bfdffdda4374,"{""basis"":""x"",""d"":11,""noise_model"":""uniform_circuit_level"",""p"":0.002,""rounds"":11}",
      2048,         3,         0,   0.092,pymatching,5d84e63ae58ac8f38a4f71635acf8331f914499fac7161a0b5e56811dcddd0a1,"{""basis"":""x"",""d"":9,""noise_model"":""uniform_circuit_level"",""p"":0.003,""rounds"":9}",
      1024,         1,         0,   0.109,pymatching,feb98696aa4ad3a23e46527256fbbb6784603de330dd724864ce9f7de766b036,"{""basis"":""x"",""d"":11,""noise_model"":""uniform_circuit_level"",""p"":0.004,""rounds"":11}",
      1024,         0,         0,   0.072,pymatching,b6e3714279fa4d6e0b5096a25a7c87ca9bb12204811c2c9990504be90ed24c04,"{""basis"":""x"",""d"":11,""noise_model"":""uniform_circuit_level"",""p"":0.003,""rounds"":11}",
     20480,         7,         0,    1.14,pymatching,b6e3714279fa4d6e0b5096a25a7c87ca9bb12204811c2c9990504be90ed24c04,"{""basis"":""x"",""d"":11,""noise_model"":""uniform_circuit_level"",""p"":0.003,""rounds"":11}",
     11264,         0,         0,   0.301,pymatching,ca470c04f47291fdaf50f630e0b7e3f20ce47c7459de027d1a7f5d8a910df65c,"{""basis"":""x"",""d"":9,""noise_model"":""uniform_circuit_level"",""p"":0.002,""rounds"":9}",
      1024,         3,         0,   0.126,pymatching,feb98696aa4ad3a23e46527256fbbb6784603de330dd724864ce9f7de766b036,"{""basis"":""x"",""d"":11,""noise_model"":""uniform_circuit_level"",""p"":0.004,""rounds"":11}",
      1024,         0,         0,   0.073,pymatching,b6e3714279fa4d6e0b5096a25a7c87ca9bb12204811c2c9990504be90ed24c04,"{""basis"":""x"",""d"":11,""noise_model"":""uniform_circuit_level"",""p"":0.003,""rounds"":11}",
      6144,        39,         0,   0.666,pymatching,f3a091660a611f168dd4a4bd065f91cd837106abdaefcac2d7cb8a869adb4d79,"{""basis"":""x"",""d"":11,""noise_model"":""uniform_circuit_level"",""p"":0.005,""rounds"":11}",
      1024,         3,         0,   0.110,pymatching,feb98696aa4ad3a23e46527256fbbb6784603de330dd724864ce9f7de766b036,"{""basis"":""x"",""d"":11,""noise_model"":""uniform_circuit_level"",""p"":0.004,""rounds"":11}",
      3072,         0,         0,   0.119,pymatching,5d84e63ae58ac8f38a4f71635acf8331f914499fac7161a0b5e56811dcddd0a1,"{""basis"":""x"",""d"":9,""noise_model"":""uniform_circuit_level"",""p"":0.003,""rounds"":9}",
     11264,         2,         0,   0.611,pymatching,b6e3714279fa4d6e0b5096a25a7c87ca9bb12204811c2c9990504be90ed24c04,"{""basis"":""x"",""d"":11,""noise_model"":""uniform_circuit_level"",""p"":0.003,""rounds"":11}",
     44032,         2,         0,   0.809,pymatching,ca470c04f47291fdaf50f630e0b7e3f20ce47c7459de027d1a7f5d8a910df65c,"{""basis"":""x"",""d"":9,""noise_model"":""uniform_circuit_level"",""p"":0.002,""rounds"":9}",
      1024,         4,         0,   0.117,pymatching,feb98696aa4ad3a23e46527256fbbb6784603de330dd724864ce9f7de766b036,"{""basis"":""x"",""d"":11,""noise_model"":""uniform_circuit_level"",""p"":0.004,""rounds"":11}",
      2048,         7,         0,   0.282,pymatching,f3a091660a611f168dd4a4bd065f91cd837106abdaefcac2d7cb8a869adb4d79,"{""basis"":""x"",""d"":11,""noise_model"":""uniform_circuit_level"",""p"":0.005,""rounds"":11}",
      2048,         1,         0,   0.132,pymatching,b6e3714279fa4d6e0b5096a25a7c87ca9bb12204811c2c9990504be90ed24c04,"{""basis"":""x"",""d"":11,""noise_model"":""uniform_circuit_level"",""p"":0.003,""rounds"":11}",
      1024,         2,         0,   0.112,pymatching,feb98696aa4ad3a23e46527256fbbb6784603de330dd724864ce9f7de766b036,"{""basis"":""x"",""d"":11,""noise_model"":""uniform_circuit_level"",""p"":0.004,""rounds"":11}",
      2048,        10,         0,   0.280,pymatching,f3a091660a611f168dd4a4bd065f91cd837106abdaefcac2d7cb8a869adb4d79,"{""basis"":""x"",""d"":11,""noise_model"":""uniform_circuit_level"",""p"":0.005,""rounds"":11}",
      1024,         1,         0,   0.095,pymatching,feb98696aa4ad3a23e46527256fbbb6784603de330dd724864ce9f7de766b036,"{""basis"":""x"",""d"":11,""noise_model"":""uniform_circuit_level"",""p"":0.004,""rounds"":11}",
      4096,         4,         0,   0.158,pymatching,5d84e63ae58ac8f38a4f71635acf8331f914499fac7161a0b5e56811dcddd0a1,"{""basis"":""x"",""d"":9,""noise_model"":""uniform_circuit_level"",""p"":0.003,""rounds"":9}",
      6144,         0,         0,   0.328,pymatching,d6061c9a594b6110f0d2d218d441ba6e898e4b528bde72e8fb66bfdffdda4374,"{""basis"":""x"",""d"":11,""noise_model"":""uniform_circuit_level"",""p"":0.002,""rounds"":11}",
      7168,        10,         0,   0.573,pymatching,feb98696aa4ad3a23e46527256fbbb6784603de330dd724864ce9f7de766b036,"{""basis"":""x"",""d"":11,""noise_model"":""uniform_circuit_level"",""p"":0.004,""rounds"":11}",
      1024,         1,         0,   0.094,pymatching,feb98696aa4ad3a23e46527256fbbb6784603de330dd724864ce9f7de766b036,"{""basis"":""x"",""d"":11,""noise_model"":""uniform_circuit_level"",""p"":0.004,""rounds"":11}",
     18432,         1,         0,   0.820,pymatching,d6061c9a594b6110f0d2d218d441ba6e898e4b528bde72e8fb66bfdffdda4374,"{""basis"":""x"",""d"":11,""noise_model"":""uniform_circuit_level"",""p"":0.002,""rounds"":11}",
      2048,         0,         0,   0.118,pymatching,b6e3714279fa4d6e0b5096a25a7c87ca9bb12204811c2c9990504be90ed24c04,"{""basis"":""x"",""d"":11,""noise_model"":""uniform_circuit_level"",""p"":0.003,""rounds"":11}",
     79872,         6,         0,    1.57,pymatching,ca470c04f47291fdaf50f630e0b7e3f20ce47c7459de027d1a7f5d8a910df65c,"{""basis"":""x"",""d"":9,""noise_model"":""uniform_circuit_level"",""p"":0.002,""rounds"":9}",
      1024,         1,         0,   0.115,pymatching,feb98696aa4ad3a23e46527256fbbb6784603de330dd724864ce9f7de766b036,"{""basis"":""x"",""d"":11,""noise_model"":""uniform_circuit_level"",""p"":0.004,""rounds"":11}",
    104448,         6,         0,    2.17,pymatching,ca470c04f47291fdaf50f630e0b7e3f20ce47c7459de027d1a7f5d8a910df65c,"{""basis"":""x"",""d"":9,""noise_model"":""uniform_circuit_level"",""p"":0.002,""rounds"":9}",
      2048,        10,         0,   0.241,pymatching,f3a091660a611f168dd4a4bd065f91cd837106abdaefcac2d7cb8a869adb4d79,"{""basis"":""x"",""d"":11,""noise_model"":""uniform_circuit_level"",""p"":0.005,""rounds"":11}",
     43008,         1,         0,    1.55,pymatching,d6061c9a594b6110f0d2d218d441ba6e898e4b528bde72e8fb66bfdffdda4374,"{""basis"":""x"",""d"":11,""noise_model"":""uniform_circuit_level"",""p"":0.002,""rounds"":11}",
     19456,         0,         0,   0.409,pymatching,ca470c04f47291fdaf50f630e0b7e3f20ce47c7459de027d1a7f5d8a910df65c,"{""basis"":""x"",""d"":9,""noise_model"":""uniform_circuit_level"",""p"":0.002,""rounds"":9}",
      2048,        15,         0,   0.241,pymatching,f3a091660a611f168dd4a4bd065f91cd837106abdaefcac2d7cb8a869adb4d79,"{""basis"":""x"",""d"":11,""noise_model"":""uniform_circuit_level"",""p"":0.005,""rounds"":11}",
      2048,         5,         0,   0.182,pymatching,feb98696aa4ad3a23e46527256fbbb6784603de330dd724864ce9f7de766b036,"{""basis"":""x"",""d"":11,""noise_model"":""uniform_circuit_level"",""p"":0.004,""rounds"":11}",
     20480,       114,         0,    2.22,pymatching,f3a091660a611f168dd4a4bd065f91cd837106abdaefcac2d7cb8a869adb4d79,"{""basis"":""x"",""d"":11,""noise_model"":""uniform_circuit_level"",""p"":0.005,""rounds"":11}",
      7168,         3,         0,   0.230,pymatching,5d84e63ae58ac8f38a4f71635acf8331f914499fac7161a0b5e56811dcddd0a1,"{""basis"":""x"",""d"":9,""noise_model"":""uniform_circuit_level"",""p"":0.003,""rounds"":9}",
      7168,        42,         0,   0.786,pymatching,f3a091660a611f168dd4a4bd065f91cd837106abdaefcac2d7cb8a869adb4d79,"{""basis"":""x"",""d"":11,""noise_model"":""uniform_circuit_level"",""p"":0.005,""rounds"":11}",
      3072,         0,         0,   0.227,pymatching,b6e3714279fa4d6e0b5096a25a7c87ca9bb12204811c2c9990504be90ed24c04,"{""basis"":""x"",""d"":11,""noise_model"":""uniform_circuit_level"",""p"":0.003,""rounds"":11}",
      2048,         4,         0,   0.181,pymatching,feb98696aa4ad3a23e46527256fbbb6784603de330dd724864ce9f7de766b036,"{""basis"":""x"",""d"":11,""noise_model"":""uniform_circuit_level"",""p"":0.004,""rounds"":11}",
      4096,        27,         0,   0.467,pymatching,f3a091660a611f168dd4a4bd065f91cd837106abdaefcac2d7cb8a869adb4d79,"{""basis"":""x"",""d"":11,""noise_model"":""uniform_circuit_level"",""p"":0.005,""rounds"":11}",
      1024,         7,         0,   0.128,pymatching,f3a091660a611f168dd4a4bd065f91cd837106abdaefcac2d7cb8a869adb4d79,"{""basis"":""x"",""d"":11,""noise_model"":""uniform_circuit_level"",""p"":0.005,""rounds"":11}",
      1024,        11,         0,   0.122,pymatching,f3a091660a611f168dd4a4bd065f91cd837106abdaefcac2d7cb8a869adb4d79,"{""basis"":""x"",""d"":11,""noise_model"":""uniform_circuit_level"",""p"":0.005,""rounds"":11}",
      1024,         5,         0,   0.123,pymatching,f3a091660a611f168dd4a4bd065f91cd837106abdaefcac2d7cb8a869adb4d79,"{""basis"":""x"",""d"":11,""noise_model"":""uniform_circuit_level"",""p"":0.005,""rounds"":11}",
     27648,        20,         0,   0.814,pymatching,5d84e63ae58ac8f38a4f71635acf8331f914499fac7161a0b5e56811dcddd0a1,"{""basis"":""x"",""d"":9,""noise_model"":""uniform_circuit_level"",""p"":0.003,""rounds"":9}",
      2048,         7,         0,   0.194,pymatching,feb98696aa4ad3a23e46527256fbbb6784603de330dd724864ce9f7de766b036,"{""basis"":""x"",""d"":11,""noise_model"":""uniform_circuit_level"",""p"":0.004,""rounds"":11}",
     10240,         0,         0,   0.408,pymatching,d6061c9a594b6110f0d2d218d441ba6e898e4b528bde72e8fb66bfdffdda4374,"{""basis"":""x"",""d"":11,""noise_model"":""uniform_circuit_level"",""p"":0.002,""rounds"":11}",
     14336,        32,         0,    1.14,pymatching,feb98696aa4ad3a23e46527256fbbb6784603de330dd724864ce9f7de766b036,"{""basis"":""x"",""d"":11,""noise_model"":""uniform_circuit_level"",""p"":0.004,""rounds"":11}",
     59392,         1,         0,    2.20,pymatching,d6061c9a594b6110f0d2d218d441ba6e898e4b528bde72e8fb66bfdffdda4374,"{""basis"":""x"",""d"":11,""noise_model"":""uniform_circuit_level"",""p"":0.002,""rounds"":11}",
      7168,         4,         0,   0.295,pymatching,5d84e63ae58ac8f38a4f71635acf8331f914499fac7161a0b5e56811dcddd0a1,"{""basis"":""x"",""d"":9,""noise_model"":""uniform_circuit_level"",""p"":0.003,""rounds"":9}",
      3072,         3,         0,   0.239,pymatching,feb98696aa4ad3a23e46527256fbbb6784603de330dd724864ce9f7de766b036,"{""basis"":""x"",""d"":11,""noise_model"":""uniform_circuit_level"",""p"":0.004,""rounds"":11}",
      4096,         1,         0,   0.265,pymatching,b6e3714279fa4d6e0b5096a25a7c87ca9bb12204811c2c9990504be90ed24c04,"{""basis"":""x"",""d"":11,""noise_model"":""uniform_circuit_level"",""p"":0.003,""rounds"":11}",
       273,         0,         0,   0.022,pymatching,ca470c04f47291fdaf50f630e0b7e3f20ce47c7459de027d1a7f5d8a910df65c,"{""basis"":""x"",""d"":9,""noise_model"":""uniform_circuit_level"",""p"":0.002,""rounds"":9}",
       273,         0,         0,   0.013,pymatching,5d84e63ae58ac8f38a4f71635acf8331f914499fac7161a0b5e56811dcddd0a1,"{""basis"":""x"",""d"":9,""noise_model"":""uniform_circuit_level"",""p"":0.003,""rounds"":9}",
         1,         0,         0,   0.013,pymatching,b6e3714279fa4d6e0b5096a25a7c87ca9bb12204811c2c9990504be90ed24c04,"{""basis"":""x"",""d"":11,""noise_model"":""uniform_circuit_level"",""p"":0.003,""rounds"":11}",
      1024,         0,         0,   0.019,pymatching,ca470c04f47291fdaf50f630e0b7e3f20ce47c7459de027d1a7f5d8a910df65c,"{""basis"":""x"",""d"":9,""noise_model"":""uniform_circuit_level"",""p"":0.002,""rounds"":9}",
       272,         1,         0,   0.015,pymatching,b6e3714279fa4d6e0b5096a25a7c87ca9bb12204811c2c9990504be90ed24c04,"{""basis"":""x"",""d"":11,""noise_model"":""uniform_circuit_level"",""p"":0.003,""rounds"":11}",
      1024,         0,         0,   0.030,pymatching,5d84e63ae58ac8f38a4f71635acf8331f914499fac7161a0b5e56811dcddd0a1,"{""basis"":""x"",""d"":9,""noise_model"":""uniform_circuit_level"",""p"":0.003,""rounds"":9}",
     52224,        40,         0,    1.55,pymatching,5d84e63ae58ac8f38a4f71635acf8331f914499fac7161a0b5e56811dcddd0a1,"{""basis"":""x"",""d"":9,""noise_model"":""uniform_circuit_level"",""p"":0.003,""rounds"":9}",
      1024,         0,         0,   0.025,pymatching,ca470c04f47291fdaf50f630e0b7e3f20ce47c7459de027d1a7f5d8a910df65c,"{""basis"":""x"",""d"":9,""noise_model"":""uniform_circuit_level"",""p"":0.002,""rounds"":9}",
      2048,         5,         0,   0.241,pymatching,feb98696aa4ad3a23e46527256fbbb6784603de330dd724864ce9f7de766b036,"{""basis"":""x"",""d"":11,""noise_model"":""uniform_circuit_level"",""p"":0.004,""rounds"":11}",
         1,         0,         0,   0.016,pymatching,d6061c9a594b6110f0d2d218d441ba6e898e4b528bde72e8fb66bfdffdda4374,"{""basis"":""x"",""d"":11,""noise_model"":""uniform_circuit_level"",""p"":0.002,""rounds"":11}",
      1024,         0,         0,   0.043,pymatching,5d84e63ae58ac8f38a4f71635acf8331f914499fac7161a0b5e56811dcddd0a1,"{""basis"":""x"",""d"":9,""noise_model"":""uniform_circuit_level"",""p"":0.003,""rounds"":9}",
      1024,         1,         0,   0.063,pymatching,b6e3714279fa4d6e0b5096a25a7c87ca9bb12204811c2c9990504be90ed24c04,"{""basis"":""x"",""d"":11,""noise_model"":""uniform_circuit_level"",""p"":0.003,""rounds"":11}",
      2048,         0,         0,   0.042,pymatching,ca470c04f47291fdaf50f630e0b7e3f20ce47c7459de027d1a7f5d8a910df65c,"{""basis"":""x"",""d"":9,""noise_model"":""uniform_circuit_level"",""p"":0.002,""rounds"":9}",
     14336,         4,         0,   0.827,pymatching,b6e3714279fa4d6e0b5096a25a7c87ca9bb12204811c2c9990504be90ed24c04,"{""basis"":""x"",""d"":11,""noise_model"":""uniform_circuit_level"",""p"":0.003,""rounds"":11}",
         1,         0,         0,   0.010,pymatching,b6e3714279fa4d6e0b5096a25a7c87ca9bb12204811c2c9990504be90ed24c04,"{""basis"":""x"",""d"":11,""noise_model"":""uniform_circuit_level"",""p"":0.003,""rounds"":11}",
     61440,        53,         0,    2.19,pymatching,5d84e63ae58ac8f38a4f71635acf8331f914499fac7161a0b5e56811dcddd0a1,"{""basis"":""x"",""d"":9,""noise_model"":""uniform_circuit_level"",""p"":0.003,""rounds"":9}",
       272,         0,         0,   0.037,pymatching,d6061c9a594b6110f0d2d218d441ba6e898e4b528bde72e8fb66bfdffdda4374,"{""basis"":""x"",""d"":11,""noise_model"":""uniform_circuit_level"",""p"":0.002,""rounds"":11}",
       272,         0,         0,   0.026,pymatching,b6e3714279fa4d6e0b5096a25a7c87ca9bb12204811c2c9990504be90ed24c04,"{""basis"":""x"",""d"":11,""noise_model"":""uniform_circuit_level"",""p"":0.003,""rounds"":11}",
      1024,         1,         0,   0.039,pymatching,5d84e63ae58ac8f38a4f71635acf8331f914499fac7161a0b5e56811dcddd0a1,"{""basis"":""x"",""d"":9,""noise_model"":""uniform_circuit_level"",""p"":0.003,""rounds"":9}",
      2048,         0,         0,   0.046,pymatching,ca470c04f47291fdaf50f630e0b7e3f20ce47c7459de027d1a7f5d8a910df65c,"{""basis"":""x"",""d"":9,""noise_model"":""uniform_circuit_level"",""p"":0.002,""rounds"":9}",
      1024,         0,         0,   0.062,pymatching,b6e3714279fa4d6e0b5096a25a7c87ca9bb12204811c2c9990504be90ed24c04,"{""basis"":""x"",""d"":11,""noise_model"":""uniform_circuit_level"",""p"":0.003,""rounds"":11}",
      1024,         0,         0,   0.047,pymatching,d6061c9a594b6110f0d2d218d441ba6e898e4b528bde72e8fb66bfdffdda4374,"{""basis"":""x"",""d"":11,""noise_model"":""uniform_circuit_level"",""p"":0.002,""rounds"":11}",
      1024,         0,         0,   0.041,pymatching,5d84e63ae58ac8f38a4f71635acf8331f914499fac7161a0b5e56811dcddd0a1,"{""basis"":""x"",""d"":9,""noise_model"":""uniform_circuit_level"",""p"":0.003,""rounds"":9}",
     24576,         4,         0,   0.576,pymatching,ca470c04f47291fdaf50f630e0b7e3f20ce47c7459de027d1a7f5d8a910df65c,"{""basis"":""x"",""d"":9,""noise_model"":""uniform_circuit_level"",""p"":0.002,""rounds"":9}",
      1024,         0,         0,   0.044,pymatching,d6061c9a594b6110f0d2d218d441ba6e898e4b528bde72e8fb66bfdffdda4374,"{""basis"":""x"",""d"":11,""noise_model"":""uniform_circuit_level"",""p"":0.002,""rounds"":11}",
      3072,         0,         0,   0.067,pymatching,ca470c04f47291fdaf50f630e0b7e3f20ce47c7459de027d1a7f5d8a910df65c,"{""basis"":""x"",""d"":9,""noise_model"":""uniform_circuit_level"",""p"":0.002,""rounds"":9}",
      1024,         0,         0,   0.083,pymatching,b6e3714279fa4d6e0b5096a25a7c87ca9bb12204811c2c9990504be90ed24c04,"{""basis"":""x"",""d"":11,""noise_model"":""uniform_circuit_level"",""p"":0.003,""rounds"":11}",
      1024,         0,         0,   0.057,pymatching,b6e3714279fa4d6e0b5096a25a7c87ca9bb12204811c2c9990504be90ed24c04,"{""basis"":""x"",""d"":11,""noise_model"":""uniform_circuit_level"",""p"":0.003,""rounds"":11}",
      2048,         1,         0,   0.073,pymatching,5d84e63ae58ac8f38a4f71635acf8331f914499fac7161a0b5e56811dcddd0a1,"{""basis"":""x"",""d"":9,""noise_model"":""uniform_circuit_level"",""p"":0.003,""rounds"":9}",
      4096,         5,         0,   0.315,pymatching,feb98696aa4ad3a23e46527256fbbb6784603de330dd724864ce9f7de766b036,"{""basis"":""x"",""d"":11,""noise_model"":""uniform_circuit_level"",""p"":0.004,""rounds"":11}",
      1024,         0,         0,   0.055,pymatching,d6061c9a594b6110f0d2d218d441ba6e898e4b528bde72e8fb66bfdffdda4374,"{""basis"":""x"",""d"":11,""noise_model"":""uniform_circuit_level"",""p"":0.002,""rounds"":11}",
      1024,         0,         0,   0.059,pymatching,b6e3714279fa4d6e0b5096a25a7c87ca9bb12204811c2c9990504be90ed24c04,"{""basis"":""x"",""d"":11,""noise_model"":""uniform_circuit_level"",""p"":0.003,""rounds"":11}",
      5120,         0,         0,   0.318,pymatching,b6e3714279fa4d6e0b5096a25a7c87ca9bb12204811c2c9990504be90ed24c04,"{""basis"":""x"",""d"":11,""noise_model"":""uniform_circuit_level"",""p"":0.003,""rounds"":11}",
      1024,         1,         0,   0.071,pymatching,b6e3714279fa4d6e0b5096a25a7c87ca9bb12204811c2c9990504be90ed24c04,"{""basis"":""x"",""d"":11,""noise_model"":""uniform_circuit_level"",""p"":0.003,""rounds"":11}",
     10240,        23,         0,   0.848,pymatching,feb98696aa4ad3a23e46527256fbbb6784603de330dd724864ce9f7de766b036,"{""basis"":""x"",""d"":11,""noise_model"":""uniform_circuit_level"",""p"":0.004,""rounds"":11}",
      3072,         1,         0,   0.087,pymatching,ca470c04f47291fdaf50f630e0b7e3f20ce47c7459de027d1a7f5d8a910df65c,"{""basis"":""x"",""d"":9,""noise_model"":""uniform_circuit_level"",""p"":0.002,""rounds"":9}",
      2048,         2,         0,   0.084,pymatching,5d84e63ae58ac8f38a4f71635acf8331f914499fac7161a0b5e56811dcddd0a1,"{""basis"":""x"",""d"":9,""noise_model"":""uniform_circuit_level"",""p"":0.003,""rounds"":9}",
      2048,         0,         0,   0.099,pymatching,d6061c9a594b6110f0d2d218d441ba6e898e4b528bde72e8fb66bfdffdda4374,"{""basis"":""x"",""d"":11,""noise_model"":""uniform_circuit_level"",""p"":0.002,""rounds"":11}",
     37888,         9,         0,    2.21,pymatching,b6e3714279fa4d6e0b5096a25a7c87ca9bb12204811c2c9990504be90ed24c04,"{""basis"":""x"",""d"":11,""noise_model"":""uniform_circuit_level"",""p"":0.003,""rounds"":11}",
      1024,         0,         0,   0.091,pymatching,b6e3714279fa4d6e0b5096a25a7c87ca9bb12204811c2c9990504be90ed24c04,"{""basis"":""x"",""d"":11,""noise_model"":""uniform_circuit_level"",""p"":0.003,""rounds"":11}",
      2048,         0,         0,   0.114,pymatching,b6e3714279fa4d6e0b5096a25a7c87ca9bb12204811c2c9990504be90ed24c04,"{""basis"":""x"",""d"":11,""noise_model"":""uniform_circuit_level"",""p"":0.003,""rounds"":11}",
     11264,        12,         0,   0.447,pymatching,5d84e63ae58ac8f38a4f71635acf8331f914499fac7161a0b5e56811dcddd0a1,"{""basis"":""x"",""d"":9,""noise_model"":""uniform_circuit_level"",""p"":0.003,""rounds"":9}",
     52224,         7,         0,    1.11,pymatching,ca470c04f47291fdaf50f630e0b7e3f20ce47c7459de027d1a7f5d8a910df65c,"{""basis"":""x"",""d"":9,""noise_model"":""uniform_circuit_level"",""p"":0.002,""rounds"":9}",
     15360,         0,         0,   0.567,pymatching,d6061c9a594b6110f0d2d218d441ba6e898e4b528bde72e8fb66bfdffdda4374,"{""basis"":""x"",""d"":11,""noise_model"":""uniform_circuit_level"",""p"":0.002,""rounds"":11}",
      3072,         8,         0,   0.342,pymatching,feb98696aa4ad3a23e46527256fbbb6784603de330dd724864ce9f7de766b036,"{""basis"":""x"",""d"":11,""noise_model"":""uniform_circuit_level"",""p"":0.004,""rounds"":11}",
      5120,         0,         0,   0.127,pymatching,ca470c04f47291fdaf50f630e0b7e3f20ce47c7459de027d1a7f5d8a910df65c,"{""basis"":""x"",""d"":9,""noise_model"":""uniform_circuit_level"",""p"":0.002,""rounds"":9}",
      1024,         1,         0,   0.070,pymatching,b6e3714279fa4d6e0b5096a25a7c87ca9bb12204811c2c9990504be90ed24c04,"{""basis"":""x"",""d"":11,""noise_model"":""uniform_circuit_level"",""p"":0.003,""rounds"":11}",
      3072,         3,         0,   0.120,pymatching,5d84e63ae58ac8f38a4f71635acf8331f914499fac7161a0b5e56811dcddd0a1,"{""basis"":""x"",""d"":9,""noise_model"":""uniform_circuit_level"",""p"":0.003,""rounds"":9}",
      2048,         0,         0,   0.109,pymatching,d6061c9a594b6110f0d2d218d441ba6e898e4b528bde72e8fb66bfdffdda4374,"{""basis"":""x"",""d"":11,""noise_model"":""uniform_circuit_level"",""p"":0.002,""rounds"":11}",
      2048,         3,         0,   0.117,pymatching,b6e3714279fa4d6e0b5096a25a7c87ca9bb12204811c2c9990504be90ed24c04,"{""basis"":""x"",""d"":11,""noise_model"":""uniform_circuit_level"",""p"":0.003,""rounds"":11}",
      6144,         0,         0,   0.152,pymatching,ca470c04f47291fdaf50f630e0b7e3f20ce47c7459de027d1a7f5d8a910df65c,"{""basis"":""x"",""d"":9,""noise_model"":""uniform_circuit_level"",""p"":0.002,""rounds"":9}",
      2048,         0,         0,   0.109,pymatching,d6061c9a594b6110f0d2d218d441ba6e898e4b528bde72e8fb66bfdffdda4374,"{""basis"":""x"",""d"":11,""noise_model"":""uniform_circuit_level"",""p"":0.002,""rounds"":11}",
      2048,         1,         0,   0.144,pymatching,b6e3714279fa4d6e0b5096a25a7c87ca9bb12204811c2c9990504be90ed24c04,"{""basis"":""x"",""d"":11,""noise_model"":""uniform_circuit_level"",""p"":0.003,""rounds"":11}",
     29696,         1,         0,    1.12,pymatching,d6061c9a594b6110f0d2d218d441ba6e898e4b528bde72e8fb66bfdffdda4374,"{""basis"":""x"",""d"":11,""noise_model"":""uniform_circuit_level"",""p"":0.002,""rounds"":11}",
      4096,         2,         0,   0.150,pymatching,5d84e63ae58ac8f38a4f71635acf8331f914499fac7161a0b5e56811dcddd0a1,"{""basis"":""x"",""d"":9,""noise_model"":""uniform_circuit_level"",""p"":0.003,""rounds"":9}",
      7168,         2,         0,   0.420,pymatching,b6e3714279fa4d6e0b5096a25a7c87ca9bb12204811c2c9990504be90ed24c04,"{""basis"":""x"",""d"":11,""noise_model"":""uniform_circuit_level"",""p"":0.003,""rounds"":11}",
     27648,         6,         0,    1.56,pymatching,b6e3714279fa4d6e0b5096a25a7c87ca9bb12204811c2c9990504be90ed24c04,"{""basis"":""x"",""d"":11,""noise_model"":""uniform_circuit_level"",""p"":0.003,""rounds"":11}",
      3072,         0,         0,   0.212,pymatching,b6e3714279fa4d6e0b5096a25a7c87ca9bb12204811c2c9990504be90ed24c04,"{""basis"":""x"",""d"":11,""noise_model"":""uniform_circuit_level"",""p"":0.003,""rounds"":11}",
      6144,         9,         0,   0.463,pymatching,feb98696aa4ad3a23e46527256fbbb6784603de330dd724864ce9f7de766b036,"{""basis"":""x"",""d"":11,""noise_model"":""uniform_circuit_level"",""p"":0.004,""rounds"":11}",
      3072,         0,         0,   0.149,pymatching,d6061c9a594b6110f0d2d218d441ba6e898e4b528bde72e8fb66bfdffdda4374,"{""basis"":""x"",""d"":11,""noise_model"":""uniform_circuit_level"",""p"":0.002,""rounds"":11}",
      2048,         0,         0,   0.154,pymatching,b6e3714279fa4d6e0b5096a25a7c87ca9bb12204811c2c9990504be90ed24c04,"{""basis"":""x"",""d"":11,""noise_model"":""uniform_circuit_level"",""p"":0.003,""rounds"":11}",
      8192,         1,         0,   0.218,pymatching,ca470c04f47291fdaf50f630e0b7e3f20ce47c7459de027d1a7f5d8a910df65c,"{""basis"":""x"",""d"":9,""noise_model"":""uniform_circuit_level"",""p"":0.002,""rounds"":9}",
      5120,         4,         0,   0.216,pymatching,5d84e63ae58ac8f38a4f71635acf8331f914499fac7161a0b5e56811dcddd0a1,"{""basis"":""x"",""d"":9,""noise_model"":""uniform_circuit_level"",""p"":0.003,""rounds"":9}",
      4096,         4,         0,   0.436,pymatching,feb98696aa4ad3a23e46527256fbbb6784603de330dd724864ce9f7de766b036,"{""basis"":""x"",""d"":11,""noise_model"":""uniform_circuit_level"",""p"":0.004,""rounds"":11}",
      2048,         0,         0,   0.153,pymatching,b6e3714279fa4d6e0b5096a25a7c87ca9bb12204811c2c9990504be90ed24c04,"{""basis"":""x"",""d"":11,""noise_model"":""uniform_circuit_level"",""p"":0.003,""rounds"":11}",
     39936,        26,         0,    1.11,pymatching,5d84e63ae58ac8f38a4f71635acf8331f914499fac7161a0b5e56811dcddd0a1,"{""basis"":""x"",""d"":9,""noise_model"":""uniform_circuit_level"",""p"":0.003,""rounds"":9}",
      5120,         0,         0,   0.215,pymatching,d6061c9a594b6110f0d2d218d441ba6e898e4b528bde72e8fb66bfdffdda4374,"{""basis"":""x"",""d"":11,""noise_model"":""uniform_circuit_level"",""p"":0.002,""rounds"":11}",
      3072,         0,         0,   0.233,pymatching,b6e3714279fa4d6e0b5096a25a7c87ca9bb12204811c2c9990504be90ed24c04,"{""basis"":""x"",""d"":11,""noise_model"":""uniform_circuit_level"",""p"":0.003,""rounds"":11}",
    123375,         4,         0,    2.51,pymatching,ca470c04f47291fdaf50f630e0b7e3f20ce47c7459de027d1a7f5d8a910df65c,"{""basis"":""x"",""d"":9,""noise_model"":""uniform_circuit_level"",""p"":0.002,""rounds"":9}",
     14336,         6,         0,   0.577,pymatching,5d84e63ae58ac8f38a4f71635acf8331f914499fac7161a0b5e56811dcddd0a1,"{""basis"":""x"",""d"":9,""noise_model"":""uniform_circuit_level"",""p"":0.003,""rounds"":9}",
     31744,         1,         0,   0.807,pymatching,ca470c04f47291fdaf50f630e0b7e3f20ce47c7459de027d1a7f5d8a910df65c,"{""basis"":""x"",""d"":9,""noise_model"":""uniform_circuit_level"",""p"":0.002,""rounds"":9}",
     28672,        57,         0,    2.21,pymatching,feb98696aa4ad3a23e46527256fbbb6784603de330dd724864ce9f7de766b036,"{""basis"":""x"",""d"":11,""noise_model"":""uniform_circuit_level"",""p"":0.004,""rounds"":11}",
      3072,         1,         0,   0.220,pymatching,b6e3714279fa4d6e0b5096a25a7c87ca9bb12204811c2c9990504be90ed24c04,"{""basis"":""x"",""d"":11,""noise_model"":""uniform_circuit_level"",""p"":0.003,""rounds"":11}",
     12288,         2,         0,   0.315,pymatching,ca470c04f47291fdaf50f630e0b7e3f20ce47c7459de027d1a7f5d8a910df65c,"{""basis"":""x"",""d"":9,""noise_model"":""uniform_circuit_level"",""p"":0.002,""rounds"":9}",
      8192,         5,         0,   0.330,pymatching,5d84e63ae58ac8f38a4f71635acf8331f914499fac7161a0b5e56811dcddd0a1,"{""basis"":""x"",""d"":9,""noise_model"":""uniform_circuit_level"",""p"":0.003,""rounds"":9}",
     22528,         0,         0,   0.804,pymatching,d6061c9a594b6110f0d2d218d441ba6e898e4b528bde72e8fb66bfdffdda4374,"{""basis"":""x"",""d"":11,""noise_model"":""uniform_circuit_level"",""p"":0.002,""rounds"":11}",
     84681,         9,         0,    1.67,pymatching,ca470c04f47291fdaf50f630e0b7e3f20ce47c7459de027d1a7f5d8a910df65c,"{""basis"":""x"",""d"":9,""noise_model"":""uniform_circuit_level"",""p"":0.002,""rounds"":9}",
      4096,         0,         0,   0.297,pymatching,b6e3714279fa4d6e0b5096a25a7c87ca9bb12204811c2c9990504be90ed24c04,"{""basis"":""x"",""d"":11,""noise_model"":""uniform_circuit_level"",""p"":0.003,""rounds"":11}",
      8192,         1,         0,   0.301,pymatching,d6061c9a594b6110f0d2d218d441ba6e898e4b528bde72e8fb66bfdffdda4374,"{""basis"":""x"",""d"":11,""noise_model"":""uniform_circuit_level"",""p"":0.002,""rounds"":11}",
     21504,         2,         0,    1.16,pymatching,b6e3714279fa4d6e0b5096a25a7c87ca9bb12204811c2c9990504be90ed24c04,"{""basis"":""x"",""d"":11,""noise_model"":""uniform_circuit_level"",""p"":0.003,""rounds"":11}",
     71680,         3,         0,    1.76,pymatching,ca470c04f47291fdaf50f630e0b7e3f20ce47c7459de027d1a7f5d8a910df65c,"{""basis"":""x"",""d"":9,""noise_model"":""uniform_circuit_level"",""p"":0.002,""rounds"":9}",
     10240,         1,         0,   0.594,pymatching,b6e3714279fa4d6e0b5096a25a7c87ca9bb12204811c2c9990504be90ed24c04,"{""basis"":""x"",""d"":11,""noise_model"":""uniform_circuit_level"",""p"":0.003,""rounds"":11}",
      8192,         6,         0,   0.631,pymatching,feb98696aa4ad3a23e46527256fbbb6784603de330dd724864ce9f7de766b036,"{""basis"":""x"",""d"":11,""noise_model"":""uniform_circuit_level"",""p"":0.004,""rounds"":11}",
     14336,        31,         0,    1.12,pymatching,feb98696aa4ad3a23e46527256fbbb6784603de330dd724864ce9f7de766b036,"{""basis"":""x"",""d"":11,""noise_model"":""uniform_circuit_level"",""p"":0.004,""rounds"":11}",
      4096,         1,         0,   0.350,pymatching,b6e3714279fa4d6e0b5096a25a7c87ca9bb12204811c2c9990504be90ed24c04,"{""basis"":""x"",""d"":11,""noise_model"":""uniform_circuit_level"",""p"":0.003,""rounds"":11}",
     20480,        21,         0,    1.63,pymatching,feb98696aa4ad3a23e46527256fbbb6784603de330dd724864ce9f7de766b036,"{""basis"":""x"",""d"":11,""noise_model"":""uniform_circuit_level"",""p"":0.004,""rounds"":11}",
      7168,        12,         0,   0.641,pymatching,feb98696aa4ad3a23e46527256fbbb6784603de330dd724864ce9f7de766b036,"{""basis"":""x"",""d"":11,""noise_model"":""uniform_circuit_level"",""p"":0.004,""rounds"":11}",
     14336,         2,         0,   0.407,pymatching,ca470c04f47291fdaf50f630e0b7e3f20ce47c7459de027d1a7f5d8a910df65c,"{""basis"":""x"",""d"":9,""noise_model"":""uniform_circuit_level"",""p"":0.002,""rounds"":9}",
     86016,        54,         0,    3.05,pymatching,5d84e63ae58ac8f38a4f71635acf8331f914499fac7161a0b5e56811dcddd0a1,"{""basis"":""x"",""d"":9,""noise_model"":""uniform_circuit_level"",""p"":0.003,""rounds"":9}",
      9216,         6,         0,   0.428,pymatching,5d84e63ae58ac8f38a4f71635acf8331f914499fac7161a0b5e56811dcddd0a1,"{""basis"":""x"",""d"":9,""noise_model"":""uniform_circuit_level"",""p"":0.003,""rounds"":9}",
     13001,         2,         0,   0.393,pymatching,ca470c04f47291fdaf50f630e0b7e3f20ce47c7459de027d1a7f5d8a910df65c,"{""basis"":""x"",""d"":9,""noise_model"":""uniform_circuit_level"",""p"":0.002,""rounds"":9}",
     62464,         5,         0,    1.29,pymatching,ca470c04f47291fdaf50f630e0b7e3f20ce47c7459de027d1a7f5d8a910df65c,"{""basis"":""x"",""d"":9,""noise_model"":""uniform_circuit_level"",""p"":0.002,""rounds"":9}",
     11264,         0,         0,   0.439,pymatching,d6061c9a594b6110f0d2d218d441ba6e898e4b528bde72e8fb66bfdffdda4374,"{""basis"":""x"",""d"":11,""noise_model"":""uniform_circuit_level"",""p"":0.002,""rounds"":11}",
      5120,         0,         0,   0.445,pymatching,b6e3714279fa4d6e0b5096a25a7c87ca9bb12204811c2c9990504be90ed24c04,"{""basis"":""x"",""d"":11,""noise_model"":""uniform_circuit_level"",""p"":0.003,""rounds"":11}",
     23552,        11,         0,   0.808,pymatching,5d84e63ae58ac8f38a4f71635acf8331f914499fac7161a0b5e56811dcddd0a1,"{""basis"":""x"",""d"":9,""noise_model"":""uniform_circuit_level"",""p"":0.003,""rounds"":9}",
     57344,         1,         0,    2.18,pymatching,d6061c9a594b6110f0d2d218d441ba6e898e4b528bde72e8fb66bfdffdda4374,"{""basis"":""x"",""d"":11,""noise_model"":""uniform_circuit_level"",""p"":0.002,""rounds"":11}",
     76800,         2,         0,    3.07,pymatching,d6061c9a594b6110f0d2d218d441ba6e898e4b528bde72e8fb66bfdffdda4374,"{""basis"":""x"",""d"":11,""noise_model"":""uniform_circuit_level"",""p"":0.002,""rounds"":11}",
      5120,         1,         0,   0.455,pymatching,b6e3714279fa4d6e0b5096a25a7c87ca9bb12204811c2c9990504be90ed24c04,"{""basis"":""x"",""d"":11,""noise_model"":""uniform_circuit_level"",""p"":0.003,""rounds"":11}",
     14336,         1,         0,   0.794,pymatching,b6e3714279fa4d6e0b5096a25a7c87ca9bb12204811c2c9990504be90ed24c04,"{""basis"":""x"",""d"":11,""noise_model"":""uniform_circuit_level"",""p"":0.003,""rounds"":11}",
     12315,         2,         0,   0.347,pymatching,ca470c04f47291fdaf50f630e0b7e3f20ce47c7459de027d1a7f5d8a910df65c,"{""basis"":""x"",""d"":9,""noise_model"":""uniform_circuit_level"",""p"":0.002,""rounds"":9}",
     39936,         5,         0,    1.11,pymatching,ca470c04f47291fdaf50f630e0b7e3f20ce47c7459de027d1a7f5d8a910df65c,"{""basis"":""x"",""d"":9,""noise_model"":""uniform_circuit_level"",""p"":0.002,""rounds"":9}",
     48128,        25,         0,    3.09,pymatching,b6e3714279fa4d6e0b5096a25a7c87ca9bb12204811c2c9990504be90ed24c04,"{""basis"":""x"",""d"":11,""noise_model"":""uniform_circuit_level"",""p"":0.003,""rounds"":11}",
     25600,         1,         0,   0.574,pymatching,ca470c04f47291fdaf50f630e0b7e3f20ce47c7459de027d1a7f5d8a910df65c,"{""basis"":""x"",""d"":9,""noise_model"":""uniform_circuit_level"",""p"":0.002,""rounds"":9}",
     38912,         2,         0,    1.10,pymatching,ca470c04f47291fdaf50f630e0b7e3f20ce47c7459de027d1a7f5d8a910df65c,"{""basis"":""x"",""d"":9,""noise_model"":""uniform_circuit_level"",""p"":0.002,""rounds"":9}",
     13312,         9,         0,   0.572,pymatching,5d84e63ae58ac8f38a4f71635acf8331f914499fac7161a0b5e56811dcddd0a1,"{""basis"":""x"",""d"":9,""noise_model"":""uniform_circuit_level"",""p"":0.003,""rounds"":9}",
     37888,        68,         0,    3.12,pymatching,feb98696aa4ad3a23e46527256fbbb6784603de330dd724864ce9f7de766b036,"{""basis"":""x"",""d"":11,""noise_model"":""uniform_circuit_level"",""p"":0.004,""rounds"":11}",
     43008,         2,         0,    1.57,pymatching,d6061c9a594b6110f0d2d218d441ba6e898e4b528bde72e8fb66bfdffdda4374,"{""basis"":""x"",""d"":11,""noise_model"":""uniform_circuit_level"",""p"":0.002,""rounds"":11}",
     11264,        12,         0,   0.863,pymatching,feb98696aa4ad3a23e46527256fbbb6784603de330dd724864ce9f7de766b036,"{""basis"":""x"",""d"":11,""noise_model"":""uniform_circuit_level"",""p"":0.004,""rounds"":11}",
     69632,        56,         0,    2.18,pymatching,5d84e63ae58ac8f38a4f71635acf8331f914499fac7161a0b5e56811dcddd0a1,"{""basis"":""x"",""d"":9,""noise_model"":""uniform_circuit_level"",""p"":0.003,""rounds"":9}",
     18670,         2,         0,   0.522,pymatching,ca470c04f47291fdaf50f630e0b7e3f20ce47c7459de027d1a7f5d8a910df65c,"{""basis"":""x"",""d"":9,""noise_model"":""uniform_circuit_level"",""p"":0.002,""rounds"":9}",
      7168,         1,         0,   0.577,pymatching,b6e3714279fa4d6e0b5096a25a7c87ca9bb12204811c2c9990504be90ed24c04,"{""basis"":""x"",""d"":11,""noise_model"":""uniform_circuit_level"",""p"":0.003,""rounds"":11}",
      8663,         2,         0,   0.169,pymatching,ca470c04f47291fdaf50f630e0b7e3f20ce47c7459de027d1a7f5d8a910df65c,"{""basis"":""x"",""d"":9,""noise_model"":""uniform_circuit_level"",""p"":0.002,""rounds"":9}",
     32768,         2,         0,   0.984,pymatching,ca470c04f47291fdaf50f630e0b7e3f20ce47c7459de027d1a7f5d8a910df65c,"{""basis"":""x"",""d"":9,""noise_model"":""uniform_circuit_level"",""p"":0.002,""rounds"":9}",
     16384,         0,         0,   0.583,pymatching,d6061c9a594b6110f0d2d218d441ba6e898e4b528bde72e8fb66bfdffdda4374,"{""basis"":""x"",""d"":11,""noise_model"":""uniform_circuit_level"",""p"":0.002,""rounds"":11}",
     10240,        16,         0,   0.828,pymatching,feb98696aa4ad3a23e46527256fbbb6784603de330dd724864ce9f7de766b036,"{""basis"":""x"",""d"":11,""noise_model"":""uniform_circuit_level"",""p"":0.004,""rounds"":11}",
      6838,         2,         0,   0.187,pymatching,ca470c04f47291fdaf50f630e0b7e3f20ce47c7459de027d1a7f5d8a910df65c,"{""basis"":""x"",""d"":9,""noise_model"":""uniform_circuit_level"",""p"":0.002,""rounds"":9}",
     30720,         2,         0,    1.11,pymatching,d6061c9a594b6110f0d2d218d441ba6e898e4b528bde72e8fb66bfdffdda4374,"{""basis"":""x"",""d"":11,""noise_model"":""uniform_circuit_level"",""p"":0.002,""rounds"":11}",
      1495,         0,         0,   0.031,pymatching,ca470c04f47291fdaf50f630e0b7e3f20ce47c7459de027d1a7f5d8a910df65c,"{""basis"":""x"",""d"":9,""noise_model"":""uniform_circuit_level"",""p"":0.002,""rounds"":9}",
      8192,         0,         0,   0.214,pymatching,ca470c04f47291fdaf50f630e0b7e3f20ce47c7459de027d1a7f5d8a910df65c,"{""basis"":""x"",""d"":9,""noise_model"":""uniform_circuit_level"",""p"":0.002,""rounds"":9}",
      7168,         0,         0,   0.198,pymatching,ca470c04f47291fdaf50f630e0b7e3f20ce47c7459de027d1a7f5d8a910df65c,"{""basis"":""x"",""d"":9,""noise_model"":""uniform_circuit_level"",""p"":0.002,""rounds"":9}",
      2584,         0,         0,   0.047,pymatching,ca470c04f47291fdaf50f630e0b7e3f20ce47c7459de027d1a7f5d8a910df65c,"{""basis"":""x"",""d"":9,""noise_model"":""uniform_circuit_level"",""p"":0.002,""rounds"":9}",
        84,         0,         0,   0.002,pymatching,ca470c04f47291fdaf50f630e0b7e3f20ce47c7459de027d1a7f5d8a910df65c,"{""basis"":""x"",""d"":9,""noise_model"":""uniform_circuit_level"",""p"":0.002,""rounds"":9}",
      3072,         1,         0,   0.080,pymatching,ca470c04f47291fdaf50f630e0b7e3f20ce47c7459de027d1a7f5d8a910df65c,"{""basis"":""x"",""d"":9,""noise_model"":""uniform_circuit_level"",""p"":0.002,""rounds"":9}",
       431,         0,         0,   0.011,pymatching,ca470c04f47291fdaf50f630e0b7e3f20ce47c7459de027d1a7f5d8a910df65c,"{""basis"":""x"",""d"":9,""noise_model"":""uniform_circuit_level"",""p"":0.002,""rounds"":9}",
      1195,         0,         0,   0.023,pymatching,ca470c04f47291fdaf50f630e0b7e3f20ce47c7459de027d1a7f5d8a910df65c,"{""basis"":""x"",""d"":9,""noise_model"":""uniform_circuit_level"",""p"":0.002,""rounds"":9}",
       459,         0,         0,   0.010,pymatching,ca470c04f47291fdaf50f630e0b7e3f20ce47c7459de027d1a7f5d8a910df65c,"{""basis"":""x"",""d"":9,""noise_model"":""uniform_circuit_level"",""p"":0.002,""rounds"":9}",
      2048,         0,         0,   0.037,pymatching,ca470c04f47291fdaf50f630e0b7e3f20ce47c7459de027d1a7f5d8a910df65c,"{""basis"":""x"",""d"":9,""noise_model"":""uniform_circuit_level"",""p"":0.002,""rounds"":9}",
      2048,         0,         0,   0.046,pymatching,ca470c04f47291fdaf50f630e0b7e3f20ce47c7459de027d1a7f5d8a910df65c,"{""basis"":""x"",""d"":9,""noise_model"":""uniform_circuit_level"",""p"":0.002,""rounds"":9}",
      2048,         0,         0,   0.046,pymatching,ca470c04f47291fdaf50f630e0b7e3f20ce47c7459de027d1a7f5d8a910df65c,"{""basis"":""x"",""d"":9,""noise_model"":""uniform_circuit_level"",""p"":0.002,""rounds"":9}",
       271,         0,         0,   0.005,pymatching,ca470c04f47291fdaf50f630e0b7e3f20ce47c7459de027d1a7f5d8a910df65c,"{""basis"":""x"",""d"":9,""noise_model"":""uniform_circuit_level"",""p"":0.002,""rounds"":9}",
       396,         0,         0,   0.009,pymatching,ca470c04f47291fdaf50f630e0b7e3f20ce47c7459de027d1a7f5d8a910df65c,"{""basis"":""x"",""d"":9,""noise_model"":""uniform_circuit_level"",""p"":0.002,""rounds"":9}",
       194,         0,         0,   0.004,pymatching,ca470c04f47291fdaf50f630e0b7e3f20ce47c7459de027d1a7f5d8a910df65c,"{""basis"":""x"",""d"":9,""noise_model"":""uniform_circuit_level"",""p"":0.002,""rounds"":9}",
       280,         0,         0,   0.006,pymatching,ca470c04f47291fdaf50f630e0b7e3f20ce47c7459de027d1a7f5d8a910df65c,"{""basis"":""x"",""d"":9,""noise_model"":""uniform_circuit_level"",""p"":0.002,""rounds"":9}",
        76,         0,         0,   0.002,pymatching,ca470c04f47291fdaf50f630e0b7e3f20ce47c7459de027d1a7f5d8a910df65c,"{""basis"":""x"",""d"":9,""noise_model"":""uniform_circuit_level"",""p"":0.002,""rounds"":9}",
      1585,         0,         0,   0.033,pymatching,ca470c04f47291fdaf50f630e0b7e3f20ce47c7459de027d1a7f5d8a910df65c,"{""basis"":""x"",""d"":9,""noise_model"":""uniform_circuit_level"",""p"":0.002,""rounds"":9}",
        45,         0,         0,   0.001,pymatching,ca470c04f47291fdaf50f630e0b7e3f20ce47c7459de027d1a7f5d8a910df65c,"{""basis"":""x"",""d"":9,""noise_model"":""uniform_circuit_level"",""p"":0.002,""rounds"":9}",
       516,         0,         0,   0.013,pymatching,ca470c04f47291fdaf50f630e0b7e3f20ce47c7459de027d1a7f5d8a910df65c,"{""basis"":""x"",""d"":9,""noise_model"":""uniform_circuit_level"",""p"":0.002,""rounds"":9}",
     55296,        32,         0,    1.56,pymatching,5d84e63ae58ac8f38a4f71635acf8331f914499fac7161a0b5e56811dcddd0a1,"{""basis"":""x"",""d"":9,""noise_model"":""uniform_circuit_level"",""p"":0.003,""rounds"":9}",
      9216,         6,         0,   0.629,pymatching,b6e3714279fa4d6e0b5096a25a7c87ca9bb12204811c2c9990504be90ed24c04,"{""basis"":""x"",""d"":11,""noise_model"":""uniform_circuit_level"",""p"":0.003,""rounds"":11}",
       273,         0,         0,   0.013,pymatching,5d84e63ae58ac8f38a4f71635acf8331f914499fac7161a0b5e56811dcddd0a1,"{""basis"":""x"",""d"":9,""noise_model"":""uniform_circuit_level"",""p"":0.003,""rounds"":9}",
       273,         0,         0,   0.014,pymatching,5d84e63ae58ac8f38a4f71635acf8331f914499fac7161a0b5e56811dcddd0a1,"{""basis"":""x"",""d"":9,""noise_model"":""uniform_circuit_level"",""p"":0.003,""rounds"":9}",
      1024,         0,         0,   0.034,pymatching,5d84e63ae58ac8f38a4f71635acf8331f914499fac7161a0b5e56811dcddd0a1,"{""basis"":""x"",""d"":9,""noise_model"":""uniform_circuit_level"",""p"":0.003,""rounds"":9}",
         1,         0,         0,   0.010,pymatching,feb98696aa4ad3a23e46527256fbbb6784603de330dd724864ce9f7de766b036,"{""basis"":""x"",""d"":11,""noise_model"":""uniform_circuit_level"",""p"":0.004,""rounds"":11}",
      1024,         3,         0,   0.032,pymatching,5d84e63ae58ac8f38a4f71635acf8331f914499fac7161a0b5e56811dcddd0a1,"{""basis"":""x"",""d"":9,""noise_model"":""uniform_circuit_level"",""p"":0.003,""rounds"":9}",
       272,         0,         0,   0.021,pymatching,feb98696aa4ad3a23e46527256fbbb6784603de330dd724864ce9f7de766b036,"{""basis"":""x"",""d"":11,""noise_model"":""uniform_circuit_level"",""p"":0.004,""rounds"":11}",
      1024,         0,         0,   0.044,pymatching,5d84e63ae58ac8f38a4f71635acf8331f914499fac7161a0b5e56811dcddd0a1,"{""basis"":""x"",""d"":9,""noise_model"":""uniform_circuit_level"",""p"":0.003,""rounds"":9}",
      1024,         1,         0,   0.028,pymatching,5d84e63ae58ac8f38a4f71635acf8331f914499fac7161a0b5e56811dcddd0a1,"{""basis"":""x"",""d"":9,""noise_model"":""uniform_circuit_level"",""p"":0.003,""rounds"":9}",
      1024,         2,         0,   0.043,pymatching,5d84e63ae58ac8f38a4f71635acf8331f914499fac7161a0b5e56811dcddd0a1,"{""basis"":""x"",""d"":9,""noise_model"":""uniform_circuit_level"",""p"":0.003,""rounds"":9}",
         1,         0,         0,   0.027,pymatching,d6061c9a594b6110f0d2d218d441ba6e898e4b528bde72e8fb66bfdffdda4374,"{""basis"":""x"",""d"":11,""noise_model"":""uniform_circuit_level"",""p"":0.002,""rounds"":11}",
        17,         0,         0,   0.011,pymatching,feb98696aa4ad3a23e46527256fbbb6784603de330dd724864ce9f7de766b036,"{""basis"":""x"",""d"":11,""noise_model"":""uniform_circuit_level"",""p"":0.004,""rounds"":11}",
      1024,         0,         0,   0.077,pymatching,feb98696aa4ad3a23e46527256fbbb6784603de330dd724864ce9f7de766b036,"{""basis"":""x"",""d"":11,""noise_model"":""uniform_circuit_level"",""p"":0.004,""rounds"":11}",
         1,         0,         0,   0.028,pymatching,d6061c9a594b6110f0d2d218d441ba6e898e4b528bde72e8fb66bfdffdda4374,"{""basis"":""x"",""d"":11,""noise_model"":""uniform_circuit_level"",""p"":0.002,""rounds"":11}",
      1024,         0,         0,   0.034,pymatching,5d84e63ae58ac8f38a4f71635acf8331f914499fac7161a0b5e56811dcddd0a1,"{""basis"":""x"",""d"":9,""noise_model"":""uniform_circuit_level"",""p"":0.003,""rounds"":9}",
      2048,         0,         0,   0.057,pymatching,5d84e63ae58ac8f38a4f71635acf8331f914499fac7161a0b5e56811dcddd0a1,"{""basis"":""x"",""d"":9,""noise_model"":""uniform_circuit_level"",""p"":0.003,""rounds"":9}",
       256,         0,         0,   0.027,pymatching,feb98696aa4ad3a23e46527256fbbb6784603de330dd724864ce9f7de766b036,"{""basis"":""x"",""d"":11,""noise_model"":""uniform_circuit_level"",""p"":0.004,""rounds"":11}",
      1296,         0,         0,   0.059,pymatching,d6061c9a594b6110f0d2d218d441ba6e898e4b528bde72e8fb66bfdffdda4374,"{""basis"":""x"",""d"":11,""noise_model"":""uniform_circuit_level"",""p"":0.002,""rounds"":11}",
      1296,         0,         0,   0.058,pymatching,d6061c9a594b6110f0d2d218d441ba6e898e4b528bde72e8fb66bfdffdda4374,"{""basis"":""x"",""d"":11,""noise_model"":""uniform_circuit_level"",""p"":0.002,""rounds"":11}",
      2048,         1,         0,   0.057,pymatching,5d84e63ae58ac8f38a4f71635acf8331f914499fac7161a0b5e56811dcddd0a1,"{""basis"":""x"",""d"":9,""noise_model"":""uniform_circuit_level"",""p"":0.003,""rounds"":9}",
      1024,         1,         0,   0.078,pymatching,feb98696aa4ad3a23e46527256fbbb6784603de330dd724864ce9f7de766b036,"{""basis"":""x"",""d"":11,""noise_model"":""uniform_circuit_level"",""p"":0.004,""rounds"":11}",
      1024,         0,         0,   0.049,pymatching,d6061c9a594b6110f0d2d218d441ba6e898e4b528bde72e8fb66bfdffdda4374,"{""basis"":""x"",""d"":11,""noise_model"":""uniform_circuit_level"",""p"":0.002,""rounds"":11}",
     26624,         9,         0,    1.58,pymatching,b6e3714279fa4d6e0b5096a25a7c87ca9bb12204811c2c9990504be90ed24c04,"{""basis"":""x"",""d"":11,""noise_model"":""uniform_circuit_level"",""p"":0.003,""rounds"":11}",
      1024,         0,         0,   0.041,pymatching,d6061c9a594b6110f0d2d218d441ba6e898e4b528bde72e8fb66bfdffdda4374,"{""basis"":""x"",""d"":11,""noise_model"":""uniform_circuit_level"",""p"":0.002,""rounds"":11}",
      2048,         1,         0,   0.096,pymatching,5d84e63ae58ac8f38a4f71635acf8331f914499fac7161a0b5e56811dcddd0a1,"{""basis"":""x"",""d"":9,""noise_model"":""uniform_circuit_level"",""p"":0.003,""rounds"":9}",
      1024,         1,         0,   0.093,pymatching,feb98696aa4ad3a23e46527256fbbb6784603de330dd724864ce9f7de766b036,"{""basis"":""x"",""d"":11,""noise_model"":""uniform_circuit_level"",""p"":0.004,""rounds"":11}",
      1024,         0,         0,   0.045,pymatching,d6061c9a594b6110f0d2d218d441ba6e898e4b528bde72e8fb66bfdffdda4374,"{""basis"":""x"",""d"":11,""noise_model"":""uniform_circuit_level"",""p"":0.002,""rounds"":11}",
      1024,         0,         0,   0.044,pymatching,d6061c9a594b6110f0d2d218d441ba6e898e4b528bde72e8fb66bfdffdda4374,"{""basis"":""x"",""d"":11,""noise_model"":""uniform_circuit_level"",""p"":0.002,""rounds"":11}",
      3072,         4,         0,   0.090,pymatching,5d84e63ae58ac8f38a4f71635acf8331f914499fac7161a0b5e56811dcddd0a1,"{""basis"":""x"",""d"":9,""noise_model"":""uniform_circuit_level"",""p"":0.003,""rounds"":9}",
     38912,        10,         0,    2.19,pymatching,b6e3714279fa4d6e0b5096a25a7c87ca9bb12204811c2c9990504be90ed24c04,"{""basis"":""x"",""d"":11,""noise_model"":""uniform_circuit_level"",""p"":0.003,""rounds"":11}",
     35840,        28,         0,    1.12,pymatching,5d84e63ae58ac8f38a4f71635acf8331f914499fac7161a0b5e56811dcddd0a1,"{""basis"":""x"",""d"":9,""noise_model"":""uniform_circuit_level"",""p"":0.003,""rounds"":9}",
      1024,         5,         0,   0.078,pymatching,feb98696aa4ad3a23e46527256fbbb6784603de330dd724864ce9f7de766b036,"{""basis"":""x"",""d"":11,""noise_model"":""uniform_circuit_level"",""p"":0.004,""rounds"":11}",
      1024,         0,         0,   0.041,pymatching,d6061c9a594b6110f0d2d218d441ba6e898e4b528bde72e8fb66bfdffdda4374,"{""basis"":""x"",""d"":11,""noise_model"":""uniform_circuit_level"",""p"":0.002,""rounds"":11}",
      2048,         2,         0,   0.077,pymatching,5d84e63ae58ac8f38a4f71635acf8331f914499fac7161a0b5e56811dcddd0a1,"{""basis"":""x"",""d"":9,""noise_model"":""uniform_circuit_level"",""p"":0.003,""rounds"":9}",
      1024,         0,         0,   0.047,pymatching,d6061c9a594b6110f0d2d218d441ba6e898e4b528bde72e8fb66bfdffdda4374,"{""basis"":""x"",""d"":11,""noise_model"":""uniform_circuit_level"",""p"":0.002,""rounds"":11}",
     81920,         3,         0,    3.06,pymatching,d6061c9a594b6110f0d2d218d441ba6e898e4b528bde72e8fb66bfdffdda4374,"{""basis"":""x"",""d"":11,""noise_model"":""uniform_circuit_level"",""p"":0.002,""rounds"":11}",
     21504,        16,         0,   0.813,pymatching,5d84e63ae58ac8f38a4f71635acf8331f914499fac7161a0b5e56811dcddd0a1,"{""basis"":""x"",""d"":9,""noise_model"":""uniform_circuit_level"",""p"":0.003,""rounds"":9}",
      1024,         0,         0,   0.060,pymatching,d6061c9a594b6110f0d2d218d441ba6e898e4b528bde72e8fb66bfdffdda4374,"{""basis"":""x"",""d"":11,""noise_model"":""uniform_circuit_level"",""p"":0.002,""rounds"":11}",
      1024,         1,         0,   0.114,pymatching,feb98696aa4ad3a23e46527256fbbb6784603de330dd724864ce9f7de766b036,"{""basis"":""x"",""d"":11,""noise_model"":""uniform_circuit_level"",""p"":0.004,""rounds"":11}",
      1024,         4,         0,   0.077,pymatching,feb98696aa4ad3a23e46527256fbbb6784603de330dd724864ce9f7de766b036,"{""basis"":""x"",""d"":11,""noise_model"":""uniform_circuit_level"",""p"":0.004,""rounds"":11}",
      2048,         1,         0,   0.084,pymatching,5d84e63ae58ac8f38a4f71635acf8331f914499fac7161a0b5e56811dcddd0a1,"{""basis"":""x"",""d"":9,""noise_model"":""uniform_circuit_level"",""p"":0.003,""rounds"":9}",
      4096,         1,         0,   0.114,pymatching,5d84e63ae58ac8f38a4f71635acf8331f914499fac7161a0b5e56811dcddd0a1,"{""basis"":""x"",""d"":9,""noise_model"":""uniform_circuit_level"",""p"":0.003,""rounds"":9}",
     20480,        44,         0,    1.61,pymatching,feb98696aa4ad3a23e46527256fbbb6784603de330dd724864ce9f7de766b036,"{""basis"":""x"",""d"":11,""noise_model"":""uniform_circuit_level"",""p"":0.004,""rounds"":11}",
      2048,         0,         0,   0.097,pymatching,d6061c9a594b6110f0d2d218d441ba6e898e4b528bde72e8fb66bfdffdda4374,"{""basis"":""x"",""d"":11,""noise_model"":""uniform_circuit_level"",""p"":0.002,""rounds"":11}",
      1024,         1,         0,   0.076,pymatching,feb98696aa4ad3a23e46527256fbbb6784603de330dd724864ce9f7de766b036,"{""basis"":""x"",""d"":11,""noise_model"":""uniform_circuit_level"",""p"":0.004,""rounds"":11}",
      2048,         0,         0,   0.095,pymatching,d6061c9a594b6110f0d2d218d441ba6e898e4b528bde72e8fb66bfdffdda4374,"{""basis"":""x"",""d"":11,""noise_model"":""uniform_circuit_level"",""p"":0.002,""rounds"":11}",
      1024,         4,         0,   0.096,pymatching,feb98696aa4ad3a23e46527256fbbb6784603de330dd724864ce9f7de766b036,"{""basis"":""x"",""d"":11,""noise_model"":""uniform_circuit_level"",""p"":0.004,""rounds"":11}",
     18432,         1,         0,   0.819,pymatching,d6061c9a594b6110f0d2d218d441ba6e898e4b528bde72e8fb66bfdffdda4374,"{""basis"":""x"",""d"":11,""noise_model"":""uniform_circuit_level"",""p"":0.002,""rounds"":11}",
     12288,         4,         0,   0.839,pymatching,b6e3714279fa4d6e0b5096a25a7c87ca9bb12204811c2c9990504be90ed24c04,"{""basis"":""x"",""d"":11,""noise_model"":""uniform_circuit_level"",""p"":0.003,""rounds"":11}",
      3072,         1,         0,   0.110,pymatching,5d84e63ae58ac8f38a4f71635acf8331f914499fac7161a0b5e56811dcddd0a1,"{""basis"":""x"",""d"":9,""noise_model"":""uniform_circuit_level"",""p"":0.003,""rounds"":9}",
      2048,         0,         0,   0.090,pymatching,d6061c9a594b6110f0d2d218d441ba6e898e4b528bde72e8fb66bfdffdda4374,"{""basis"":""x"",""d"":11,""noise_model"":""uniform_circuit_level"",""p"":0.002,""rounds"":11}",
     86016,        54,         0,    3.04,pymatching,5d84e63ae58ac8f38a4f71635acf8331f914499fac7161a0b5e56811dcddd0a1,"{""basis"":""x"",""d"":9,""noise_model"":""uniform_circuit_level"",""p"":0.003,""rounds"":9}",
      1024,         2,         0,   0.094,pymatching,feb98696aa4ad3a23e46527256fbbb6784603de330dd724864ce9f7de766b036,"{""basis"":""x"",""d"":11,""noise_model"":""uniform_circuit_level"",""p"":0.004,""rounds"":11}",
      5120,         3,         0,   0.160,pymatching,5d84e63ae58ac8f38a4f71635acf8331f914499fac7161a0b5e56811dcddd0a1,"{""basis"":""x"",""d"":9,""noise_model"":""uniform_circuit_level"",""p"":0.003,""rounds"":9}",
      2048,         0,         0,   0.107,pymatching,d6061c9a594b6110f0d2d218d441ba6e898e4b528bde72e8fb66bfdffdda4374,"{""basis"":""x"",""d"":11,""noise_model"":""uniform_circuit_level"",""p"":0.002,""rounds"":11}",
      2048,         4,         0,   0.151,pymatching,feb98696aa4ad3a23e46527256fbbb6784603de330dd724864ce9f7de766b036,"{""basis"":""x"",""d"":11,""noise_model"":""uniform_circuit_level"",""p"":0.004,""rounds"":11}",
     20480,         4,         0,    1.16,pymatching,b6e3714279fa4d6e0b5096a25a7c87ca9bb12204811c2c9990504be90ed24c04,"{""basis"":""x"",""d"":11,""noise_model"":""uniform_circuit_level"",""p"":0.003,""rounds"":11}",
      1024,         4,         0,   0.106,pymatching,feb98696aa4ad3a23e46527256fbbb6784603de330dd724864ce9f7de766b036,"{""basis"":""x"",""d"":11,""noise_model"":""uniform_circuit_level"",""p"":0.004,""rounds"":11}",
      3072,         0,         0,   0.164,pymatching,d6061c9a594b6110f0d2d218d441ba6e898e4b528bde72e8fb66bfdffdda4374,"{""basis"":""x"",""d"":11,""noise_model"":""uniform_circuit_level"",""p"":0.002,""rounds"":11}",
      5120,         2,         0,   0.185,pymatching,5d84e63ae58ac8f38a4f71635acf8331f914499fac7161a0b5e56811dcddd0a1,"{""basis"":""x"",""d"":9,""noise_model"":""uniform_circuit_level"",""p"":0.003,""rounds"":9}",
      2048,         6,         0,   0.155,pymatching,feb98696aa4ad3a23e46527256fbbb6784603de330dd724864ce9f7de766b036,"{""basis"":""x"",""d"":11,""noise_model"":""uniform_circuit_level"",""p"":0.004,""rounds"":11}",
      4096,         0,         0,   0.180,pymatching,d6061c9a594b6110f0d2d218d441ba6e898e4b528bde72e8fb66bfdffdda4374,"{""basis"":""x"",""d"":11,""noise_model"":""uniform_circuit_level"",""p"":0.002,""rounds"":11}",
     15360,        22,         0,    1.15,pymatching,feb98696aa4ad3a23e46527256fbbb6784603de330dd724864ce9f7de766b036,"{""basis"":""x"",""d"":11,""noise_model"":""uniform_circuit_level"",""p"":0.004,""rounds"":11}",
     11264,         2,         0,   0.841,pymatching,b6e3714279fa4d6e0b5096a25a7c87ca9bb12204811c2c9990504be90ed24c04,"{""basis"":""x"",""d"":11,""noise_model"":""uniform_circuit_level"",""p"":0.003,""rounds"":11}",
      8192,         5,         0,   0.232,pymatching,5d84e63ae58ac8f38a4f71635acf8331f914499fac7161a0b5e56811dcddd0a1,"{""basis"":""x"",""d"":9,""noise_model"":""uniform_circuit_level"",""p"":0.003,""rounds"":9}",
      3072,         0,         0,   0.148,pymatching,d6061c9a594b6110f0d2d218d441ba6e898e4b528bde72e8fb66bfdffdda4374,"{""basis"":""x"",""d"":11,""noise_model"":""uniform_circuit_level"",""p"":0.002,""rounds"":11}",
     14336,        22,         0,    1.13,pymatching,feb98696aa4ad3a23e46527256fbbb6784603de330dd724864ce9f7de766b036,"{""basis"":""x"",""d"":11,""noise_model"":""uniform_circuit_level"",""p"":0.004,""rounds"":11}",
      2048,         3,         0,   0.190,pymatching,feb98696aa4ad3a23e46527256fbbb6784603de330dd724864ce9f7de766b036,"{""basis"":""x"",""d"":11,""noise_model"":""uniform_circuit_level"",""p"":0.004,""rounds"":11}",
     54272,        16,         0,    3.10,pymatching,b6e3714279fa4d6e0b5096a25a7c87ca9bb12204811c2c9990504be90ed24c04,"{""basis"":""x"",""d"":11,""noise_model"":""uniform_circuit_level"",""p"":0.003,""rounds"":11}",
      6144,         5,         0,   0.245,pymatching,5d84e63ae58ac8f38a4f71635acf8331f914499fac7161a0b5e56811dcddd0a1,"{""basis"":""x"",""d"":9,""noise_model"":""uniform_circuit_level"",""p"":0.003,""rounds"":9}",
      5120,         0,         0,   0.228,pymatching,d6061c9a594b6110f0d2d218d441ba6e898e4b528bde72e8fb66bfdffdda4374,"{""basis"":""x"",""d"":11,""noise_model"":""uniform_circuit_level"",""p"":0.002,""rounds"":11}",
      3072,         8,         0,   0.231,pymatching,feb98696aa4ad3a23e46527256fbbb6784603de330dd724864ce9f7de766b036,"{""basis"":""x"",""d"":11,""noise_model"":""uniform_circuit_level"",""p"":0.004,""rounds"":11}",
      2048,         2,         0,   0.201,pymatching,feb98696aa4ad3a23e46527256fbbb6784603de330dd724864ce9f7de766b036,"{""basis"":""x"",""d"":11,""noise_model"":""uniform_circuit_level"",""p"":0.004,""rounds"":11}",
     27648,        50,         0,    2.20,pymatching,feb98696aa4ad3a23e46527256fbbb6784603de330dd724864ce9f7de766b036,"{""basis"":""x"",""d"":11,""noise_model"":""uniform_circuit_level"",""p"":0.004,""rounds"":11}",
      5120,         0,         0,   0.250,pymatching,d6061c9a594b6110f0d2d218d441ba6e898e4b528bde72e8fb66bfdffdda4374,"{""basis"":""x"",""d"":11,""noise_model"":""uniform_circuit_level"",""p"":0.002,""rounds"":11}",
     11264,        12,         0,   0.315,pymatching,5d84e63ae58ac8f38a4f71635acf8331f914499fac7161a0b5e56811dcddd0a1,"{""basis"":""x"",""d"":9,""noise_model"":""uniform_circuit_level"",""p"":0.003,""rounds"":9}",
      9216,         6,         0,   0.304,pymatching,5d84e63ae58ac8f38a4f71635acf8331f914499fac7161a0b5e56811dcddd0a1,"{""basis"":""x"",""d"":9,""noise_model"":""uniform_circuit_level"",""p"":0.003,""rounds"":9}",
      7168,         0,         0,   0.291,pymatching,d6061c9a594b6110f0d2d218d441ba6e898e4b528bde72e8fb66bfdffdda4374,"{""basis"":""x"",""d"":11,""noise_model"":""uniform_circuit_level"",""p"":0.002,""rounds"":11}",
     43008,         1,         0,    1.57,pymatching,d6061c9a594b6110f0d2d218d441ba6e898e4b528bde72e8fb66bfdffdda4374,"{""basis"":""x"",""d"":11,""noise_model"":""uniform_circuit_level"",""p"":0.002,""rounds"":11}",
      4096,         4,         0,   0.318,pymatching,feb98696aa4ad3a23e46527256fbbb6784603de330dd724864ce9f7de766b036,"{""basis"":""x"",""d"":11,""noise_model"":""uniform_circuit_level"",""p"":0.004,""rounds"":11}",
      3072,         7,         0,   0.259,pymatching,feb98696aa4ad3a23e46527256fbbb6784603de330dd724864ce9f7de766b036,"{""basis"":""x"",""d"":11,""noise_model"":""uniform_circuit_level"",""p"":0.004,""rounds"":11}",
      8192,         0,         0,   0.321,pymatching,d6061c9a594b6110f0d2d218d441ba6e898e4b528bde72e8fb66bfdffdda4374,"{""basis"":""x"",""d"":11,""noise_model"":""uniform_circuit_level"",""p"":0.002,""rounds"":11}",
     30404,        18,         0,   0.870,pymatching,5d84e63ae58ac8f38a4f71635acf8331f914499fac7161a0b5e56811dcddd0a1,"{""basis"":""x"",""d"":9,""noise_model"":""uniform_circuit_level"",""p"":0.003,""rounds"":9}",
     80896,        43,         0,    2.49,pymatching,5d84e63ae58ac8f38a4f71635acf8331f914499fac7161a0b5e56811dcddd0a1,"{""basis"":""x"",""d"":9,""noise_model"":""uniform_circuit_level"",""p"":0.003,""rounds"":9}",
     31744,        18,         0,    1.13,pymatching,5d84e63ae58ac8f38a4f71635acf8331f914499fac7161a0b5e56811dcddd0a1,"{""basis"":""x"",""d"":9,""noise_model"":""uniform_circuit_level"",""p"":0.003,""rounds"":9}",
     13312,         9,         0,   0.383,pymatching,5d84e63ae58ac8f38a4f71635acf8331f914499fac7161a0b5e56811dcddd0a1,"{""basis"":""x"",""d"":9,""noise_model"":""uniform_circuit_level"",""p"":0.003,""rounds"":9}",
      8192,         8,         0,   0.254,pymatching,5d84e63ae58ac8f38a4f71635acf8331f914499fac7161a0b5e56811dcddd0a1,"{""basis"":""x"",""d"":9,""noise_model"":""uniform_circuit_level"",""p"":0.003,""rounds"":9}",
      2048,         1,         0,   0.079,pymatching,5d84e63ae58ac8f38a4f71635acf8331f914499fac7161a0b5e56811dcddd0a1,"{""basis"":""x"",""d"":9,""noise_model"":""uniform_circuit_level"",""p"":0.003,""rounds"":9}",
     35840,        31,         0,    1.21,pymatching,5d84e63ae58ac8f38a4f71635acf8331f914499fac7161a0b5e56811dcddd0a1,"{""basis"":""x"",""d"":9,""noise_model"":""uniform_circuit_level"",""p"":0.003,""rounds"":9}",
     63488,        51,         0,    1.87,pymatching,5d84e63ae58ac8f38a4f71635acf8331f914499fac7161a0b5e56811dcddd0a1,"{""basis"":""x"",""d"":9,""noise_model"":""uniform_circuit_level"",""p"":0.003,""rounds"":9}",
     58368,        40,         0,    1.63,pymatching,5d84e63ae58ac8f38a4f71635acf8331f914499fac7161a0b5e56811dcddd0a1,"{""basis"":""x"",""d"":9,""noise_model"":""uniform_circuit_level"",""p"":0.003,""rounds"":9}",
      2048,         0,         0,   0.065,pymatching,5d84e63ae58ac8f38a4f71635acf8331f914499fac7161a0b5e56811dcddd0a1,"{""basis"":""x"",""d"":9,""noise_model"":""uniform_circuit_level"",""p"":0.003,""rounds"":9}",
     36864,        42,         0,    3.11,pymatching,feb98696aa4ad3a23e46527256fbbb6784603de330dd724864ce9f7de766b036,"{""basis"":""x"",""d"":11,""noise_model"":""uniform_circuit_level"",""p"":0.004,""rounds"":11}",
     27648,         0,         0,    1.14,pymatching,d6061c9a594b6110f0d2d218d441ba6e898e4b528bde72e8fb66bfdffdda4374,"{""basis"":""x"",""d"":11,""noise_model"":""uniform_circuit_level"",""p"":0.002,""rounds"":11}",
      4096,        11,         0,   0.421,pymatching,feb98696aa4ad3a23e46527256fbbb6784603de330dd724864ce9f7de766b036,"{""basis"":""x"",""d"":11,""noise_model"":""uniform_circuit_level"",""p"":0.004,""rounds"":11}",
     17408,         4,         0,    1.23,pymatching,b6e3714279fa4d6e0b5096a25a7c87ca9bb12204811c2c9990504be90ed24c04,"{""basis"":""x"",""d"":11,""noise_model"":""uniform_circuit_level"",""p"":0.003,""rounds"":11}",
     10240,         0,         0,   0.455,pymatching,d6061c9a594b6110f0d2d218d441ba6e898e4b528bde72e8fb66bfdffdda4374,"{""basis"":""x"",""d"":11,""noise_model"":""uniform_circuit_level"",""p"":0.002,""rounds"":11}",
      2048,         2,         0,   0.183,pymatching,feb98696aa4ad3a23e46527256fbbb6784603de330dd724864ce9f7de766b036,"{""basis"":""x"",""d"":11,""noise_model"":""uniform_circuit_level"",""p"":0.004,""rounds"":11}",
     59392,         2,         0,    2.17,pymatching,d6061c9a594b6110f0d2d218d441ba6e898e4b528bde72e8fb66bfdffdda4374,"{""basis"":""x"",""d"":11,""noise_model"":""uniform_circuit_level"",""p"":0.002,""rounds"":11}",
     11264,        18,         0,   0.921,pymatching,feb98696aa4ad3a23e46527256fbbb6784603de330dd724864ce9f7de766b036,"{""basis"":""x"",""d"":11,""noise_model"":""uniform_circuit_level"",""p"":0.004,""rounds"":11}",
     17408,        28,         0,    1.36,pymatching,feb98696aa4ad3a23e46527256fbbb6784603de330dd724864ce9f7de766b036,"{""basis"":""x"",""d"":11,""noise_model"":""uniform_circuit_level"",""p"":0.004,""rounds"":11}",
      4096,         5,         0,   0.455,pymatching,feb98696aa4ad3a23e46527256fbbb6784603de330dd724864ce9f7de766b036,"{""basis"":""x"",""d"":11,""noise_model"":""uniform_circuit_level"",""p"":0.004,""rounds"":11}",
     22528,        37,         0,    2.23,pymatching,feb98696aa4ad3a23e46527256fbbb6784603de330dd724864ce9f7de766b036,"{""basis"":""x"",""d"":11,""noise_model"":""uniform_circuit_level"",""p"":0.004,""rounds"":11}",
      9216,        15,         0,   0.715,pymatching,feb98696aa4ad3a23e46527256fbbb6784603de330dd724864ce9f7de766b036,"{""basis"":""x"",""d"":11,""noise_model"":""uniform_circuit_level"",""p"":0.004,""rounds"":11}",
     12288,        16,         0,    1.05,pymatching,feb98696aa4ad3a23e46527256fbbb6784603de330dd724864ce9f7de766b036,"{""basis"":""x"",""d"":11,""noise_model"":""uniform_circuit_level"",""p"":0.004,""rounds"":11}",
      1024,         1,         0,   0.108,pymatching,feb98696aa4ad3a23e46527256fbbb6784603de330dd724864ce9f7de766b036,"{""basis"":""x"",""d"":11,""noise_model"":""uniform_circuit_level"",""p"":0.004,""rounds"":11}",
         1,         0,         0,   0.010,pymatching,d6061c9a594b6110f0d2d218d441ba6e898e4b528bde72e8fb66bfdffdda4374,"{""basis"":""x"",""d"":11,""noise_model"":""uniform_circuit_level"",""p"":0.002,""rounds"":11}",
         1,         0,         0,   0.010,pymatching,b6e3714279fa4d6e0b5096a25a7c87ca9bb12204811c2c9990504be90ed24c04,"{""basis"":""x"",""d"":11,""noise_model"":""uniform_circuit_level"",""p"":0.003,""rounds"":11}",
         1,         0,         0,   0.010,pymatching,b6e3714279fa4d6e0b5096a25a7c87ca9bb12204811c2c9990504be90ed24c04,"{""basis"":""x"",""d"":11,""noise_model"":""uniform_circuit_level"",""p"":0.003,""rounds"":11}",
     11264,         0,         0,   0.443,pymatching,d6061c9a594b6110f0d2d218d441ba6e898e4b528bde72e8fb66bfdffdda4374,"{""basis"":""x"",""d"":11,""noise_model"":""uniform_circuit_level"",""p"":0.002,""rounds"":11}",
         1,         0,         0,   0.010,pymatching,d6061c9a594b6110f0d2d218d441ba6e898e4b528bde72e8fb66bfdffdda4374,"{""basis"":""x"",""d"":11,""noise_model"":""uniform_circuit_level"",""p"":0.002,""rounds"":11}",
       272,         0,         0,   0.015,pymatching,b6e3714279fa4d6e0b5096a25a7c87ca9bb12204811c2c9990504be90ed24c04,"{""basis"":""x"",""d"":11,""noise_model"":""uniform_circuit_level"",""p"":0.003,""rounds"":11}",
       272,         0,         0,   0.015,pymatching,b6e3714279fa4d6e0b5096a25a7c87ca9bb12204811c2c9990504be90ed24c04,"{""basis"":""x"",""d"":11,""noise_model"":""uniform_circuit_level"",""p"":0.003,""rounds"":11}",
     69632,         2,         0,    2.68,pymatching,d6061c9a594b6110f0d2d218d441ba6e898e4b528bde72e8fb66bfdffdda4374,"{""basis"":""x"",""d"":11,""noise_model"":""uniform_circuit_level"",""p"":0.002,""rounds"":11}",
         1,         0,         0,   0.010,pymatching,b6e3714279fa4d6e0b5096a25a7c87ca9bb12204811c2c9990504be90ed24c04,"{""basis"":""x"",""d"":11,""noise_model"":""uniform_circuit_level"",""p"":0.003,""rounds"":11}",
        17,         0,         0,   0.011,pymatching,b6e3714279fa4d6e0b5096a25a7c87ca9bb12204811c2c9990504be90ed24c04,"{""basis"":""x"",""d"":11,""noise_model"":""uniform_circuit_level"",""p"":0.003,""rounds"":11}",
       272,         0,         0,   0.015,pymatching,b6e3714279fa4d6e0b5096a25a7c87ca9bb12204811c2c9990504be90ed24c04,"{""basis"":""x"",""d"":11,""noise_model"":""uniform_circuit_level"",""p"":0.003,""rounds"":11}",
     72704,         0,         0,    2.70,pymatching,d6061c9a594b6110f0d2d218d441ba6e898e4b528bde72e8fb66bfdffdda4374,"{""basis"":""x"",""d"":11,""noise_model"":""uniform_circuit_level"",""p"":0.002,""rounds"":11}",
      1296,         0,         0,   0.046,pymatching,d6061c9a594b6110f0d2d218d441ba6e898e4b528bde72e8fb66bfdffdda4374,"{""basis"":""x"",""d"":11,""noise_model"":""uniform_circuit_level"",""p"":0.002,""rounds"":11}",
       256,         0,         0,   0.017,pymatching,b6e3714279fa4d6e0b5096a25a7c87ca9bb12204811c2c9990504be90ed24c04,"{""basis"":""x"",""d"":11,""noise_model"":""uniform_circuit_level"",""p"":0.003,""rounds"":11}",
      1296,         0,         0,   0.046,pymatching,d6061c9a594b6110f0d2d218d441ba6e898e4b528bde72e8fb66bfdffdda4374,"{""basis"":""x"",""d"":11,""noise_model"":""uniform_circuit_level"",""p"":0.002,""rounds"":11}",
      1024,         0,         0,   0.053,pymatching,b6e3714279fa4d6e0b5096a25a7c87ca9bb12204811c2c9990504be90ed24c04,"{""basis"":""x"",""d"":11,""noise_model"":""uniform_circuit_level"",""p"":0.003,""rounds"":11}",
      1024,         0,         0,   0.057,pymatching,b6e3714279fa4d6e0b5096a25a7c87ca9bb12204811c2c9990504be90ed24c04,"{""basis"":""x"",""d"":11,""noise_model"":""uniform_circuit_level"",""p"":0.003,""rounds"":11}",
      1024,         0,         0,   0.036,pymatching,d6061c9a594b6110f0d2d218d441ba6e898e4b528bde72e8fb66bfdffdda4374,"{""basis"":""x"",""d"":11,""noise_model"":""uniform_circuit_level"",""p"":0.002,""rounds"":11}",
      1024,         0,         0,   0.055,pymatching,b6e3714279fa4d6e0b5096a25a7c87ca9bb12204811c2c9990504be90ed24c04,"{""basis"":""x"",""d"":11,""noise_model"":""uniform_circuit_level"",""p"":0.003,""rounds"":11}",
      1024,         0,         0,   0.056,pymatching,b6e3714279fa4d6e0b5096a25a7c87ca9bb12204811c2c9990504be90ed24c04,"{""basis"":""x"",""d"":11,""noise_model"":""uniform_circuit_level"",""p"":0.003,""rounds"":11}",
     17408,         5,         0,    1.16,pymatching,b6e3714279fa4d6e0b5096a25a7c87ca9bb12204811c2c9990504be90ed24c04,"{""basis"":""x"",""d"":11,""noise_model"":""uniform_circuit_level"",""p"":0.003,""rounds"":11}",
      1024,         0,         0,   0.062,pymatching,d6061c9a594b6110f0d2d218d441ba6e898e4b528bde72e8fb66bfdffdda4374,"{""basis"":""x"",""d"":11,""noise_model"":""uniform_circuit_level"",""p"":0.002,""rounds"":11}",
      1024,         1,         0,   0.054,pymatching,b6e3714279fa4d6e0b5096a25a7c87ca9bb12204811c2c9990504be90ed24c04,"{""basis"":""x"",""d"":11,""noise_model"":""uniform_circuit_level"",""p"":0.003,""rounds"":11}",
      1024,         0,         0,   0.034,pymatching,d6061c9a594b6110f0d2d218d441ba6e898e4b528bde72e8fb66bfdffdda4374,"{""basis"":""x"",""d"":11,""noise_model"":""uniform_circuit_level"",""p"":0.002,""rounds"":11}",
      1024,         1,         0,   0.056,pymatching,b6e3714279fa4d6e0b5096a25a7c87ca9bb12204811c2c9990504be90ed24c04,"{""basis"":""x"",""d"":11,""noise_model"":""uniform_circuit_level"",""p"":0.003,""rounds"":11}",
     45645,         1,         0,    1.62,pymatching,d6061c9a594b6110f0d2d218d441ba6e898e4b528bde72e8fb66bfdffdda4374,"{""basis"":""x"",""d"":11,""noise_model"":""uniform_circuit_level"",""p"":0.002,""rounds"":11}",
      1024,         0,         0,   0.054,pymatching,b6e3714279fa4d6e0b5096a25a7c87ca9bb12204811c2c9990504be90ed24c04,"{""basis"":""x"",""d"":11,""noise_model"":""uniform_circuit_level"",""p"":0.003,""rounds"":11}",
      1024,         1,         0,   0.055,pymatching,b6e3714279fa4d6e0b5096a25a7c87ca9bb12204811c2c9990504be90ed24c04,"{""basis"":""x"",""d"":11,""noise_model"":""uniform_circuit_level"",""p"":0.003,""rounds"":11}",
      1024,         0,         0,   0.055,pymatching,d6061c9a594b6110f0d2d218d441ba6e898e4b528bde72e8fb66bfdffdda4374,"{""basis"":""x"",""d"":11,""noise_model"":""uniform_circuit_level"",""p"":0.002,""rounds"":11}",
      1024,         1,         0,   0.052,pymatching,b6e3714279fa4d6e0b5096a25a7c87ca9bb12204811c2c9990504be90ed24c04,"{""basis"":""x"",""d"":11,""noise_model"":""uniform_circuit_level"",""p"":0.003,""rounds"":11}",
      1024,         0,         0,   0.059,pymatching,b6e3714279fa4d6e0b5096a25a7c87ca9bb12204811c2c9990504be90ed24c04,"{""basis"":""x"",""d"":11,""noise_model"":""uniform_circuit_level"",""p"":0.003,""rounds"":11}",
      2048,         0,         0,   0.070,pymatching,d6061c9a594b6110f0d2d218d441ba6e898e4b528bde72e8fb66bfdffdda4374,"{""basis"":""x"",""d"":11,""noise_model"":""uniform_circuit_level"",""p"":0.002,""rounds"":11}",
      1024,         1,         0,   0.054,pymatching,b6e3714279fa4d6e0b5096a25a7c87ca9bb12204811c2c9990504be90ed24c04,"{""basis"":""x"",""d"":11,""noise_model"":""uniform_circuit_level"",""p"":0.003,""rounds"":11}",
         1,         0,         0,   0.011,pymatching,b6e3714279fa4d6e0b5096a25a7c87ca9bb12204811c2c9990504be90ed24c04,"{""basis"":""x"",""d"":11,""noise_model"":""uniform_circuit_level"",""p"":0.003,""rounds"":11}",
         1,         0,         0,   0.011,pymatching,d6061c9a594b6110f0d2d218d441ba6e898e4b528bde72e8fb66bfdffdda4374,"{""basis"":""x"",""d"":11,""noise_model"":""uniform_circuit_level"",""p"":0.002,""rounds"":11}",
         1,         0,         0,   0.012,pymatching,d6061c9a594b6110f0d2d218d441ba6e898e4b528bde72e8fb66bfdffdda4374,"{""basis"":""x"",""d"":11,""noise_model"":""uniform_circuit_level"",""p"":0.002,""rounds"":11}",
      1024,         1,         0,   0.057,pymatching,d6061c9a594b6110f0d2d218d441ba6e898e4b528bde72e8fb66bfdffdda4374,"{""basis"":""x"",""d"":11,""noise_model"":""uniform_circuit_level"",""p"":0.002,""rounds"":11}",
       272,         0,         0,   0.017,pymatching,b6e3714279fa4d6e0b5096a25a7c87ca9bb12204811c2c9990504be90ed24c04,"{""basis"":""x"",""d"":11,""noise_model"":""uniform_circuit_level"",""p"":0.003,""rounds"":11}",
      1024,         0,         0,   0.069,pymatching,b6e3714279fa4d6e0b5096a25a7c87ca9bb12204811c2c9990504be90ed24c04,"{""basis"":""x"",""d"":11,""noise_model"":""uniform_circuit_level"",""p"":0.003,""rounds"":11}",
         1,         0,         0,   0.012,pymatching,b6e3714279fa4d6e0b5096a25a7c87ca9bb12204811c2c9990504be90ed24c04,"{""basis"":""x"",""d"":11,""noise_model"":""uniform_circuit_level"",""p"":0.003,""rounds"":11}",
       272,         0,         0,   0.016,pymatching,b6e3714279fa4d6e0b5096a25a7c87ca9bb12204811c2c9990504be90ed24c04,"{""basis"":""x"",""d"":11,""noise_model"":""uniform_circuit_level"",""p"":0.003,""rounds"":11}",
      1024,         0,         0,   0.055,pymatching,b6e3714279fa4d6e0b5096a25a7c87ca9bb12204811c2c9990504be90ed24c04,"{""basis"":""x"",""d"":11,""noise_model"":""uniform_circuit_level"",""p"":0.003,""rounds"":11}",
      1296,         0,         0,   0.045,pymatching,d6061c9a594b6110f0d2d218d441ba6e898e4b528bde72e8fb66bfdffdda4374,"{""basis"":""x"",""d"":11,""noise_model"":""uniform_circuit_level"",""p"":0.002,""rounds"":11}",
      1296,         0,         0,   0.047,pymatching,d6061c9a594b6110f0d2d218d441ba6e898e4b528bde72e8fb66bfdffdda4374,"{""basis"":""x"",""d"":11,""noise_model"":""uniform_circuit_level"",""p"":0.002,""rounds"":11}",
      2048,         0,         0,   0.072,pymatching,d6061c9a594b6110f0d2d218d441ba6e898e4b528bde72e8fb66bfdffdda4374,"{""basis"":""x"",""d"":11,""noise_model"":""uniform_circuit_level"",""p"":0.002,""rounds"":11}",
      1024,         1,         0,   0.058,pymatching,b6e3714279fa4d6e0b5096a25a7c87ca9bb12204811c2c9990504be90ed24c04,"{""basis"":""x"",""d"":11,""noise_model"":""uniform_circuit_level"",""p"":0.003,""rounds"":11}",
      2048,         0,         0,   0.108,pymatching,b6e3714279fa4d6e0b5096a25a7c87ca9bb12204811c2c9990504be90ed24c04,"{""basis"":""x"",""d"":11,""noise_model"":""uniform_circuit_level"",""p"":0.003,""rounds"":11}",
      1024,         1,         0,   0.065,pymatching,b6e3714279fa4d6e0b5096a25a7c87ca9bb12204811c2c9990504be90ed24c04,"{""basis"":""x"",""d"":11,""noise_model"":""uniform_circuit_level"",""p"":0.003,""rounds"":11}",
      1024,         0,         0,   0.035,pymatching,d6061c9a594b6110f0d2d218d441ba6e898e4b528bde72e8fb66bfdffdda4374,"{""basis"":""x"",""d"":11,""noise_model"":""uniform_circuit_level"",""p"":0.002,""rounds"":11}",
      1024,         0,         0,   0.035,pymatching,d6061c9a594b6110f0d2d218d441ba6e898e4b528bde72e8fb66bfdffdda4374,"{""basis"":""x"",""d"":11,""noise_model"":""uniform_circuit_level"",""p"":0.002,""rounds"":11}",
      1024,         0,         0,   0.063,pymatching,b6e3714279fa4d6e0b5096a25a7c87ca9bb12204811c2c9990504be90ed24c04,"{""basis"":""x"",""d"":11,""noise_model"":""uniform_circuit_level"",""p"":0.003,""rounds"":11}",
      2048,         0,         0,   0.108,pymatching,b6e3714279fa4d6e0b5096a25a7c87ca9bb12204811c2c9990504be90ed24c04,"{""basis"":""x"",""d"":11,""noise_model"":""uniform_circuit_level"",""p"":0.003,""rounds"":11}",
      1024,         0,         0,   0.035,pymatching,d6061c9a594b6110f0d2d218d441ba6e898e4b528bde72e8fb66bfdffdda4374,"{""basis"":""x"",""d"":11,""noise_model"":""uniform_circuit_level"",""p"":0.002,""rounds"":11}",
      2048,         0,         0,   0.113,pymatching,d6061c9a594b6110f0d2d218d441ba6e898e4b528bde72e8fb66bfdffdda4374,"{""basis"":""x"",""d"":11,""noise_model"":""uniform_circuit_level"",""p"":0.002,""rounds"":11}",
      1024,         0,         0,   0.037,pymatching,d6061c9a594b6110f0d2d218d441ba6e898e4b528bde72e8fb66bfdffdda4374,"{""basis"":""x"",""d"":11,""noise_model"":""uniform_circuit_level"",""p"":0.002,""rounds"":11}",
         1,         0,         0,   0.010,pymatching,b6e3714279fa4d6e0b5096a25a7c87ca9bb12204811c2c9990504be90ed24c04,"{""basis"":""x"",""d"":11,""noise_model"":""uniform_circuit_level"",""p"":0.003,""rounds"":11}",
      1024,         0,         0,   0.061,pymatching,b6e3714279fa4d6e0b5096a25a7c87ca9bb12204811c2c9990504be90ed24c04,"{""basis"":""x"",""d"":11,""noise_model"":""uniform_circuit_level"",""p"":0.003,""rounds"":11}",
         1,         0,         0,   0.010,pymatching,b6e3714279fa4d6e0b5096a25a7c87ca9bb12204811c2c9990504be90ed24c04,"{""basis"":""x"",""d"":11,""noise_model"":""uniform_circuit_level"",""p"":0.003,""rounds"":11}",
      1024,         0,         0,   0.056,pymatching,b6e3714279fa4d6e0b5096a25a7c87ca9bb12204811c2c9990504be90ed24c04,"{""basis"":""x"",""d"":11,""noise_model"":""uniform_circuit_level"",""p"":0.003,""rounds"":11}",
      2048,         0,         0,   0.116,pymatching,b6e3714279fa4d6e0b5096a25a7c87ca9bb12204811c2c9990504be90ed24c04,"{""basis"":""x"",""d"":11,""noise_model"":""uniform_circuit_level"",""p"":0.003,""rounds"":11}",
       272,         0,         0,   0.022,pymatching,b6e3714279fa4d6e0b5096a25a7c87ca9bb12204811c2c9990504be90ed24c04,"{""basis"":""x"",""d"":11,""noise_model"":""uniform_circuit_level"",""p"":0.003,""rounds"":11}",
     25600,         7,         0,    1.58,pymatching,b6e3714279fa4d6e0b5096a25a7c87ca9bb12204811c2c9990504be90ed24c04,"{""basis"":""x"",""d"":11,""noise_model"":""uniform_circuit_level"",""p"":0.003,""rounds"":11}",
      3072,         0,         0,   0.107,pymatching,d6061c9a594b6110f0d2d218d441ba6e898e4b528bde72e8fb66bfdffdda4374,"{""basis"":""x"",""d"":11,""noise_model"":""uniform_circuit_level"",""p"":0.002,""rounds"":11}",
        17,         0,         0,   0.010,pymatching,d6061c9a594b6110f0d2d218d441ba6e898e4b528bde72e8fb66bfdffdda4374,"{""basis"":""x"",""d"":11,""noise_model"":""uniform_circuit_level"",""p"":0.002,""rounds"":11}",
         1,         0,         0,   0.013,pymatching,d6061c9a594b6110f0d2d218d441ba6e898e4b528bde72e8fb66bfdffdda4374,"{""basis"":""x"",""d"":11,""noise_model"":""uniform_circuit_level"",""p"":0.002,""rounds"":11}",
       272,         0,         0,   0.031,pymatching,b6e3714279fa4d6e0b5096a25a7c87ca9bb12204811c2c9990504be90ed24c04,"{""basis"":""x"",""d"":11,""noise_model"":""uniform_circuit_level"",""p"":0.003,""rounds"":11}",
         1,         0,         0,   0.010,pymatching,d6061c9a594b6110f0d2d218d441ba6e898e4b528bde72e8fb66bfdffdda4374,"{""basis"":""x"",""d"":11,""noise_model"":""uniform_circuit_level"",""p"":0.002,""rounds"":11}",
      2048,         1,         0,   0.108,pymatching,b6e3714279fa4d6e0b5096a25a7c87ca9bb12204811c2c9990504be90ed24c04,"{""basis"":""x"",""d"":11,""noise_model"":""uniform_circuit_level"",""p"":0.003,""rounds"":11}",
      2048,         0,         0,   0.069,pymatching,d6061c9a594b6110f0d2d218d441ba6e898e4b528bde72e8fb66bfdffdda4374,"{""basis"":""x"",""d"":11,""noise_model"":""uniform_circuit_level"",""p"":0.002,""rounds"":11}",
         1,         0,         0,   0.010,pymatching,d6061c9a594b6110f0d2d218d441ba6e898e4b528bde72e8fb66bfdffdda4374,"{""basis"":""x"",""d"":11,""noise_model"":""uniform_circuit_level"",""p"":0.002,""rounds"":11}",
       272,         0,         0,   0.016,pymatching,d6061c9a594b6110f0d2d218d441ba6e898e4b528bde72e8fb66bfdffdda4374,"{""basis"":""x"",""d"":11,""noise_model"":""uniform_circuit_level"",""p"":0.002,""rounds"":11}",
      1024,         1,         0,   0.060,pymatching,b6e3714279fa4d6e0b5096a25a7c87ca9bb12204811c2c9990504be90ed24c04,"{""basis"":""x"",""d"":11,""noise_model"":""uniform_circuit_level"",""p"":0.003,""rounds"":11}",
      2048,         1,         0,   0.116,pymatching,b6e3714279fa4d6e0b5096a25a7c87ca9bb12204811c2c9990504be90ed24c04,"{""basis"":""x"",""d"":11,""noise_model"":""uniform_circuit_level"",""p"":0.003,""rounds"":11}",
      2048,         0,         0,   0.073,pymatching,d6061c9a594b6110f0d2d218d441ba6e898e4b528bde72e8fb66bfdffdda4374,"{""basis"":""x"",""d"":11,""noise_model"":""uniform_circuit_level"",""p"":0.002,""rounds"":11}",
      1024,         0,         0,   0.056,pymatching,b6e3714279fa4d6e0b5096a25a7c87ca9bb12204811c2c9990504be90ed24c04,"{""basis"":""x"",""d"":11,""noise_model"":""uniform_circuit_level"",""p"":0.003,""rounds"":11}",
      2048,         1,         0,   0.109,pymatching,b6e3714279fa4d6e0b5096a25a7c87ca9bb12204811c2c9990504be90ed24c04,"{""basis"":""x"",""d"":11,""noise_model"":""uniform_circuit_level"",""p"":0.003,""rounds"":11}",
      1280,         0,         0,   0.044,pymatching,d6061c9a594b6110f0d2d218d441ba6e898e4b528bde72e8fb66bfdffdda4374,"{""basis"":""x"",""d"":11,""noise_model"":""uniform_circuit_level"",""p"":0.002,""rounds"":11}",
       272,         0,         0,   0.029,pymatching,d6061c9a594b6110f0d2d218d441ba6e898e4b528bde72e8fb66bfdffdda4374,"{""basis"":""x"",""d"":11,""noise_model"":""uniform_circuit_level"",""p"":0.002,""rounds"":11}",
      1024,         0,         0,   0.049,pymatching,d6061c9a594b6110f0d2d218d441ba6e898e4b528bde72e8fb66bfdffdda4374,"{""basis"":""x"",""d"":11,""noise_model"":""uniform_circuit_level"",""p"":0.002,""rounds"":11}",
      2048,         0,         0,   0.119,pymatching,d6061c9a594b6110f0d2d218d441ba6e898e4b528bde72e8fb66bfdffdda4374,"{""basis"":""x"",""d"":11,""noise_model"":""uniform_circuit_level"",""p"":0.002,""rounds"":11}",
      1296,         0,         0,   0.059,pymatching,d6061c9a594b6110f0d2d218d441ba6e898e4b528bde72e8fb66bfdffdda4374,"{""basis"":""x"",""d"":11,""noise_model"":""uniform_circuit_level"",""p"":0.002,""rounds"":11}",
     15360,         0,         0,   0.566,pymatching,d6061c9a594b6110f0d2d218d441ba6e898e4b528bde72e8fb66bfdffdda4374,"{""basis"":""x"",""d"":11,""noise_model"":""uniform_circuit_level"",""p"":0.002,""rounds"":11}",
      1024,         0,         0,   0.054,pymatching,b6e3714279fa4d6e0b5096a25a7c87ca9bb12204811c2c9990504be90ed24c04,"{""basis"":""x"",""d"":11,""noise_model"":""uniform_circuit_level"",""p"":0.003,""rounds"":11}",
      1024,         1,         0,   0.093,pymatching,b6e3714279fa4d6e0b5096a25a7c87ca9bb12204811c2c9990504be90ed24c04,"{""basis"":""x"",""d"":11,""noise_model"":""uniform_circuit_level"",""p"":0.003,""rounds"":11}",
      1024,         1,         0,   0.073,pymatching,b6e3714279fa4d6e0b5096a25a7c87ca9bb12204811c2c9990504be90ed24c04,"{""basis"":""x"",""d"":11,""noise_model"":""uniform_circuit_level"",""p"":0.003,""rounds"":11}",
      1024,         0,         0,   0.035,pymatching,d6061c9a594b6110f0d2d218d441ba6e898e4b528bde72e8fb66bfdffdda4374,"{""basis"":""x"",""d"":11,""noise_model"":""uniform_circuit_level"",""p"":0.002,""rounds"":11}",
      2048,         0,         0,   0.069,pymatching,d6061c9a594b6110f0d2d218d441ba6e898e4b528bde72e8fb66bfdffdda4374,"{""basis"":""x"",""d"":11,""noise_model"":""uniform_circuit_level"",""p"":0.002,""rounds"":11}",
      1024,         0,         0,   0.055,pymatching,b6e3714279fa4d6e0b5096a25a7c87ca9bb12204811c2c9990504be90ed24c04,"{""basis"":""x"",""d"":11,""noise_model"":""uniform_circuit_level"",""p"":0.003,""rounds"":11}",
      2048,         0,         0,   0.112,pymatching,b6e3714279fa4d6e0b5096a25a7c87ca9bb12204811c2c9990504be90ed24c04,"{""basis"":""x"",""d"":11,""noise_model"":""uniform_circuit_level"",""p"":0.003,""rounds"":11}",
      1024,         0,         0,   0.047,pymatching,d6061c9a594b6110f0d2d218d441ba6e898e4b528bde72e8fb66bfdffdda4374,"{""basis"":""x"",""d"":11,""noise_model"":""uniform_circuit_level"",""p"":0.002,""rounds"":11}",
      2048,         0,         0,   0.073,pymatching,d6061c9a594b6110f0d2d218d441ba6e898e4b528bde72e8fb66bfdffdda4374,"{""basis"":""x"",""d"":11,""noise_model"":""uniform_circuit_level"",""p"":0.002,""rounds"":11}",
      1024,         0,         0,   0.033,pymatching,d6061c9a594b6110f0d2d218d441ba6e898e4b528bde72e8fb66bfdffdda4374,"{""basis"":""x"",""d"":11,""noise_model"":""uniform_circuit_level"",""p"":0.002,""rounds"":11}",
      2048,         0,         0,   0.108,pymatching,b6e3714279fa4d6e0b5096a25a7c87ca9bb12204811c2c9990504be90ed24c04,"{""basis"":""x"",""d"":11,""noise_model"":""uniform_circuit_level"",""p"":0.003,""rounds"":11}",
      1024,         0,         0,   0.055,pymatching,d6061c9a594b6110f0d2d218d441ba6e898e4b528bde72e8fb66bfdffdda4374,"{""basis"":""x"",""d"":11,""noise_model"":""uniform_circuit_level"",""p"":0.002,""rounds"":11}",
      1024,         0,         0,   0.056,pymatching,d6061c9a594b6110f0d2d218d441ba6e898e4b528bde72e8fb66bfdffdda4374,"{""basis"":""x"",""d"":11,""noise_model"":""uniform_circuit_level"",""p"":0.002,""rounds"":11}",
      4096,         0,         0,   0.138,pymatching,d6061c9a594b6110f0d2d218d441ba6e898e4b528bde72e8fb66bfdffdda4374,"{""basis"":""x"",""d"":11,""noise_model"":""uniform_circuit_level"",""p"":0.002,""rounds"":11}",
      2048,         2,         0,   0.111,pymatching,b6e3714279fa4d6e0b5096a25a7c87ca9bb12204811c2c9990504be90ed24c04,"{""basis"":""x"",""d"":11,""noise_model"":""uniform_circuit_level"",""p"":0.003,""rounds"":11}",
      1024,         0,         0,   0.065,pymatching,b6e3714279fa4d6e0b5096a25a7c87ca9bb12204811c2c9990504be90ed24c04,"{""basis"":""x"",""d"":11,""noise_model"":""uniform_circuit_level"",""p"":0.003,""rounds"":11}",
      1024,         0,         0,   0.053,pymatching,d6061c9a594b6110f0d2d218d441ba6e898e4b528bde72e8fb66bfdffdda4374,"{""basis"":""x"",""d"":11,""noise_model"":""uniform_circuit_level"",""p"":0.002,""rounds"":11}",
      2048,         0,         0,   0.108,pymatching,b6e3714279fa4d6e0b5096a25a7c87ca9bb12204811c2c9990504be90ed24c04,"{""basis"":""x"",""d"":11,""noise_model"":""uniform_circuit_level"",""p"":0.003,""rounds"":11}",
      1024,         0,         0,   0.049,pymatching,d6061c9a594b6110f0d2d218d441ba6e898e4b528bde72e8fb66bfdffdda4374,"{""basis"":""x"",""d"":11,""noise_model"":""uniform_circuit_level"",""p"":0.002,""rounds"":11}",
      2048,         0,         0,   0.075,pymatching,d6061c9a594b6110f0d2d218d441ba6e898e4b528bde72e8fb66bfdffdda4374,"{""basis"":""x"",""d"":11,""noise_model"":""uniform_circuit_level"",""p"":0.002,""rounds"":11}",
      1024,         1,         0,   0.101,pymatching,b6e3714279fa4d6e0b5096a25a7c87ca9bb12204811c2c9990504be90ed24c04,"{""basis"":""x"",""d"":11,""noise_model"":""uniform_circuit_level"",""p"":0.003,""rounds"":11}",
      2048,         0,         0,   0.069,pymatching,d6061c9a594b6110f0d2d218d441ba6e898e4b528bde72e8fb66bfdffdda4374,"{""basis"":""x"",""d"":11,""noise_model"":""uniform_circuit_level"",""p"":0.002,""rounds"":11}",
      2048,         1,         0,   0.111,pymatching,b6e3714279fa4d6e0b5096a25a7c87ca9bb12204811c2c9990504be90ed24c04,"{""basis"":""x"",""d"":11,""noise_model"":""uniform_circuit_level"",""p"":0.003,""rounds"":11}",
      3072,         0,         0,   0.102,pymatching,d6061c9a594b6110f0d2d218d441ba6e898e4b528bde72e8fb66bfdffdda4374,"{""basis"":""x"",""d"":11,""noise_model"":""uniform_circuit_level"",""p"":0.002,""rounds"":11}",
      1024,         0,         0,   0.066,pymatching,d6061c9a594b6110f0d2d218d441ba6e898e4b528bde72e8fb66bfdffdda4374,"{""basis"":""x"",""d"":11,""noise_model"":""uniform_circuit_level"",""p"":0.002,""rounds"":11}",
     37888,        15,         0,    2.18,pymatching,b6e3714279fa4d6e0b5096a25a7c87ca9bb12204811c2c9990504be90ed24c04,"{""basis"":""x"",""d"":11,""noise_model"":""uniform_circuit_level"",""p"":0.003,""rounds"":11}",
      1024,         0,         0,   0.048,pymatching,d6061c9a594b6110f0d2d218d441ba6e898e4b528bde72e8fb66bfdffdda4374,"{""basis"":""x"",""d"":11,""noise_model"":""uniform_circuit_level"",""p"":0.002,""rounds"":11}",
      2048,         1,         0,   0.115,pymatching,b6e3714279fa4d6e0b5096a25a7c87ca9bb12204811c2c9990504be90ed24c04,"{""basis"":""x"",""d"":11,""noise_model"":""uniform_circuit_level"",""p"":0.003,""rounds"":11}",
     11264,         1,         0,   0.598,pymatching,d6061c9a594b6110f0d2d218d441ba6e898e4b528bde72e8fb66bfdffdda4374,"{""basis"":""x"",""d"":11,""noise_model"":""uniform_circuit_level"",""p"":0.002,""rounds"":11}",
      3072,         0,         0,   0.156,pymatching,d6061c9a594b6110f0d2d218d441ba6e898e4b528bde72e8fb66bfdffdda4374,"{""basis"":""x"",""d"":11,""noise_model"":""uniform_circuit_level"",""p"":0.002,""rounds"":11}",
      1024,         0,         0,   0.091,pymatching,b6e3714279fa4d6e0b5096a25a7c87ca9bb12204811c2c9990504be90ed24c04,"{""basis"":""x"",""d"":11,""noise_model"":""uniform_circuit_level"",""p"":0.003,""rounds"":11}",
      1024,         0,         0,   0.062,pymatching,d6061c9a594b6110f0d2d218d441ba6e898e4b528bde72e8fb66bfdffdda4374,"{""basis"":""x"",""d"":11,""noise_model"":""uniform_circuit_level"",""p"":0.002,""rounds"":11}",
      1024,         0,         0,   0.055,pymatching,d6061c9a594b6110f0d2d218d441ba6e898e4b528bde72e8fb66bfdffdda4374,"{""basis"":""x"",""d"":11,""noise_model"":""uniform_circuit_level"",""p"":0.002,""rounds"":11}",
      2048,         0,         0,   0.068,pymatching,d6061c9a594b6110f0d2d218d441ba6e898e4b528bde72e8fb66bfdffdda4374,"{""basis"":""x"",""d"":11,""noise_model"":""uniform_circuit_level"",""p"":0.002,""rounds"":11}",
      1024,         0,         0,   0.064,pymatching,d6061c9a594b6110f0d2d218d441ba6e898e4b528bde72e8fb66bfdffdda4374,"{""basis"":""x"",""d"":11,""noise_model"":""uniform_circuit_level"",""p"":0.002,""rounds"":11}",
      1024,         0,         0,   0.078,pymatching,b6e3714279fa4d6e0b5096a25a7c87ca9bb12204811c2c9990504be90ed24c04,"{""basis"":""x"",""d"":11,""noise_model"":""uniform_circuit_level"",""p"":0.003,""rounds"":11}",
      3072,         1,         0,   0.179,pymatching,b6e3714279fa4d6e0b5096a25a7c87ca9bb12204811c2c9990504be90ed24c04,"{""basis"":""x"",""d"":11,""noise_model"":""uniform_circuit_level"",""p"":0.003,""rounds"":11}",
      3072,         0,         0,   0.157,pymatching,b6e3714279fa4d6e0b5096a25a7c87ca9bb12204811c2c9990504be90ed24c04,"{""basis"":""x"",""d"":11,""noise_model"":""uniform_circuit_level"",""p"":0.003,""rounds"":11}",
      3072,         0,         0,   0.108,pymatching,d6061c9a594b6110f0d2d218d441ba6e898e4b528bde72e8fb66bfdffdda4374,"{""basis"":""x"",""d"":11,""noise_model"":""uniform_circuit_level"",""p"":0.002,""rounds"":11}",
      2048,         0,         0,   0.111,pymatching,b6e3714279fa4d6e0b5096a25a7c87ca9bb12204811c2c9990504be90ed24c04,"{""basis"":""x"",""d"":11,""noise_model"":""uniform_circuit_level"",""p"":0.003,""rounds"":11}",
      3072,         1,         0,   0.169,pymatching,b6e3714279fa4d6e0b5096a25a7c87ca9bb12204811c2c9990504be90ed24c04,"{""basis"":""x"",""d"":11,""noise_model"":""uniform_circuit_level"",""p"":0.003,""rounds"":11}",
      3072,         2,         0,   0.159,pymatching,b6e3714279fa4d6e0b5096a25a7c87ca9bb12204811c2c9990504be90ed24c04,"{""basis"":""x"",""d"":11,""noise_model"":""uniform_circuit_level"",""p"":0.003,""rounds"":11}",
     32838,         0,         0,    1.24,pymatching,d6061c9a594b6110f0d2d218d441ba6e898e4b528bde72e8fb66bfdffdda4374,"{""basis"":""x"",""d"":11,""noise_model"":""uniform_circuit_level"",""p"":0.002,""rounds"":11}",
      5120,         0,         0,   0.173,pymatching,d6061c9a594b6110f0d2d218d441ba6e898e4b528bde72e8fb66bfdffdda4374,"{""basis"":""x"",""d"":11,""noise_model"":""uniform_circuit_level"",""p"":0.002,""rounds"":11}",
      1024,         0,         0,   0.081,pymatching,d6061c9a594b6110f0d2d218d441ba6e898e4b528bde72e8fb66bfdffdda4374,"{""basis"":""x"",""d"":11,""noise_model"":""uniform_circuit_level"",""p"":0.002,""rounds"":11}",
      1024,         0,         0,   0.063,pymatching,b6e3714279fa4d6e0b5096a25a7c87ca9bb12204811c2c9990504be90ed24c04,"{""basis"":""x"",""d"":11,""noise_model"":""uniform_circuit_level"",""p"":0.003,""rounds"":11}",
      4096,         0,         0,   0.135,pymatching,d6061c9a594b6110f0d2d218d441ba6e898e4b528bde72e8fb66bfdffdda4374,"{""basis"":""x"",""d"":11,""noise_model"":""uniform_circuit_level"",""p"":0.002,""rounds"":11}",
      1024,         1,         0,   0.093,pymatching,b6e3714279fa4d6e0b5096a25a7c87ca9bb12204811c2c9990504be90ed24c04,"{""basis"":""x"",""d"":11,""noise_model"":""uniform_circuit_level"",""p"":0.003,""rounds"":11}",
      2048,         0,         0,   0.124,pymatching,b6e3714279fa4d6e0b5096a25a7c87ca9bb12204811c2c9990504be90ed24c04,"{""basis"":""x"",""d"":11,""noise_model"":""uniform_circuit_level"",""p"":0.003,""rounds"":11}",
      3072,         0,         0,   0.104,pymatching,d6061c9a594b6110f0d2d218d441ba6e898e4b528bde72e8fb66bfdffdda4374,"{""basis"":""x"",""d"":11,""noise_model"":""uniform_circuit_level"",""p"":0.002,""rounds"":11}",
      2048,         0,         0,   0.109,pymatching,d6061c9a594b6110f0d2d218d441ba6e898e4b528bde72e8fb66bfdffdda4374,"{""basis"":""x"",""d"":11,""noise_model"":""uniform_circuit_level"",""p"":0.002,""rounds"":11}",
     25115,         0,         0,   0.956,pymatching,d6061c9a594b6110f0d2d218d441ba6e898e4b528bde72e8fb66bfdffdda4374,"{""basis"":""x"",""d"":11,""noise_model"":""uniform_circuit_level"",""p"":0.002,""rounds"":11}",
      2048,         0,         0,   0.115,pymatching,d6061c9a594b6110f0d2d218d441ba6e898e4b528bde72e8fb66bfdffdda4374,"{""basis"":""x"",""d"":11,""noise_model"":""uniform_circuit_level"",""p"":0.002,""rounds"":11}",
      3072,         0,         0,   0.160,pymatching,d6061c9a594b6110f0d2d218d441ba6e898e4b528bde72e8fb66bfdffdda4374,"{""basis"":""x"",""d"":11,""noise_model"":""uniform_circuit_level"",""p"":0.002,""rounds"":11}",
      1024,         0,         0,   0.079,pymatching,b6e3714279fa4d6e0b5096a25a7c87ca9bb12204811c2c9990504be90ed24c04,"{""basis"":""x"",""d"":11,""noise_model"":""uniform_circuit_level"",""p"":0.003,""rounds"":11}",
      1024,         0,         0,   0.103,pymatching,b6e3714279fa4d6e0b5096a25a7c87ca9bb12204811c2c9990504be90ed24c04,"{""basis"":""x"",""d"":11,""noise_model"":""uniform_circuit_level"",""p"":0.003,""rounds"":11}",
      2048,         0,         0,   0.118,pymatching,d6061c9a594b6110f0d2d218d441ba6e898e4b528bde72e8fb66bfdffdda4374,"{""basis"":""x"",""d"":11,""noise_model"":""uniform_circuit_level"",""p"":0.002,""rounds"":11}",
      4096,         0,         0,   0.154,pymatching,d6061c9a594b6110f0d2d218d441ba6e898e4b528bde72e8fb66bfdffdda4374,"{""basis"":""x"",""d"":11,""noise_model"":""uniform_circuit_level"",""p"":0.002,""rounds"":11}",
     25115,         0,         0,   0.930,pymatching,d6061c9a594b6110f0d2d218d441ba6e898e4b528bde72e8fb66bfdffdda4374,"{""basis"":""x"",""d"":11,""noise_model"":""uniform_circuit_level"",""p"":0.002,""rounds"":11}",
      3072,         2,         0,   0.162,pymatching,b6e3714279fa4d6e0b5096a25a7c87ca9bb12204811c2c9990504be90ed24c04,"{""basis"":""x"",""d"":11,""noise_model"":""uniform_circuit_level"",""p"":0.003,""rounds"":11}",
      2048,         0,         0,   0.118,pymatching,d6061c9a594b6110f0d2d218d441ba6e898e4b528bde72e8fb66bfdffdda4374,"{""basis"":""x"",""d"":11,""noise_model"":""uniform_circuit_level"",""p"":0.002,""rounds"":11}",
      2048,         0,         0,   0.135,pymatching,d6061c9a594b6110f0d2d218d441ba6e898e4b528bde72e8fb66bfdffdda4374,"{""basis"":""x"",""d"":11,""noise_model"":""uniform_circuit_level"",""p"":0.002,""rounds"":11}",
      4096,         0,         0,   0.139,pymatching,d6061c9a594b6110f0d2d218d441ba6e898e4b528bde72e8fb66bfdffdda4374,"{""basis"":""x"",""d"":11,""noise_model"":""uniform_circuit_level"",""p"":0.002,""rounds"":11}",
      5120,         0,         0,   0.171,pymatching,d6061c9a594b6110f0d2d218d441ba6e898e4b528bde72e8fb66bfdffdda4374,"{""basis"":""x"",""d"":11,""noise_model"":""uniform_circuit_level"",""p"":0.002,""rounds"":11}",
      4096,         2,         0,   0.219,pymatching,b6e3714279fa4d6e0b5096a25a7c87ca9bb12204811c2c9990504be90ed24c04,"{""basis"":""x"",""d"":11,""noise_model"":""uniform_circuit_level"",""p"":0.003,""rounds"":11}",
      4096,         0,         0,   0.226,pymatching,b6e3714279fa4d6e0b5096a25a7c87ca9bb12204811c2c9990504be90ed24c04,"{""basis"":""x"",""d"":11,""noise_model"":""uniform_circuit_level"",""p"":0.003,""rounds"":11}",
      3072,         1,         0,   0.179,pymatching,b6e3714279fa4d6e0b5096a25a7c87ca9bb12204811c2c9990504be90ed24c04,"{""basis"":""x"",""d"":11,""noise_model"":""uniform_circuit_level"",""p"":0.003,""rounds"":11}",
      6144,         0,         0,   0.214,pymatching,d6061c9a594b6110f0d2d218d441ba6e898e4b528bde72e8fb66bfdffdda4374,"{""basis"":""x"",""d"":11,""noise_model"":""uniform_circuit_level"",""p"":0.002,""rounds"":11}",
      4096,         1,         0,   0.220,pymatching,b6e3714279fa4d6e0b5096a25a7c87ca9bb12204811c2c9990504be90ed24c04,"{""basis"":""x"",""d"":11,""noise_model"":""uniform_circuit_level"",""p"":0.003,""rounds"":11}",
      4096,         0,         0,   0.245,pymatching,b6e3714279fa4d6e0b5096a25a7c87ca9bb12204811c2c9990504be90ed24c04,"{""basis"":""x"",""d"":11,""noise_model"":""uniform_circuit_level"",""p"":0.003,""rounds"":11}",
      5120,         0,         0,   0.207,pymatching,d6061c9a594b6110f0d2d218d441ba6e898e4b528bde72e8fb66bfdffdda4374,"{""basis"":""x"",""d"":11,""noise_model"":""uniform_circuit_level"",""p"":0.002,""rounds"":11}",
      2048,         0,         0,   0.189,pymatching,b6e3714279fa4d6e0b5096a25a7c87ca9bb12204811c2c9990504be90ed24c04,"{""basis"":""x"",""d"":11,""noise_model"":""uniform_circuit_level"",""p"":0.003,""rounds"":11}",
      4096,         1,         0,   0.174,pymatching,d6061c9a594b6110f0d2d218d441ba6e898e4b528bde72e8fb66bfdffdda4374,"{""basis"":""x"",""d"":11,""noise_model"":""uniform_circuit_level"",""p"":0.002,""rounds"":11}",
      2048,         2,         0,   0.192,pymatching,b6e3714279fa4d6e0b5096a25a7c87ca9bb12204811c2c9990504be90ed24c04,"{""basis"":""x"",""d"":11,""noise_model"":""uniform_circuit_level"",""p"":0.003,""rounds"":11}",
      2048,         1,         0,   0.143,pymatching,d6061c9a594b6110f0d2d218d441ba6e898e4b528bde72e8fb66bfdffdda4374,"{""basis"":""x"",""d"":11,""noise_model"":""uniform_circuit_level"",""p"":0.002,""rounds"":11}",
      3072,         0,         0,   0.154,pymatching,d6061c9a594b6110f0d2d218d441ba6e898e4b528bde72e8fb66bfdffdda4374,"{""basis"":""x"",""d"":11,""noise_model"":""uniform_circuit_level"",""p"":0.002,""rounds"":11}",
      5120,         0,         0,   0.170,pymatching,d6061c9a594b6110f0d2d218d441ba6e898e4b528bde72e8fb66bfdffdda4374,"{""basis"":""x"",""d"":11,""noise_model"":""uniform_circuit_level"",""p"":0.002,""rounds"":11}",
      4096,         0,         0,   0.211,pymatching,b6e3714279fa4d6e0b5096a25a7c87ca9bb12204811c2c9990504be90ed24c04,"{""basis"":""x"",""d"":11,""noise_model"":""uniform_circuit_level"",""p"":0.003,""rounds"":11}",
      6144,         2,         0,   0.248,pymatching,d6061c9a594b6110f0d2d218d441ba6e898e4b528bde72e8fb66bfdffdda4374,"{""basis"":""x"",""d"":11,""noise_model"":""uniform_circuit_level"",""p"":0.002,""rounds"":11}",
      6144,         0,         0,   0.213,pymatching,d6061c9a594b6110f0d2d218d441ba6e898e4b528bde72e8fb66bfdffdda4374,"{""basis"":""x"",""d"":11,""noise_model"":""uniform_circuit_level"",""p"":0.002,""rounds"":11}",
      4096,         1,         0,   0.253,pymatching,b6e3714279fa4d6e0b5096a25a7c87ca9bb12204811c2c9990504be90ed24c04,"{""basis"":""x"",""d"":11,""noise_model"":""uniform_circuit_level"",""p"":0.003,""rounds"":11}",
      2048,         0,         0,   0.191,pymatching,b6e3714279fa4d6e0b5096a25a7c87ca9bb12204811c2c9990504be90ed24c04,"{""basis"":""x"",""d"":11,""noise_model"":""uniform_circuit_level"",""p"":0.003,""rounds"":11}",
      2048,         0,         0,   0.175,pymatching,b6e3714279fa4d6e0b5096a25a7c87ca9bb12204811c2c9990504be90ed24c04,"{""basis"":""x"",""d"":11,""noise_model"":""uniform_circuit_level"",""p"":0.003,""rounds"":11}",
      5120,         1,         0,   0.309,pymatching,b6e3714279fa4d6e0b5096a25a7c87ca9bb12204811c2c9990504be90ed24c04,"{""basis"":""x"",""d"":11,""noise_model"":""uniform_circuit_level"",""p"":0.003,""rounds"":11}",
      3072,         0,         0,   0.189,pymatching,d6061c9a594b6110f0d2d218d441ba6e898e4b528bde72e8fb66bfdffdda4374,"{""basis"":""x"",""d"":11,""noise_model"":""uniform_circuit_level"",""p"":0.002,""rounds"":11}",
      6144,         0,         0,   0.221,pymatching,d6061c9a594b6110f0d2d218d441ba6e898e4b528bde72e8fb66bfdffdda4374,"{""basis"":""x"",""d"":11,""noise_model"":""uniform_circuit_level"",""p"":0.002,""rounds"":11}",
      6144,         1,         0,   0.337,pymatching,b6e3714279fa4d6e0b5096a25a7c87ca9bb12204811c2c9990504be90ed24c04,"{""basis"":""x"",""d"":11,""noise_model"":""uniform_circuit_level"",""p"":0.003,""rounds"":11}",
      9216,         0,         0,   0.316,pymatching,d6061c9a594b6110f0d2d218d441ba6e898e4b528bde72e8fb66bfdffdda4374,"{""basis"":""x"",""d"":11,""noise_model"":""uniform_circuit_level"",""p"":0.002,""rounds"":11}",
     22585,         0,         0,   0.773,pymatching,d6061c9a594b6110f0d2d218d441ba6e898e4b528bde72e8fb66bfdffdda4374,"{""basis"":""x"",""d"":11,""noise_model"":""uniform_circuit_level"",""p"":0.002,""rounds"":11}",
      5120,         0,         0,   0.312,pymatching,b6e3714279fa4d6e0b5096a25a7c87ca9bb12204811c2c9990504be90ed24c04,"{""basis"":""x"",""d"":11,""noise_model"":""uniform_circuit_level"",""p"":0.003,""rounds"":11}",
     19456,         0,         0,    1.20,pymatching,d6061c9a594b6110f0d2d218d441ba6e898e4b528bde72e8fb66bfdffdda4374,"{""basis"":""x"",""d"":11,""noise_model"":""uniform_circuit_level"",""p"":0.002,""rounds"":11}",
      6144,         3,         0,   0.340,pymatching,b6e3714279fa4d6e0b5096a25a7c87ca9bb12204811c2c9990504be90ed24c04,"{""basis"":""x"",""d"":11,""noise_model"":""uniform_circuit_level"",""p"":0.003,""rounds"":11}",
      6144,         0,         0,   0.211,pymatching,d6061c9a594b6110f0d2d218d441ba6e898e4b528bde72e8fb66bfdffdda4374,"{""basis"":""x"",""d"":11,""noise_model"":""uniform_circuit_level"",""p"":0.002,""rounds"":11}",
     20480,         0,         0,    1.20,pymatching,d6061c9a594b6110f0d2d218d441ba6e898e4b528bde72e8fb66bfdffdda4374,"{""basis"":""x"",""d"":11,""noise_model"":""uniform_circuit_level"",""p"":0.002,""rounds"":11}",
      8192,         1,         0,   0.293,pymatching,d6061c9a594b6110f0d2d218d441ba6e898e4b528bde72e8fb66bfdffdda4374,"{""basis"":""x"",""d"":11,""noise_model"":""uniform_circuit_level"",""p"":0.002,""rounds"":11}",
     19456,         0,         0,    1.11,pymatching,d6061c9a594b6110f0d2d218d441ba6e898e4b528bde72e8fb66bfdffdda4374,"{""basis"":""x"",""d"":11,""noise_model"":""uniform_circuit_level"",""p"":0.002,""rounds"":11}",
      4096,         0,         0,   0.251,pymatching,d6061c9a594b6110f0d2d218d441ba6e898e4b528bde72e8fb66bfdffdda4374,"{""basis"":""x"",""d"":11,""noise_model"":""uniform_circuit_level"",""p"":0.002,""rounds"":11}",
      6144,         2,         0,   0.326,pymatching,b6e3714279fa4d6e0b5096a25a7c87ca9bb12204811c2c9990504be90ed24c04,"{""basis"":""x"",""d"":11,""noise_model"":""uniform_circuit_level"",""p"":0.003,""rounds"":11}",
      8192,         0,         0,   0.290,pymatching,d6061c9a594b6110f0d2d218d441ba6e898e4b528bde72e8fb66bfdffdda4374,"{""basis"":""x"",""d"":11,""noise_model"":""uniform_circuit_level"",""p"":0.002,""rounds"":11}",
      8192,         0,         0,   0.326,pymatching,d6061c9a594b6110f0d2d218d441ba6e898e4b528bde72e8fb66bfdffdda4374,"{""basis"":""x"",""d"":11,""noise_model"":""uniform_circuit_level"",""p"":0.002,""rounds"":11}",
     13312,         1,         0,   0.795,pymatching,d6061c9a594b6110f0d2d218d441ba6e898e4b528bde72e8fb66bfdffdda4374,"{""basis"":""x"",""d"":11,""noise_model"":""uniform_circuit_level"",""p"":0.002,""rounds"":11}",
      4952,         0,         0,   0.169,pymatching,d6061c9a594b6110f0d2d218d441ba6e898e4b528bde72e8fb66bfdffdda4374,"{""basis"":""x"",""d"":11,""noise_model"":""uniform_circuit_level"",""p"":0.002,""rounds"":11}",
      3072,         1,         0,   0.267,pymatching,b6e3714279fa4d6e0b5096a25a7c87ca9bb12204811c2c9990504be90ed24c04,"{""basis"":""x"",""d"":11,""noise_model"":""uniform_circuit_level"",""p"":0.003,""rounds"":11}",
     12288,         0,         0,   0.704,pymatching,d6061c9a594b6110f0d2d218d441ba6e898e4b528bde72e8fb66bfdffdda4374,"{""basis"":""x"",""d"":11,""noise_model"":""uniform_circuit_level"",""p"":0.002,""rounds"":11}",
      9216,         0,         0,   0.552,pymatching,d6061c9a594b6110f0d2d218d441ba6e898e4b528bde72e8fb66bfdffdda4374,"{""basis"":""x"",""d"":11,""noise_model"":""uniform_circuit_level"",""p"":0.002,""rounds"":11}",
     28672,         8,         0,    1.55,pymatching,b6e3714279fa4d6e0b5096a25a7c87ca9bb12204811c2c9990504be90ed24c04,"{""basis"":""x"",""d"":11,""noise_model"":""uniform_circuit_level"",""p"":0.003,""rounds"":11}",
      5120,         1,         0,   0.301,pymatching,b6e3714279fa4d6e0b5096a25a7c87ca9bb12204811c2c9990504be90ed24c04,"{""basis"":""x"",""d"":11,""noise_model"":""uniform_circuit_level"",""p"":0.003,""rounds"":11}",
      5140,         0,         0,   0.178,pymatching,d6061c9a594b6110f0d2d218d441ba6e898e4b528bde72e8fb66bfdffdda4374,"{""basis"":""x"",""d"":11,""noise_model"":""uniform_circuit_level"",""p"":0.002,""rounds"":11}",
      4096,         0,         0,   0.247,pymatching,d6061c9a594b6110f0d2d218d441ba6e898e4b528bde72e8fb66bfdffdda4374,"{""basis"":""x"",""d"":11,""noise_model"":""uniform_circuit_level"",""p"":0.002,""rounds"":11}",
      3072,         1,         0,   0.276,pymatching,b6e3714279fa4d6e0b5096a25a7c87ca9bb12204811c2c9990504be90ed24c04,"{""basis"":""x"",""d"":11,""noise_model"":""uniform_circuit_level"",""p"":0.003,""rounds"":11}",
      9216,         0,         0,   0.574,pymatching,d6061c9a594b6110f0d2d218d441ba6e898e4b528bde72e8fb66bfdffdda4374,"{""basis"":""x"",""d"":11,""noise_model"":""uniform_circuit_level"",""p"":0.002,""rounds"":11}",
      6751,         0,         0,   0.237,pymatching,d6061c9a594b6110f0d2d218d441ba6e898e4b528bde72e8fb66bfdffdda4374,"{""basis"":""x"",""d"":11,""noise_model"":""uniform_circuit_level"",""p"":0.002,""rounds"":11}",
      1542,         0,         0,   0.078,pymatching,d6061c9a594b6110f0d2d218d441ba6e898e4b528bde72e8fb66bfdffdda4374,"{""basis"":""x"",""d"":11,""noise_model"":""uniform_circuit_level"",""p"":0.002,""rounds"":11}",
      3129,         0,         0,   0.104,pymatching,d6061c9a594b6110f0d2d218d441ba6e898e4b528bde72e8fb66bfdffdda4374,"{""basis"":""x"",""d"":11,""noise_model"":""uniform_circuit_level"",""p"":0.002,""rounds"":11}",
      3325,         0,         0,   0.176,pymatching,d6061c9a594b6110f0d2d218d441ba6e898e4b528bde72e8fb66bfdffdda4374,"{""basis"":""x"",""d"":11,""noise_model"":""uniform_circuit_level"",""p"":0.002,""rounds"":11}",
      7168,         0,         0,   0.288,pymatching,d6061c9a594b6110f0d2d218d441ba6e898e4b528bde72e8fb66bfdffdda4374,"{""basis"":""x"",""d"":11,""noise_model"":""uniform_circuit_level"",""p"":0.002,""rounds"":11}",
      4599,         0,         0,   0.225,pymatching,d6061c9a594b6110f0d2d218d441ba6e898e4b528bde72e8fb66bfdffdda4374,"{""basis"":""x"",""d"":11,""noise_model"":""uniform_circuit_level"",""p"":0.002,""rounds"":11}",
     47104,        18,         0,    3.06,pymatching,b6e3714279fa4d6e0b5096a25a7c87ca9bb12204811c2c9990504be90ed24c04,"{""basis"":""x"",""d"":11,""noise_model"":""uniform_circuit_level"",""p"":0.003,""rounds"":11}",
      4599,         0,         0,   0.243,pymatching,d6061c9a594b6110f0d2d218d441ba6e898e4b528bde72e8fb66bfdffdda4374,"{""basis"":""x"",""d"":11,""noise_model"":""uniform_circuit_level"",""p"":0.002,""rounds"":11}",
      4307,         0,         0,   0.254,pymatching,d6061c9a594b6110f0d2d218d441ba6e898e4b528bde72e8fb66bfdffdda4374,"{""basis"":""x"",""d"":11,""noise_model"":""uniform_circuit_level"",""p"":0.002,""rounds"":11}",
      4100,         0,         0,   0.217,pymatching,d6061c9a594b6110f0d2d218d441ba6e898e4b528bde72e8fb66bfdffdda4374,"{""basis"":""x"",""d"":11,""noise_model"":""uniform_circuit_level"",""p"":0.002,""rounds"":11}",
      1892,         0,         0,   0.065,pymatching,d6061c9a594b6110f0d2d218d441ba6e898e4b528bde72e8fb66bfdffdda4374,"{""basis"":""x"",""d"":11,""noise_model"":""uniform_circuit_level"",""p"":0.002,""rounds"":11}",
      2260,         0,         0,   0.085,pymatching,d6061c9a594b6110f0d2d218d441ba6e898e4b528bde72e8fb66bfdffdda4374,"{""basis"":""x"",""d"":11,""noise_model"":""uniform_circuit_level"",""p"":0.002,""rounds"":11}",
      4096,         0,         0,   0.153,pymatching,d6061c9a594b6110f0d2d218d441ba6e898e4b528bde72e8fb66bfdffdda4374,"{""basis"":""x"",""d"":11,""noise_model"":""uniform_circuit_level"",""p"":0.002,""rounds"":11}",
        73,         0,         0,   0.003,pymatching,d6061c9a594b6110f0d2d218d441ba6e898e4b528bde72e8fb66bfdffdda4374,"{""basis"":""x"",""d"":11,""noise_model"":""uniform_circuit_level"",""p"":0.002,""rounds"":11}",
       287,         0,         0,   0.014,pymatching,d6061c9a594b6110f0d2d218d441ba6e898e4b528bde72e8fb66bfdffdda4374,"{""basis"":""x"",""d"":11,""noise_model"":""uniform_circuit_level"",""p"":0.002,""rounds"":11}",
       150,         0,         0,   0.007,pymatching,d6061c9a594b6110f0d2d218d441ba6e898e4b528bde72e8fb66bfdffdda4374,"{""basis"":""x"",""d"":11,""noise_model"":""uniform_circuit_level"",""p"":0.002,""rounds"":11}",
       116,         0,         0,   0.005,pymatching,d6061c9a594b6110f0d2d218d441ba6e898e4b528bde72e8fb66bfdffdda4374,"{""basis"":""x"",""d"":11,""noise_model"":""uniform_circuit_level"",""p"":0.002,""rounds"":11}",
       125,         0,         0,   0.004,pymatching,d6061c9a594b6110f0d2d218d441ba6e898e4b528bde72e8fb66bfdffdda4374,"{""basis"":""x"",""d"":11,""noise_model"":""uniform_circuit_level"",""p"":0.002,""rounds"":11}",
       287,         0,         0,   0.015,pymatching,d6061c9a594b6110f0d2d218d441ba6e898e4b528bde72e8fb66bfdffdda4374,"{""basis"":""x"",""d"":11,""noise_model"":""uniform_circuit_level"",""p"":0.002,""rounds"":11}",
      2551,         0,         0,   0.120,pymatching,d6061c9a594b6110f0d2d218d441ba6e898e4b528bde72e8fb66bfdffdda4374,"{""basis"":""x"",""d"":11,""noise_model"":""uniform_circuit_level"",""p"":0.002,""rounds"":11}",
      3072,         0,         0,   0.139,pymatching,d6061c9a594b6110f0d2d218d441ba6e898e4b528bde72e8fb66bfdffdda4374,"{""basis"":""x"",""d"":11,""noise_model"":""uniform_circuit_level"",""p"":0.002,""rounds"":11}",
      3072,         0,         0,   0.122,pymatching,d6061c9a594b6110f0d2d218d441ba6e898e4b528bde72e8fb66bfdffdda4374,"{""basis"":""x"",""d"":11,""noise_model"":""uniform_circuit_level"",""p"":0.002,""rounds"":11}",
      2292,         0,         0,   0.080,pymatching,d6061c9a594b6110f0d2d218d441ba6e898e4b528bde72e8fb66bfdffdda4374,"{""basis"":""x"",""d"":11,""noise_model"":""uniform_circuit_level"",""p"":0.002,""rounds"":11}",
      2808,         0,         0,   0.127,pymatching,d6061c9a594b6110f0d2d218d441ba6e898e4b528bde72e8fb66bfdffdda4374,"{""basis"":""x"",""d"":11,""noise_model"":""uniform_circuit_level"",""p"":0.002,""rounds"":11}",
      2048,         0,         0,   0.089,pymatching,d6061c9a594b6110f0d2d218d441ba6e898e4b528bde72e8fb66bfdffdda4374,"{""basis"":""x"",""d"":11,""noise_model"":""uniform_circuit_level"",""p"":0.002,""rounds"":11}",
      1577,         0,         0,   0.070,pymatching,d6061c9a594b6110f0d2d218d441ba6e898e4b528bde72e8fb66bfdffdda4374,"{""basis"":""x"",""d"":11,""noise_model"":""uniform_circuit_level"",""p"":0.002,""rounds"":11}",
      2551,         0,         0,   0.112,pymatching,d6061c9a594b6110f0d2d218d441ba6e898e4b528bde72e8fb66bfdffdda4374,"{""basis"":""x"",""d"":11,""noise_model"":""uniform_circuit_level"",""p"":0.002,""rounds"":11}",
      3072,         0,         0,   0.142,pymatching,d6061c9a594b6110f0d2d218d441ba6e898e4b528bde72e8fb66bfdffdda4374,"{""basis"":""x"",""d"":11,""noise_model"":""uniform_circuit_level"",""p"":0.002,""rounds"":11}",
       227,         0,         0,   0.010,pymatching,d6061c9a594b6110f0d2d218d441ba6e898e4b528bde72e8fb66bfdffdda4374,"{""basis"":""x"",""d"":11,""noise_model"":""uniform_circuit_level"",""p"":0.002,""rounds"":11}",
         5,         0,         0,   0.001,pymatching,d6061c9a594b6110f0d2d218d441ba6e898e4b528bde72e8fb66bfdffdda4374,"{""basis"":""x"",""d"":11,""noise_model"":""uniform_circuit_level"",""p"":0.002,""rounds"":11}",
       292,         0,         0,   0.011,pymatching,d6061c9a594b6110f0d2d218d441ba6e898e4b528bde72e8fb66bfdffdda4374,"{""basis"":""x"",""d"":11,""noise_model"":""uniform_circuit_level"",""p"":0.002,""rounds"":11}",
       269,         0,         0,   0.010,pymatching,d6061c9a594b6110f0d2d218d441ba6e898e4b528bde72e8fb66bfdffdda4374,"{""basis"":""x"",""d"":11,""noise_model"":""uniform_circuit_level"",""p"":0.002,""rounds"":11}",
      1109,         0,         0,   0.040,pymatching,d6061c9a594b6110f0d2d218d441ba6e898e4b528bde72e8fb66bfdffdda4374,"{""basis"":""x"",""d"":11,""noise_model"":""uniform_circuit_level"",""p"":0.002,""rounds"":11}",
        37,         0,         0,   0.002,pymatching,d6061c9a594b6110f0d2d218d441ba6e898e4b528bde72e8fb66bfdffdda4374,"{""basis"":""x"",""d"":11,""noise_model"":""uniform_circuit_level"",""p"":0.002,""rounds"":11}",
      1812,         0,         0,   0.069,pymatching,d6061c9a594b6110f0d2d218d441ba6e898e4b528bde72e8fb66bfdffdda4374,"{""basis"":""x"",""d"":11,""noise_model"":""uniform_circuit_level"",""p"":0.002,""rounds"":11}",
       292,         0,         0,   0.011,pymatching,d6061c9a594b6110f0d2d218d441ba6e898e4b528bde72e8fb66bfdffdda4374,"{""basis"":""x"",""d"":11,""noise_model"":""uniform_circuit_level"",""p"":0.002,""rounds"":11}",
      2048,         0,         0,   0.086,pymatching,d6061c9a594b6110f0d2d218d441ba6e898e4b528bde72e8fb66bfdffdda4374,"{""basis"":""x"",""d"":11,""noise_model"":""uniform_circuit_level"",""p"":0.002,""rounds"":11}",
       126,         0,         0,   0.009,pymatching,d6061c9a594b6110f0d2d218d441ba6e898e4b528bde72e8fb66bfdffdda4374,"{""basis"":""x"",""d"":11,""noise_model"":""uniform_circuit_level"",""p"":0.002,""rounds"":11}",
       785,         0,         0,   0.028,pymatching,d6061c9a594b6110f0d2d218d441ba6e898e4b528bde72e8fb66bfdffdda4374,"{""basis"":""x"",""d"":11,""noise_model"":""uniform_circuit_level"",""p"":0.002,""rounds"":11}",
       723,         0,         0,   0.025,pymatching,d6061c9a594b6110f0d2d218d441ba6e898e4b528bde72e8fb66bfdffdda4374,"{""basis"":""x"",""d"":11,""noise_model"":""uniform_circuit_level"",""p"":0.002,""rounds"":11}",
       142,         0,         0,   0.004,pymatching,d6061c9a594b6110f0d2d218d441ba6e898e4b528bde72e8fb66bfdffdda4374,"{""basis"":""x"",""d"":11,""noise_model"":""uniform_circuit_level"",""p"":0.002,""rounds"":11}",
        10,         0,         0,   0.001,pymatching,d6061c9a594b6110f0d2d218d441ba6e898e4b528bde72e8fb66bfdffdda4374,"{""basis"":""x"",""d"":11,""noise_model"":""uniform_circuit_level"",""p"":0.002,""rounds"":11}",
         8,         0,         0,   0.001,pymatching,d6061c9a594b6110f0d2d218d441ba6e898e4b528bde72e8fb66bfdffdda4374,"{""basis"":""x"",""d"":11,""noise_model"":""uniform_circuit_level"",""p"":0.002,""rounds"":11}",
       142,         0,         0,   0.006,pymatching,d6061c9a594b6110f0d2d218d441ba6e898e4b528bde72e8fb66bfdffdda4374,"{""basis"":""x"",""d"":11,""noise_model"":""uniform_circuit_level"",""p"":0.002,""rounds"":11}",
       142,         0,         0,   0.005,pymatching,d6061c9a594b6110f0d2d218d441ba6e898e4b528bde72e8fb66bfdffdda4374,"{""basis"":""x"",""d"":11,""noise_model"":""uniform_circuit_level"",""p"":0.002,""rounds"":11}",
         8,         0,         0,   0.001,pymatching,d6061c9a594b6110f0d2d218d441ba6e898e4b528bde72e8fb66bfdffdda4374,"{""basis"":""x"",""d"":11,""noise_model"":""uniform_circuit_level"",""p"":0.002,""rounds"":11}",
       142,         0,         0,   0.006,pymatching,d6061c9a594b6110f0d2d218d441ba6e898e4b528bde72e8fb66bfdffdda4374,"{""basis"":""x"",""d"":11,""noise_model"":""uniform_circuit_level"",""p"":0.002,""rounds"":11}",
       142,         0,         0,   0.006,pymatching,d6061c9a594b6110f0d2d218d441ba6e898e4b528bde72e8fb66bfdffdda4374,"{""basis"":""x"",""d"":11,""noise_model"":""uniform_circuit_level"",""p"":0.002,""rounds"":11}",
         2,         0,         0,   0.000,pymatching,d6061c9a594b6110f0d2d218d441ba6e898e4b528bde72e8fb66bfdffdda4374,"{""basis"":""x"",""d"":11,""noise_model"":""uniform_circuit_level"",""p"":0.002,""rounds"":11}",
         2,         0,         0,   0.000,pymatching,d6061c9a594b6110f0d2d218d441ba6e898e4b528bde72e8fb66bfdffdda4374,"{""basis"":""x"",""d"":11,""noise_model"":""uniform_circuit_level"",""p"":0.002,""rounds"":11}",
      7168,         4,         0,   0.448,pymatching,b6e3714279fa4d6e0b5096a25a7c87ca9bb12204811c2c9990504be90ed24c04,"{""basis"":""x"",""d"":11,""noise_model"":""uniform_circuit_level"",""p"":0.003,""rounds"":11}",
         2,         0,         0,   0.000,pymatching,d6061c9a594b6110f0d2d218d441ba6e898e4b528bde72e8fb66bfdffdda4374,"{""basis"":""x"",""d"":11,""noise_model"":""uniform_circuit_level"",""p"":0.002,""rounds"":11}",
         2,         0,         0,   0.000,pymatching,d6061c9a594b6110f0d2d218d441ba6e898e4b528bde72e8fb66bfdffdda4374,"{""basis"":""x"",""d"":11,""noise_model"":""uniform_circuit_level"",""p"":0.002,""rounds"":11}",
         1,         0,         0,   0.000,pymatching,d6061c9a594b6110f0d2d218d441ba6e898e4b528bde72e8fb66bfdffdda4374,"{""basis"":""x"",""d"":11,""noise_model"":""uniform_circuit_level"",""p"":0.002,""rounds"":11}",
         1,         0,         0,   0.000,pymatching,d6061c9a594b6110f0d2d218d441ba6e898e4b528bde72e8fb66bfdffdda4374,"{""basis"":""x"",""d"":11,""noise_model"":""uniform_circuit_level"",""p"":0.002,""rounds"":11}",
         1,         0,         0,   0.000,pymatching,d6061c9a594b6110f0d2d218d441ba6e898e4b528bde72e8fb66bfdffdda4374,"{""basis"":""x"",""d"":11,""noise_model"":""uniform_circuit_level"",""p"":0.002,""rounds"":11}",
         1,         0,         0,   0.000,pymatching,d6061c9a594b6110f0d2d218d441ba6e898e4b528bde72e8fb66bfdffdda4374,"{""basis"":""x"",""d"":11,""noise_model"":""uniform_circuit_level"",""p"":0.002,""rounds"":11}",
         1,         0,         0,   0.000,pymatching,d6061c9a594b6110f0d2d218d441ba6e898e4b528bde72e8fb66bfdffdda4374,"{""basis"":""x"",""d"":11,""noise_model"":""uniform_circuit_level"",""p"":0.002,""rounds"":11}",
         1,         0,         0,   0.000,pymatching,d6061c9a594b6110f0d2d218d441ba6e898e4b528bde72e8fb66bfdffdda4374,"{""basis"":""x"",""d"":11,""noise_model"":""uniform_circuit_level"",""p"":0.002,""rounds"":11}",
         1,         0,         0,   0.000,pymatching,d6061c9a594b6110f0d2d218d441ba6e898e4b528bde72e8fb66bfdffdda4374,"{""basis"":""x"",""d"":11,""noise_model"":""uniform_circuit_level"",""p"":0.002,""rounds"":11}",
      7168,         2,         0,   0.405,pymatching,b6e3714279fa4d6e0b5096a25a7c87ca9bb12204811c2c9990504be90ed24c04,"{""basis"":""x"",""d"":11,""noise_model"":""uniform_circuit_level"",""p"":0.003,""rounds"":11}",
         1,         0,         0,   0.000,pymatching,d6061c9a594b6110f0d2d218d441ba6e898e4b528bde72e8fb66bfdffdda4374,"{""basis"":""x"",""d"":11,""noise_model"":""uniform_circuit_level"",""p"":0.002,""rounds"":11}",
         1,         0,         0,   0.000,pymatching,d6061c9a594b6110f0d2d218d441ba6e898e4b528bde72e8fb66bfdffdda4374,"{""basis"":""x"",""d"":11,""noise_model"":""uniform_circuit_level"",""p"":0.002,""rounds"":11}",
         1,         0,         0,   0.000,pymatching,d6061c9a594b6110f0d2d218d441ba6e898e4b528bde72e8fb66bfdffdda4374,"{""basis"":""x"",""d"":11,""noise_model"":""uniform_circuit_level"",""p"":0.002,""rounds"":11}",
         1,         0,         0,   0.000,pymatching,d6061c9a594b6110f0d2d218d441ba6e898e4b528bde72e8fb66bfdffdda4374,"{""basis"":""x"",""d"":11,""noise_model"":""uniform_circuit_level"",""p"":0.002,""rounds"":11}",
         1,         0,         0,   0.000,pymatching,d6061c9a594b6110f0d2d218d441ba6e898e4b528bde72e8fb66bfdffdda4374,"{""basis"":""x"",""d"":11,""noise_model"":""uniform_circuit_level"",""p"":0.002,""rounds"":11}",
         1,         0,         0,   0.000,pymatching,d6061c9a594b6110f0d2d218d441ba6e898e4b528bde72e8fb66bfdffdda4374,"{""basis"":""x"",""d"":11,""noise_model"":""uniform_circuit_level"",""p"":0.002,""rounds"":11}",
         1,         0,         0,   0.000,pymatching,d6061c9a594b6110f0d2d218d441ba6e898e4b528bde72e8fb66bfdffdda4374,"{""basis"":""x"",""d"":11,""noise_model"":""uniform_circuit_level"",""p"":0.002,""rounds"":11}",
         1,         0,         0,   0.000,pymatching,d6061c9a594b6110f0d2d218d441ba6e898e4b528bde72e8fb66bfdffdda4374,"{""basis"":""x"",""d"":11,""noise_model"":""uniform_circuit_level"",""p"":0.002,""rounds"":11}",
         1,         0,         0,   0.000,pymatching,d6061c9a594b6110f0d2d218d441ba6e898e4b528bde72e8fb66bfdffdda4374,"{""basis"":""x"",""d"":11,""noise_model"":""uniform_circuit_level"",""p"":0.002,""rounds"":11}",
      8192,         3,         0,   0.445,pymatching,b6e3714279fa4d6e0b5096a25a7c87ca9bb12204811c2c9990504be90ed24c04,"{""basis"":""x"",""d"":11,""noise_model"":""uniform_circuit_level"",""p"":0.003,""rounds"":11}",
      8192,         4,         0,   0.437,pymatching,b6e3714279fa4d6e0b5096a25a7c87ca9bb12204811c2c9990504be90ed24c04,"{""basis"":""x"",""d"":11,""noise_model"":""uniform_circuit_level"",""p"":0.003,""rounds"":11}",
     27648,        16,         0,    1.58,pymatching,b6e3714279fa4d6e0b5096a25a7c87ca9bb12204811c2c9990504be90ed24c04,"{""basis"":""x"",""d"":11,""noise_model"":""uniform_circuit_level"",""p"":0.003,""rounds"":11}",
     46080,         6,         0,    2.67,pymatching,b6e3714279fa4d6e0b5096a25a7c87ca9bb12204811c2c9990504be90ed24c04,"{""basis"":""x"",""d"":11,""noise_model"":""uniform_circuit_level"",""p"":0.003,""rounds"":11}",
     66560,        17,         0,    4.07,pymatching,b6e3714279fa4d6e0b5096a25a7c87ca9bb12204811c2c9990504be90ed24c04,"{""basis"":""x"",""d"":11,""noise_model"":""uniform_circuit_level"",""p"":0.003,""rounds"":11}",
      5120,         1,         0,   0.290,pymatching,b6e3714279fa4d6e0b5096a25a7c87ca9bb12204811c2c9990504be90ed24c04,"{""basis"":""x"",""d"":11,""noise_model"":""uniform_circuit_level"",""p"":0.003,""rounds"":11}",
       606,         0,         0,   0.036,pymatching,b6e3714279fa4d6e0b5096a25a7c87ca9bb12204811c2c9990504be90ed24c04,"{""basis"":""x"",""d"":11,""noise_model"":""uniform_circuit_level"",""p"":0.003,""rounds"":11}",
     25600,         8,         0,    1.37,pymatching,b6e3714279fa4d6e0b5096a25a7c87ca9bb12204811c2c9990504be90ed24c04,"{""basis"":""x"",""d"":11,""noise_model"":""uniform_circuit_level"",""p"":0.003,""rounds"":11}",
      5120,         3,         0,   0.345,pymatching,b6e3714279fa4d6e0b5096a25a7c87ca9bb12204811c2c9990504be90ed24c04,"{""basis"":""x"",""d"":11,""noise_model"":""uniform_circuit_level"",""p"":0.003,""rounds"":11}",
      8192,         4,         0,   0.475,pymatching,b6e3714279fa4d6e0b5096a25a7c87ca9bb12204811c2c9990504be90ed24c04,"{""basis"":""x"",""d"":11,""noise_model"":""uniform_circuit_level"",""p"":0.003,""rounds"":11}",
        17,         0,         0,   0.010,pymatching,b6e3714279fa4d6e0b5096a25a7c87ca9bb12204811c2c9990504be90ed24c04,"{""basis"":""x"",""d"":11,""noise_model"":""uniform_circuit_level"",""p"":0.003,""rounds"":11}",
        17,         0,         0,   0.010,pymatching,b6e3714279fa4d6e0b5096a25a7c87ca9bb12204811c2c9990504be90ed24c04,"{""basis"":""x"",""d"":11,""noise_model"":""uniform_circuit_level"",""p"":0.003,""rounds"":11}",
         1,         0,         0,   0.010,pymatching,b6e3714279fa4d6e0b5096a25a7c87ca9bb12204811c2c9990504be90ed24c04,"{""basis"":""x"",""d"":11,""noise_model"":""uniform_circuit_level"",""p"":0.003,""rounds"":11}",
         1,         0,         0,   0.010,pymatching,b6e3714279fa4d6e0b5096a25a7c87ca9bb12204811c2c9990504be90ed24c04,"{""basis"":""x"",""d"":11,""noise_model"":""uniform_circuit_level"",""p"":0.003,""rounds"":11}",
      8192,         6,         0,   0.446,pymatching,b6e3714279fa4d6e0b5096a25a7c87ca9bb12204811c2c9990504be90ed24c04,"{""basis"":""x"",""d"":11,""noise_model"":""uniform_circuit_level"",""p"":0.003,""rounds"":11}",
       272,         0,         0,   0.015,pymatching,b6e3714279fa4d6e0b5096a25a7c87ca9bb12204811c2c9990504be90ed24c04,"{""basis"":""x"",""d"":11,""noise_model"":""uniform_circuit_level"",""p"":0.003,""rounds"":11}",
       272,         0,         0,   0.016,pymatching,b6e3714279fa4d6e0b5096a25a7c87ca9bb12204811c2c9990504be90ed24c04,"{""basis"":""x"",""d"":11,""noise_model"":""uniform_circuit_level"",""p"":0.003,""rounds"":11}",
         1,         0,         0,   0.016,pymatching,b6e3714279fa4d6e0b5096a25a7c87ca9bb12204811c2c9990504be90ed24c04,"{""basis"":""x"",""d"":11,""noise_model"":""uniform_circuit_level"",""p"":0.003,""rounds"":11}",
         1,         0,         0,   0.010,pymatching,b6e3714279fa4d6e0b5096a25a7c87ca9bb12204811c2c9990504be90ed24c04,"{""basis"":""x"",""d"":11,""noise_model"":""uniform_circuit_level"",""p"":0.003,""rounds"":11}",
         1,         0,         0,   0.010,pymatching,b6e3714279fa4d6e0b5096a25a7c87ca9bb12204811c2c9990504be90ed24c04,"{""basis"":""x"",""d"":11,""noise_model"":""uniform_circuit_level"",""p"":0.003,""rounds"":11}",
         1,         0,         0,   0.010,pymatching,b6e3714279fa4d6e0b5096a25a7c87ca9bb12204811c2c9990504be90ed24c04,"{""basis"":""x"",""d"":11,""noise_model"":""uniform_circuit_level"",""p"":0.003,""rounds"":11}",
      1280,         1,         0,   0.068,pymatching,b6e3714279fa4d6e0b5096a25a7c87ca9bb12204811c2c9990504be90ed24c04,"{""basis"":""x"",""d"":11,""noise_model"":""uniform_circuit_level"",""p"":0.003,""rounds"":11}",
       272,         0,         0,   0.015,pymatching,b6e3714279fa4d6e0b5096a25a7c87ca9bb12204811c2c9990504be90ed24c04,"{""basis"":""x"",""d"":11,""noise_model"":""uniform_circuit_level"",""p"":0.003,""rounds"":11}",
       272,         0,         0,   0.015,pymatching,b6e3714279fa4d6e0b5096a25a7c87ca9bb12204811c2c9990504be90ed24c04,"{""basis"":""x"",""d"":11,""noise_model"":""uniform_circuit_level"",""p"":0.003,""rounds"":11}",
       272,         0,         0,   0.015,pymatching,b6e3714279fa4d6e0b5096a25a7c87ca9bb12204811c2c9990504be90ed24c04,"{""basis"":""x"",""d"":11,""noise_model"":""uniform_circuit_level"",""p"":0.003,""rounds"":11}",
       272,         0,         0,   0.022,pymatching,b6e3714279fa4d6e0b5096a25a7c87ca9bb12204811c2c9990504be90ed24c04,"{""basis"":""x"",""d"":11,""noise_model"":""uniform_circuit_level"",""p"":0.003,""rounds"":11}",
      1280,         1,         0,   0.071,pymatching,b6e3714279fa4d6e0b5096a25a7c87ca9bb12204811c2c9990504be90ed24c04,"{""basis"":""x"",""d"":11,""noise_model"":""uniform_circuit_level"",""p"":0.003,""rounds"":11}",
     25347,         3,         0,    1.37,pymatching,b6e3714279fa4d6e0b5096a25a7c87ca9bb12204811c2c9990504be90ed24c04,"{""basis"":""x"",""d"":11,""noise_model"":""uniform_circuit_level"",""p"":0.003,""rounds"":11}",
        17,         0,         0,   0.011,pymatching,b6e3714279fa4d6e0b5096a25a7c87ca9bb12204811c2c9990504be90ed24c04,"{""basis"":""x"",""d"":11,""noise_model"":""uniform_circuit_level"",""p"":0.003,""rounds"":11}",
      1024,         0,         0,   0.057,pymatching,b6e3714279fa4d6e0b5096a25a7c87ca9bb12204811c2c9990504be90ed24c04,"{""basis"":""x"",""d"":11,""noise_model"":""uniform_circuit_level"",""p"":0.003,""rounds"":11}",
      1024,         0,         0,   0.055,pymatching,b6e3714279fa4d6e0b5096a25a7c87ca9bb12204811c2c9990504be90ed24c04,"{""basis"":""x"",""d"":11,""noise_model"":""uniform_circuit_level"",""p"":0.003,""rounds"":11}",
        17,         0,         0,   0.011,pymatching,b6e3714279fa4d6e0b5096a25a7c87ca9bb12204811c2c9990504be90ed24c04,"{""basis"":""x"",""d"":11,""noise_model"":""uniform_circuit_level"",""p"":0.003,""rounds"":11}",
         1,         0,         0,   0.012,pymatching,b6e3714279fa4d6e0b5096a25a7c87ca9bb12204811c2c9990504be90ed24c04,"{""basis"":""x"",""d"":11,""noise_model"":""uniform_circuit_level"",""p"":0.003,""rounds"":11}",
       256,         1,         0,   0.014,pymatching,b6e3714279fa4d6e0b5096a25a7c87ca9bb12204811c2c9990504be90ed24c04,"{""basis"":""x"",""d"":11,""noise_model"":""uniform_circuit_level"",""p"":0.003,""rounds"":11}",
      1024,         1,         0,   0.054,pymatching,b6e3714279fa4d6e0b5096a25a7c87ca9bb12204811c2c9990504be90ed24c04,"{""basis"":""x"",""d"":11,""noise_model"":""uniform_circuit_level"",""p"":0.003,""rounds"":11}",
      1024,         1,         0,   0.052,pymatching,b6e3714279fa4d6e0b5096a25a7c87ca9bb12204811c2c9990504be90ed24c04,"{""basis"":""x"",""d"":11,""noise_model"":""uniform_circuit_level"",""p"":0.003,""rounds"":11}",
         1,         0,         0,   0.010,pymatching,b6e3714279fa4d6e0b5096a25a7c87ca9bb12204811c2c9990504be90ed24c04,"{""basis"":""x"",""d"":11,""noise_model"":""uniform_circuit_level"",""p"":0.003,""rounds"":11}",
       272,         0,         0,   0.015,pymatching,b6e3714279fa4d6e0b5096a25a7c87ca9bb12204811c2c9990504be90ed24c04,"{""basis"":""x"",""d"":11,""noise_model"":""uniform_circuit_level"",""p"":0.003,""rounds"":11}",
      1024,         0,         0,   0.054,pymatching,b6e3714279fa4d6e0b5096a25a7c87ca9bb12204811c2c9990504be90ed24c04,"{""basis"":""x"",""d"":11,""noise_model"":""uniform_circuit_level"",""p"":0.003,""rounds"":11}",
      1024,         0,         0,   0.062,pymatching,b6e3714279fa4d6e0b5096a25a7c87ca9bb12204811c2c9990504be90ed24c04,"{""basis"":""x"",""d"":11,""noise_model"":""uniform_circuit_level"",""p"":0.003,""rounds"":11}",
      1024,         0,         0,   0.058,pymatching,b6e3714279fa4d6e0b5096a25a7c87ca9bb12204811c2c9990504be90ed24c04,"{""basis"":""x"",""d"":11,""noise_model"":""uniform_circuit_level"",""p"":0.003,""rounds"":11}",
      1024,         0,         0,   0.055,pymatching,b6e3714279fa4d6e0b5096a25a7c87ca9bb12204811c2c9990504be90ed24c04,"{""basis"":""x"",""d"":11,""noise_model"":""uniform_circuit_level"",""p"":0.003,""rounds"":11}",
      1024,         1,         0,   0.055,pymatching,b6e3714279fa4d6e0b5096a25a7c87ca9bb12204811c2c9990504be90ed24c04,"{""basis"":""x"",""d"":11,""noise_model"":""uniform_circuit_level"",""p"":0.003,""rounds"":11}",
      1024,         0,         0,   0.072,pymatching,b6e3714279fa4d6e0b5096a25a7c87ca9bb12204811c2c9990504be90ed24c04,"{""basis"":""x"",""d"":11,""noise_model"":""uniform_circuit_level"",""p"":0.003,""rounds"":11}",
       272,         0,         0,   0.027,pymatching,b6e3714279fa4d6e0b5096a25a7c87ca9bb12204811c2c9990504be90ed24c04,"{""basis"":""x"",""d"":11,""noise_model"":""uniform_circuit_level"",""p"":0.003,""rounds"":11}",
      1280,         1,         0,   0.079,pymatching,b6e3714279fa4d6e0b5096a25a7c87ca9bb12204811c2c9990504be90ed24c04,"{""basis"":""x"",""d"":11,""noise_model"":""uniform_circuit_level"",""p"":0.003,""rounds"":11}",
      1024,         0,         0,   0.059,pymatching,b6e3714279fa4d6e0b5096a25a7c87ca9bb12204811c2c9990504be90ed24c04,"{""basis"":""x"",""d"":11,""noise_model"":""uniform_circuit_level"",""p"":0.003,""rounds"":11}",
      1024,         0,         0,   0.059,pymatching,b6e3714279fa4d6e0b5096a25a7c87ca9bb12204811c2c9990504be90ed24c04,"{""basis"":""x"",""d"":11,""noise_model"":""uniform_circuit_level"",""p"":0.003,""rounds"":11}",
      1024,         2,         0,   0.057,pymatching,b6e3714279fa4d6e0b5096a25a7c87ca9bb12204811c2c9990504be90ed24c04,"{""basis"":""x"",""d"":11,""noise_model"":""uniform_circuit_level"",""p"":0.003,""rounds"":11}",
      1024,         1,         0,   0.060,pymatching,b6e3714279fa4d6e0b5096a25a7c87ca9bb12204811c2c9990504be90ed24c04,"{""basis"":""x"",""d"":11,""noise_model"":""uniform_circuit_level"",""p"":0.003,""rounds"":11}",
         1,         0,         0,   0.017,pymatching,b6e3714279fa4d6e0b5096a25a7c87ca9bb12204811c2c9990504be90ed24c04,"{""basis"":""x"",""d"":11,""noise_model"":""uniform_circuit_level"",""p"":0.003,""rounds"":11}",
      1024,         1,         0,   0.062,pymatching,b6e3714279fa4d6e0b5096a25a7c87ca9bb12204811c2c9990504be90ed24c04,"{""basis"":""x"",""d"":11,""noise_model"":""uniform_circuit_level"",""p"":0.003,""rounds"":11}",
      1024,         1,         0,   0.057,pymatching,b6e3714279fa4d6e0b5096a25a7c87ca9bb12204811c2c9990504be90ed24c04,"{""basis"":""x"",""d"":11,""noise_model"":""uniform_circuit_level"",""p"":0.003,""rounds"":11}",
      1024,         0,         0,   0.061,pymatching,b6e3714279fa4d6e0b5096a25a7c87ca9bb12204811c2c9990504be90ed24c04,"{""basis"":""x"",""d"":11,""noise_model"":""uniform_circuit_level"",""p"":0.003,""rounds"":11}",
         1,         0,         0,   0.025,pymatching,b6e3714279fa4d6e0b5096a25a7c87ca9bb12204811c2c9990504be90ed24c04,"{""basis"":""x"",""d"":11,""noise_model"":""uniform_circuit_level"",""p"":0.003,""rounds"":11}",
       272,         0,         0,   0.015,pymatching,b6e3714279fa4d6e0b5096a25a7c87ca9bb12204811c2c9990504be90ed24c04,"{""basis"":""x"",""d"":11,""noise_model"":""uniform_circuit_level"",""p"":0.003,""rounds"":11}",
      1024,         0,         0,   0.053,pymatching,b6e3714279fa4d6e0b5096a25a7c87ca9bb12204811c2c9990504be90ed24c04,"{""basis"":""x"",""d"":11,""noise_model"":""uniform_circuit_level"",""p"":0.003,""rounds"":11}",
      1024,         0,         0,   0.053,pymatching,b6e3714279fa4d6e0b5096a25a7c87ca9bb12204811c2c9990504be90ed24c04,"{""basis"":""x"",""d"":11,""noise_model"":""uniform_circuit_level"",""p"":0.003,""rounds"":11}",
      1024,         0,         0,   0.060,pymatching,b6e3714279fa4d6e0b5096a25a7c87ca9bb12204811c2c9990504be90ed24c04,"{""basis"":""x"",""d"":11,""noise_model"":""uniform_circuit_level"",""p"":0.003,""rounds"":11}",
       272,         0,         0,   0.023,pymatching,b6e3714279fa4d6e0b5096a25a7c87ca9bb12204811c2c9990504be90ed24c04,"{""basis"":""x"",""d"":11,""noise_model"":""uniform_circuit_level"",""p"":0.003,""rounds"":11}",
      1024,         0,         0,   0.056,pymatching,b6e3714279fa4d6e0b5096a25a7c87ca9bb12204811c2c9990504be90ed24c04,"{""basis"":""x"",""d"":11,""noise_model"":""uniform_circuit_level"",""p"":0.003,""rounds"":11}",
      1024,         0,         0,   0.055,pymatching,b6e3714279fa4d6e0b5096a25a7c87ca9bb12204811c2c9990504be90ed24c04,"{""basis"":""x"",""d"":11,""noise_model"":""uniform_circuit_level"",""p"":0.003,""rounds"":11}",
      1024,         0,         0,   0.076,pymatching,b6e3714279fa4d6e0b5096a25a7c87ca9bb12204811c2c9990504be90ed24c04,"{""basis"":""x"",""d"":11,""noise_model"":""uniform_circuit_level"",""p"":0.003,""rounds"":11}",
         1,         0,         0,   0.010,pymatching,b6e3714279fa4d6e0b5096a25a7c87ca9bb12204811c2c9990504be90ed24c04,"{""basis"":""x"",""d"":11,""noise_model"":""uniform_circuit_level"",""p"":0.003,""rounds"":11}",
         1,         0,         0,   0.024,pymatching,b6e3714279fa4d6e0b5096a25a7c87ca9bb12204811c2c9990504be90ed24c04,"{""basis"":""x"",""d"":11,""noise_model"":""uniform_circuit_level"",""p"":0.003,""rounds"":11}",
      1024,         0,         0,   0.053,pymatching,b6e3714279fa4d6e0b5096a25a7c87ca9bb12204811c2c9990504be90ed24c04,"{""basis"":""x"",""d"":11,""noise_model"":""uniform_circuit_level"",""p"":0.003,""rounds"":11}",
      1024,         0,         0,   0.056,pymatching,b6e3714279fa4d6e0b5096a25a7c87ca9bb12204811c2c9990504be90ed24c04,"{""basis"":""x"",""d"":11,""noise_model"":""uniform_circuit_level"",""p"":0.003,""rounds"":11}",
      1024,         0,         0,   0.053,pymatching,b6e3714279fa4d6e0b5096a25a7c87ca9bb12204811c2c9990504be90ed24c04,"{""basis"":""x"",""d"":11,""noise_model"":""uniform_circuit_level"",""p"":0.003,""rounds"":11}",
       272,         0,         0,   0.015,pymatching,b6e3714279fa4d6e0b5096a25a7c87ca9bb12204811c2c9990504be90ed24c04,"{""basis"":""x"",""d"":11,""noise_model"":""uniform_circuit_level"",""p"":0.003,""rounds"":11}",
      1024,         0,         0,   0.058,pymatching,b6e3714279fa4d6e0b5096a25a7c87ca9bb12204811c2c9990504be90ed24c04,"{""basis"":""x"",""d"":11,""noise_model"":""uniform_circuit_level"",""p"":0.003,""rounds"":11}",
      1024,         0,         0,   0.066,pymatching,b6e3714279fa4d6e0b5096a25a7c87ca9bb12204811c2c9990504be90ed24c04,"{""basis"":""x"",""d"":11,""noise_model"":""uniform_circuit_level"",""p"":0.003,""rounds"":11}",
      1024,         0,         0,   0.059,pymatching,b6e3714279fa4d6e0b5096a25a7c87ca9bb12204811c2c9990504be90ed24c04,"{""basis"":""x"",""d"":11,""noise_model"":""uniform_circuit_level"",""p"":0.003,""rounds"":11}",
      1024,         1,         0,   0.054,pymatching,b6e3714279fa4d6e0b5096a25a7c87ca9bb12204811c2c9990504be90ed24c04,"{""basis"":""x"",""d"":11,""noise_model"":""uniform_circuit_level"",""p"":0.003,""rounds"":11}",
       272,         0,         0,   0.028,pymatching,b6e3714279fa4d6e0b5096a25a7c87ca9bb12204811c2c9990504be90ed24c04,"{""basis"":""x"",""d"":11,""noise_model"":""uniform_circuit_level"",""p"":0.003,""rounds"":11}",
      1024,         0,         0,   0.054,pymatching,b6e3714279fa4d6e0b5096a25a7c87ca9bb12204811c2c9990504be90ed24c04,"{""basis"":""x"",""d"":11,""noise_model"":""uniform_circuit_level"",""p"":0.003,""rounds"":11}",
      1024,         1,         0,   0.058,pymatching,b6e3714279fa4d6e0b5096a25a7c87ca9bb12204811c2c9990504be90ed24c04,"{""basis"":""x"",""d"":11,""noise_model"":""uniform_circuit_level"",""p"":0.003,""rounds"":11}",
      7168,         1,         0,   0.412,pymatching,b6e3714279fa4d6e0b5096a25a7c87ca9bb12204811c2c9990504be90ed24c04,"{""basis"":""x"",""d"":11,""noise_model"":""uniform_circuit_level"",""p"":0.003,""rounds"":11}",
      1024,         1,         0,   0.058,pymatching,b6e3714279fa4d6e0b5096a25a7c87ca9bb12204811c2c9990504be90ed24c04,"{""basis"":""x"",""d"":11,""noise_model"":""uniform_circuit_level"",""p"":0.003,""rounds"":11}",
      1024,         0,         0,   0.055,pymatching,b6e3714279fa4d6e0b5096a25a7c87ca9bb12204811c2c9990504be90ed24c04,"{""basis"":""x"",""d"":11,""noise_model"":""uniform_circuit_level"",""p"":0.003,""rounds"":11}",
      1024,         0,         0,   0.064,pymatching,b6e3714279fa4d6e0b5096a25a7c87ca9bb12204811c2c9990504be90ed24c04,"{""basis"":""x"",""d"":11,""noise_model"":""uniform_circuit_level"",""p"":0.003,""rounds"":11}",
      1024,         1,         0,   0.054,pymatching,b6e3714279fa4d6e0b5096a25a7c87ca9bb12204811c2c9990504be90ed24c04,"{""basis"":""x"",""d"":11,""noise_model"":""uniform_circuit_level"",""p"":0.003,""rounds"":11}",
      1024,         0,         0,   0.054,pymatching,b6e3714279fa4d6e0b5096a25a7c87ca9bb12204811c2c9990504be90ed24c04,"{""basis"":""x"",""d"":11,""noise_model"":""uniform_circuit_level"",""p"":0.003,""rounds"":11}",
      1024,         0,         0,   0.102,pymatching,b6e3714279fa4d6e0b5096a25a7c87ca9bb12204811c2c9990504be90ed24c04,"{""basis"":""x"",""d"":11,""noise_model"":""uniform_circuit_level"",""p"":0.003,""rounds"":11}",
      1024,         0,         0,   0.080,pymatching,b6e3714279fa4d6e0b5096a25a7c87ca9bb12204811c2c9990504be90ed24c04,"{""basis"":""x"",""d"":11,""noise_model"":""uniform_circuit_level"",""p"":0.003,""rounds"":11}",
      1024,         0,         0,   0.090,pymatching,b6e3714279fa4d6e0b5096a25a7c87ca9bb12204811c2c9990504be90ed24c04,"{""basis"":""x"",""d"":11,""noise_model"":""uniform_circuit_level"",""p"":0.003,""rounds"":11}",
      1024,         0,         0,   0.058,pymatching,b6e3714279fa4d6e0b5096a25a7c87ca9bb12204811c2c9990504be90ed24c04,"{""basis"":""x"",""d"":11,""noise_model"":""uniform_circuit_level"",""p"":0.003,""rounds"":11}",
      1024,         0,         0,   0.065,pymatching,b6e3714279fa4d6e0b5096a25a7c87ca9bb12204811c2c9990504be90ed24c04,"{""basis"":""x"",""d"":11,""noise_model"":""uniform_circuit_level"",""p"":0.003,""rounds"":11}",
      1024,         0,         0,   0.071,pymatching,b6e3714279fa4d6e0b5096a25a7c87ca9bb12204811c2c9990504be90ed24c04,"{""basis"":""x"",""d"":11,""noise_model"":""uniform_circuit_level"",""p"":0.003,""rounds"":11}",
      1024,         0,         0,   0.059,pymatching,b6e3714279fa4d6e0b5096a25a7c87ca9bb12204811c2c9990504be90ed24c04,"{""basis"":""x"",""d"":11,""noise_model"":""uniform_circuit_level"",""p"":0.003,""rounds"":11}",
      1024,         0,         0,   0.078,pymatching,b6e3714279fa4d6e0b5096a25a7c87ca9bb12204811c2c9990504be90ed24c04,"{""basis"":""x"",""d"":11,""noise_model"":""uniform_circuit_level"",""p"":0.003,""rounds"":11}",
      1024,         0,         0,   0.055,pymatching,b6e3714279fa4d6e0b5096a25a7c87ca9bb12204811c2c9990504be90ed24c04,"{""basis"":""x"",""d"":11,""noise_model"":""uniform_circuit_level"",""p"":0.003,""rounds"":11}",
      1024,         0,         0,   0.094,pymatching,b6e3714279fa4d6e0b5096a25a7c87ca9bb12204811c2c9990504be90ed24c04,"{""basis"":""x"",""d"":11,""noise_model"":""uniform_circuit_level"",""p"":0.003,""rounds"":11}",
      1024,         0,         0,   0.062,pymatching,b6e3714279fa4d6e0b5096a25a7c87ca9bb12204811c2c9990504be90ed24c04,"{""basis"":""x"",""d"":11,""noise_model"":""uniform_circuit_level"",""p"":0.003,""rounds"":11}",
      2048,         1,         0,   0.110,pymatching,b6e3714279fa4d6e0b5096a25a7c87ca9bb12204811c2c9990504be90ed24c04,"{""basis"":""x"",""d"":11,""noise_model"":""uniform_circuit_level"",""p"":0.003,""rounds"":11}",
      2048,         0,         0,   0.108,pymatching,b6e3714279fa4d6e0b5096a25a7c87ca9bb12204811c2c9990504be90ed24c04,"{""basis"":""x"",""d"":11,""noise_model"":""uniform_circuit_level"",""p"":0.003,""rounds"":11}",
      9216,         1,         0,   0.576,pymatching,b6e3714279fa4d6e0b5096a25a7c87ca9bb12204811c2c9990504be90ed24c04,"{""basis"":""x"",""d"":11,""noise_model"":""uniform_circuit_level"",""p"":0.003,""rounds"":11}",
      6144,         2,         0,   0.432,pymatching,b6e3714279fa4d6e0b5096a25a7c87ca9bb12204811c2c9990504be90ed24c04,"{""basis"":""x"",""d"":11,""noise_model"":""uniform_circuit_level"",""p"":0.003,""rounds"":11}",
      1024,         1,         0,   0.056,pymatching,b6e3714279fa4d6e0b5096a25a7c87ca9bb12204811c2c9990504be90ed24c04,"{""basis"":""x"",""d"":11,""noise_model"":""uniform_circuit_level"",""p"":0.003,""rounds"":11}",
      1024,         1,         0,   0.080,pymatching,b6e3714279fa4d6e0b5096a25a7c87ca9bb12204811c2c9990504be90ed24c04,"{""basis"":""x"",""d"":11,""noise_model"":""uniform_circuit_level"",""p"":0.003,""rounds"":11}",
     10240,         2,         0,   0.609,pymatching,b6e3714279fa4d6e0b5096a25a7c87ca9bb12204811c2c9990504be90ed24c04,"{""basis"":""x"",""d"":11,""noise_model"":""uniform_circuit_level"",""p"":0.003,""rounds"":11}",
      9216,         3,         0,   0.566,pymatching,b6e3714279fa4d6e0b5096a25a7c87ca9bb12204811c2c9990504be90ed24c04,"{""basis"":""x"",""d"":11,""noise_model"":""uniform_circuit_level"",""p"":0.003,""rounds"":11}",
      2048,         0,         0,   0.108,pymatching,b6e3714279fa4d6e0b5096a25a7c87ca9bb12204811c2c9990504be90ed24c04,"{""basis"":""x"",""d"":11,""noise_model"":""uniform_circuit_level"",""p"":0.003,""rounds"":11}",
      1024,         0,         0,   0.095,pymatching,b6e3714279fa4d6e0b5096a25a7c87ca9bb12204811c2c9990504be90ed24c04,"{""basis"":""x"",""d"":11,""noise_model"":""uniform_circuit_level"",""p"":0.003,""rounds"":11}",
      2048,         0,         0,   0.115,pymatching,b6e3714279fa4d6e0b5096a25a7c87ca9bb12204811c2c9990504be90ed24c04,"{""basis"":""x"",""d"":11,""noise_model"":""uniform_circuit_level"",""p"":0.003,""rounds"":11}",
     10240,         2,         0,   0.606,pymatching,b6e3714279fa4d6e0b5096a25a7c87ca9bb12204811c2c9990504be90ed24c04,"{""basis"":""x"",""d"":11,""noise_model"":""uniform_circuit_level"",""p"":0.003,""rounds"":11}",
      1024,         0,         0,   0.108,pymatching,b6e3714279fa4d6e0b5096a25a7c87ca9bb12204811c2c9990504be90ed24c04,"{""basis"":""x"",""d"":11,""noise_model"":""uniform_circuit_level"",""p"":0.003,""rounds"":11}",
      2048,         0,         0,   0.112,pymatching,b6e3714279fa4d6e0b5096a25a7c87ca9bb12204811c2c9990504be90ed24c04,"{""basis"":""x"",""d"":11,""noise_model"":""uniform_circuit_level"",""p"":0.003,""rounds"":11}",
      1024,         0,         0,   0.089,pymatching,b6e3714279fa4d6e0b5096a25a7c87ca9bb12204811c2c9990504be90ed24c04,"{""basis"":""x"",""d"":11,""noise_model"":""uniform_circuit_level"",""p"":0.003,""rounds"":11}",
      2048,         1,         0,   0.113,pymatching,b6e3714279fa4d6e0b5096a25a7c87ca9bb12204811c2c9990504be90ed24c04,"{""basis"":""x"",""d"":11,""noise_model"":""uniform_circuit_level"",""p"":0.003,""rounds"":11}",
      2048,         0,         0,   0.123,pymatching,b6e3714279fa4d6e0b5096a25a7c87ca9bb12204811c2c9990504be90ed24c04,"{""basis"":""x"",""d"":11,""noise_model"":""uniform_circuit_level"",""p"":0.003,""rounds"":11}",
      1024,         0,         0,   0.099,pymatching,b6e3714279fa4d6e0b5096a25a7c87ca9bb12204811c2c9990504be90ed24c04,"{""basis"":""x"",""d"":11,""noise_model"":""uniform_circuit_level"",""p"":0.003,""rounds"":11}",
      2048,         1,         0,   0.117,pymatching,b6e3714279fa4d6e0b5096a25a7c87ca9bb12204811c2c9990504be90ed24c04,"{""basis"":""x"",""d"":11,""noise_model"":""uniform_circuit_level"",""p"":0.003,""rounds"":11}",
      2048,         1,         0,   0.138,pymatching,b6e3714279fa4d6e0b5096a25a7c87ca9bb12204811c2c9990504be90ed24c04,"{""basis"":""x"",""d"":11,""noise_model"":""uniform_circuit_level"",""p"":0.003,""rounds"":11}",
      1024,         0,         0,   0.064,pymatching,b6e3714279fa4d6e0b5096a25a7c87ca9bb12204811c2c9990504be90ed24c04,"{""basis"":""x"",""d"":11,""noise_model"":""uniform_circuit_level"",""p"":0.003,""rounds"":11}",
      2048,         0,         0,   0.119,pymatching,b6e3714279fa4d6e0b5096a25a7c87ca9bb12204811c2c9990504be90ed24c04,"{""basis"":""x"",""d"":11,""noise_model"":""uniform_circuit_level"",""p"":0.003,""rounds"":11}",
      2048,         1,         0,   0.110,pymatching,b6e3714279fa4d6e0b5096a25a7c87ca9bb12204811c2c9990504be90ed24c04,"{""basis"":""x"",""d"":11,""noise_model"":""uniform_circuit_level"",""p"":0.003,""rounds"":11}",
      2048,         2,         0,   0.111,pymatching,b6e3714279fa4d6e0b5096a25a7c87ca9bb12204811c2c9990504be90ed24c04,"{""basis"":""x"",""d"":11,""noise_model"":""uniform_circuit_level"",""p"":0.003,""rounds"":11}",
      1024,         0,         0,   0.094,pymatching,b6e3714279fa4d6e0b5096a25a7c87ca9bb12204811c2c9990504be90ed24c04,"{""basis"":""x"",""d"":11,""noise_model"":""uniform_circuit_level"",""p"":0.003,""rounds"":11}",
      2048,         0,         0,   0.119,pymatching,b6e3714279fa4d6e0b5096a25a7c87ca9bb12204811c2c9990504be90ed24c04,"{""basis"":""x"",""d"":11,""noise_model"":""uniform_circuit_level"",""p"":0.003,""rounds"":11}",
      1024,         0,         0,   0.099,pymatching,b6e3714279fa4d6e0b5096a25a7c87ca9bb12204811c2c9990504be90ed24c04,"{""basis"":""x"",""d"":11,""noise_model"":""uniform_circuit_level"",""p"":0.003,""rounds"":11}",
      1024,         0,         0,   0.071,pymatching,b6e3714279fa4d6e0b5096a25a7c87ca9bb12204811c2c9990504be90ed24c04,"{""basis"":""x"",""d"":11,""noise_model"":""uniform_circuit_level"",""p"":0.003,""rounds"":11}",
      2048,         1,         0,   0.121,pymatching,b6e3714279fa4d6e0b5096a25a7c87ca9bb12204811c2c9990504be90ed24c04,"{""basis"":""x"",""d"":11,""noise_model"":""uniform_circuit_level"",""p"":0.003,""rounds"":11}",
      2048,         0,         0,   0.113,pymatching,b6e3714279fa4d6e0b5096a25a7c87ca9bb12204811c2c9990504be90ed24c04,"{""basis"":""x"",""d"":11,""noise_model"":""uniform_circuit_level"",""p"":0.003,""rounds"":11}",
      1024,         0,         0,   0.105,pymatching,b6e3714279fa4d6e0b5096a25a7c87ca9bb12204811c2c9990504be90ed24c04,"{""basis"":""x"",""d"":11,""noise_model"":""uniform_circuit_level"",""p"":0.003,""rounds"":11}",
      2048,         1,         0,   0.130,pymatching,b6e3714279fa4d6e0b5096a25a7c87ca9bb12204811c2c9990504be90ed24c04,"{""basis"":""x"",""d"":11,""noise_model"":""uniform_circuit_level"",""p"":0.003,""rounds"":11}",
      2048,         0,         0,   0.121,pymatching,b6e3714279fa4d6e0b5096a25a7c87ca9bb12204811c2c9990504be90ed24c04,"{""basis"":""x"",""d"":11,""noise_model"":""uniform_circuit_level"",""p"":0.003,""rounds"":11}",
      1024,         1,         0,   0.095,pymatching,b6e3714279fa4d6e0b5096a25a7c87ca9bb12204811c2c9990504be90ed24c04,"{""basis"":""x"",""d"":11,""noise_model"":""uniform_circuit_level"",""p"":0.003,""rounds"":11}",
      1024,         0,         0,   0.080,pymatching,b6e3714279fa4d6e0b5096a25a7c87ca9bb12204811c2c9990504be90ed24c04,"{""basis"":""x"",""d"":11,""noise_model"":""uniform_circuit_level"",""p"":0.003,""rounds"":11}",
      2048,         0,         0,   0.112,pymatching,b6e3714279fa4d6e0b5096a25a7c87ca9bb12204811c2c9990504be90ed24c04,"{""basis"":""x"",""d"":11,""noise_model"":""uniform_circuit_level"",""p"":0.003,""rounds"":11}",
      2048,         0,         0,   0.134,pymatching,b6e3714279fa4d6e0b5096a25a7c87ca9bb12204811c2c9990504be90ed24c04,"{""basis"":""x"",""d"":11,""noise_model"":""uniform_circuit_level"",""p"":0.003,""rounds"":11}",
      1024,         1,         0,   0.073,pymatching,b6e3714279fa4d6e0b5096a25a7c87ca9bb12204811c2c9990504be90ed24c04,"{""basis"":""x"",""d"":11,""noise_model"":""uniform_circuit_level"",""p"":0.003,""rounds"":11}",
      1024,         0,         0,   0.081,pymatching,b6e3714279fa4d6e0b5096a25a7c87ca9bb12204811c2c9990504be90ed24c04,"{""basis"":""x"",""d"":11,""noise_model"":""uniform_circuit_level"",""p"":0.003,""rounds"":11}",
      2048,         0,         0,   0.125,pymatching,b6e3714279fa4d6e0b5096a25a7c87ca9bb12204811c2c9990504be90ed24c04,"{""basis"":""x"",""d"":11,""noise_model"":""uniform_circuit_level"",""p"":0.003,""rounds"":11}",
      2048,         0,         0,   0.123,pymatching,b6e3714279fa4d6e0b5096a25a7c87ca9bb12204811c2c9990504be90ed24c04,"{""basis"":""x"",""d"":11,""noise_model"":""uniform_circuit_level"",""p"":0.003,""rounds"":11}",
      7168,         2,         0,   0.600,pymatching,b6e3714279fa4d6e0b5096a25a7c87ca9bb12204811c2c9990504be90ed24c04,"{""basis"":""x"",""d"":11,""noise_model"":""uniform_circuit_level"",""p"":0.003,""rounds"":11}",
      2048,         1,         0,   0.110,pymatching,b6e3714279fa4d6e0b5096a25a7c87ca9bb12204811c2c9990504be90ed24c04,"{""basis"":""x"",""d"":11,""noise_model"":""uniform_circuit_level"",""p"":0.003,""rounds"":11}",
      1024,         1,         0,   0.092,pymatching,b6e3714279fa4d6e0b5096a25a7c87ca9bb12204811c2c9990504be90ed24c04,"{""basis"":""x"",""d"":11,""noise_model"":""uniform_circuit_level"",""p"":0.003,""rounds"":11}",
     10240,         5,         0,   0.590,pymatching,b6e3714279fa4d6e0b5096a25a7c87ca9bb12204811c2c9990504be90ed24c04,"{""basis"":""x"",""d"":11,""noise_model"":""uniform_circuit_level"",""p"":0.003,""rounds"":11}",
      3072,         2,         0,   0.163,pymatching,b6e3714279fa4d6e0b5096a25a7c87ca9bb12204811c2c9990504be90ed24c04,"{""basis"":""x"",""d"":11,""noise_model"":""uniform_circuit_level"",""p"":0.003,""rounds"":11}",
      3072,         1,         0,   0.170,pymatching,b6e3714279fa4d6e0b5096a25a7c87ca9bb12204811c2c9990504be90ed24c04,"{""basis"":""x"",""d"":11,""noise_model"":""uniform_circuit_level"",""p"":0.003,""rounds"":11}",
      1024,         0,         0,   0.088,pymatching,b6e3714279fa4d6e0b5096a25a7c87ca9bb12204811c2c9990504be90ed24c04,"{""basis"":""x"",""d"":11,""noise_model"":""uniform_circuit_level"",""p"":0.003,""rounds"":11}",
      1024,         0,         0,   0.085,pymatching,b6e3714279fa4d6e0b5096a25a7c87ca9bb12204811c2c9990504be90ed24c04,"{""basis"":""x"",""d"":11,""noise_model"":""uniform_circuit_level"",""p"":0.003,""rounds"":11}",
      1024,         1,         0,   0.094,pymatching,b6e3714279fa4d6e0b5096a25a7c87ca9bb12204811c2c9990504be90ed24c04,"{""basis"":""x"",""d"":11,""noise_model"":""uniform_circuit_level"",""p"":0.003,""rounds"":11}",
      2048,         0,         0,   0.118,pymatching,b6e3714279fa4d6e0b5096a25a7c87ca9bb12204811c2c9990504be90ed24c04,"{""basis"":""x"",""d"":11,""noise_model"":""uniform_circuit_level"",""p"":0.003,""rounds"":11}",
      3072,         1,         0,   0.172,pymatching,b6e3714279fa4d6e0b5096a25a7c87ca9bb12204811c2c9990504be90ed24c04,"{""basis"":""x"",""d"":11,""noise_model"":""uniform_circuit_level"",""p"":0.003,""rounds"":11}",
      3072,         0,         0,   0.169,pymatching,b6e3714279fa4d6e0b5096a25a7c87ca9bb12204811c2c9990504be90ed24c04,"{""basis"":""x"",""d"":11,""noise_model"":""uniform_circuit_level"",""p"":0.003,""rounds"":11}",
      3072,         1,         0,   0.180,pymatching,b6e3714279fa4d6e0b5096a25a7c87ca9bb12204811c2c9990504be90ed24c04,"{""basis"":""x"",""d"":11,""noise_model"":""uniform_circuit_level"",""p"":0.003,""rounds"":11}",
      3072,         1,         0,   0.169,pymatching,b6e3714279fa4d6e0b5096a25a7c87ca9bb12204811c2c9990504be90ed24c04,"{""basis"":""x"",""d"":11,""noise_model"":""uniform_circuit_level"",""p"":0.003,""rounds"":11}",
      2048,         0,         0,   0.171,pymatching,b6e3714279fa4d6e0b5096a25a7c87ca9bb12204811c2c9990504be90ed24c04,"{""basis"":""x"",""d"":11,""noise_model"":""uniform_circuit_level"",""p"":0.003,""rounds"":11}",
     20542,         7,         0,    1.08,pymatching,b6e3714279fa4d6e0b5096a25a7c87ca9bb12204811c2c9990504be90ed24c04,"{""basis"":""x"",""d"":11,""noise_model"":""uniform_circuit_level"",""p"":0.003,""rounds"":11}",
      3072,         2,         0,   0.185,pymatching,b6e3714279fa4d6e0b5096a25a7c87ca9bb12204811c2c9990504be90ed24c04,"{""basis"":""x"",""d"":11,""noise_model"":""uniform_circuit_level"",""p"":0.003,""rounds"":11}",
      2048,         0,         0,   0.144,pymatching,b6e3714279fa4d6e0b5096a25a7c87ca9bb12204811c2c9990504be90ed24c04,"{""basis"":""x"",""d"":11,""noise_model"":""uniform_circuit_level"",""p"":0.003,""rounds"":11}",
      3072,         0,         0,   0.173,pymatching,b6e3714279fa4d6e0b5096a25a7c87ca9bb12204811c2c9990504be90ed24c04,"{""basis"":""x"",""d"":11,""noise_model"":""uniform_circuit_level"",""p"":0.003,""rounds"":11}",
      3072,         0,         0,   0.170,pymatching,b6e3714279fa4d6e0b5096a25a7c87ca9bb12204811c2c9990504be90ed24c04,"{""basis"":""x"",""d"":11,""noise_model"":""uniform_circuit_level"",""p"":0.003,""rounds"":11}",
      3072,         2,         0,   0.183,pymatching,b6e3714279fa4d6e0b5096a25a7c87ca9bb12204811c2c9990504be90ed24c04,"{""basis"":""x"",""d"":11,""noise_model"":""uniform_circuit_level"",""p"":0.003,""rounds"":11}",
     20480,         6,         0,    1.20,pymatching,b6e3714279fa4d6e0b5096a25a7c87ca9bb12204811c2c9990504be90ed24c04,"{""basis"":""x"",""d"":11,""noise_model"":""uniform_circuit_level"",""p"":0.003,""rounds"":11}",
      2048,         0,         0,   0.157,pymatching,b6e3714279fa4d6e0b5096a25a7c87ca9bb12204811c2c9990504be90ed24c04,"{""basis"":""x"",""d"":11,""noise_model"":""uniform_circuit_level"",""p"":0.003,""rounds"":11}",
      4096,         1,         0,   0.217,pymatching,b6e3714279fa4d6e0b5096a25a7c87ca9bb12204811c2c9990504be90ed24c04,"{""basis"":""x"",""d"":11,""noise_model"":""uniform_circuit_level"",""p"":0.003,""rounds"":11}",
      2048,         1,         0,   0.175,pymatching,b6e3714279fa4d6e0b5096a25a7c87ca9bb12204811c2c9990504be90ed24c04,"{""basis"":""x"",""d"":11,""noise_model"":""uniform_circuit_level"",""p"":0.003,""rounds"":11}",
      4096,         1,         0,   0.216,pymatching,b6e3714279fa4d6e0b5096a25a7c87ca9bb12204811c2c9990504be90ed24c04,"{""basis"":""x"",""d"":11,""noise_model"":""uniform_circuit_level"",""p"":0.003,""rounds"":11}",
      3072,         1,         0,   0.187,pymatching,b6e3714279fa4d6e0b5096a25a7c87ca9bb12204811c2c9990504be90ed24c04,"{""basis"":""x"",""d"":11,""noise_model"":""uniform_circuit_level"",""p"":0.003,""rounds"":11}",
      1024,         0,         0,   0.112,pymatching,b6e3714279fa4d6e0b5096a25a7c87ca9bb12204811c2c9990504be90ed24c04,"{""basis"":""x"",""d"":11,""noise_model"":""uniform_circuit_level"",""p"":0.003,""rounds"":11}",
     11264,         3,         0,   0.604,pymatching,b6e3714279fa4d6e0b5096a25a7c87ca9bb12204811c2c9990504be90ed24c04,"{""basis"":""x"",""d"":11,""noise_model"":""uniform_circuit_level"",""p"":0.003,""rounds"":11}",
      2048,         0,         0,   0.220,pymatching,b6e3714279fa4d6e0b5096a25a7c87ca9bb12204811c2c9990504be90ed24c04,"{""basis"":""x"",""d"":11,""noise_model"":""uniform_circuit_level"",""p"":0.003,""rounds"":11}",
      2048,         0,         0,   0.189,pymatching,b6e3714279fa4d6e0b5096a25a7c87ca9bb12204811c2c9990504be90ed24c04,"{""basis"":""x"",""d"":11,""noise_model"":""uniform_circuit_level"",""p"":0.003,""rounds"":11}",
      4096,         3,         0,   0.235,pymatching,b6e3714279fa4d6e0b5096a25a7c87ca9bb12204811c2c9990504be90ed24c04,"{""basis"":""x"",""d"":11,""noise_model"":""uniform_circuit_level"",""p"":0.003,""rounds"":11}",
     13136,         3,         0,    1.04,pymatching,b6e3714279fa4d6e0b5096a25a7c87ca9bb12204811c2c9990504be90ed24c04,"{""basis"":""x"",""d"":11,""noise_model"":""uniform_circuit_level"",""p"":0.003,""rounds"":11}",
     11264,         6,         0,    1.03,pymatching,b6e3714279fa4d6e0b5096a25a7c87ca9bb12204811c2c9990504be90ed24c04,"{""basis"":""x"",""d"":11,""noise_model"":""uniform_circuit_level"",""p"":0.003,""rounds"":11}",
      4096,         3,         0,   0.231,pymatching,b6e3714279fa4d6e0b5096a25a7c87ca9bb12204811c2c9990504be90ed24c04,"{""basis"":""x"",""d"":11,""noise_model"":""uniform_circuit_level"",""p"":0.003,""rounds"":11}",
      4096,         1,         0,   0.258,pymatching,b6e3714279fa4d6e0b5096a25a7c87ca9bb12204811c2c9990504be90ed24c04,"{""basis"":""x"",""d"":11,""noise_model"":""uniform_circuit_level"",""p"":0.003,""rounds"":11}",
     10240,         5,         0,   0.585,pymatching,b6e3714279fa4d6e0b5096a25a7c87ca9bb12204811c2c9990504be90ed24c04,"{""basis"":""x"",""d"":11,""noise_model"":""uniform_circuit_level"",""p"":0.003,""rounds"":11}",
      4096,         0,         0,   0.237,pymatching,b6e3714279fa4d6e0b5096a25a7c87ca9bb12204811c2c9990504be90ed24c04,"{""basis"":""x"",""d"":11,""noise_model"":""uniform_circuit_level"",""p"":0.003,""rounds"":11}",
       193,         0,         0,   0.010,pymatching,b6e3714279fa4d6e0b5096a25a7c87ca9bb12204811c2c9990504be90ed24c04,"{""basis"":""x"",""d"":11,""noise_model"":""uniform_circuit_level"",""p"":0.003,""rounds"":11}",
      1872,         0,         0,   0.099,pymatching,b6e3714279fa4d6e0b5096a25a7c87ca9bb12204811c2c9990504be90ed24c04,"{""basis"":""x"",""d"":11,""noise_model"":""uniform_circuit_level"",""p"":0.003,""rounds"":11}",
     10433,         4,         0,   0.621,pymatching,b6e3714279fa4d6e0b5096a25a7c87ca9bb12204811c2c9990504be90ed24c04,"{""basis"":""x"",""d"":11,""noise_model"":""uniform_circuit_level"",""p"":0.003,""rounds"":11}",
     10070,         8,         0,   0.606,pymatching,b6e3714279fa4d6e0b5096a25a7c87ca9bb12204811c2c9990504be90ed24c04,"{""basis"":""x"",""d"":11,""noise_model"":""uniform_circuit_level"",""p"":0.003,""rounds"":11}",
     12288,         1,         0,    1.08,pymatching,b6e3714279fa4d6e0b5096a25a7c87ca9bb12204811c2c9990504be90ed24c04,"{""basis"":""x"",""d"":11,""noise_model"":""uniform_circuit_level"",""p"":0.003,""rounds"":11}",
      2048,         3,         0,   0.200,pymatching,b6e3714279fa4d6e0b5096a25a7c87ca9bb12204811c2c9990504be90ed24c04,"{""basis"":""x"",""d"":11,""noise_model"":""uniform_circuit_level"",""p"":0.003,""rounds"":11}",
     10240,         5,         0,   0.600,pymatching,b6e3714279fa4d6e0b5096a25a7c87ca9bb12204811c2c9990504be90ed24c04,"{""basis"":""x"",""d"":11,""noise_model"":""uniform_circuit_level"",""p"":0.003,""rounds"":11}",
      4096,         1,         0,   0.236,pymatching,b6e3714279fa4d6e0b5096a25a7c87ca9bb12204811c2c9990504be90ed24c04,"{""basis"":""x"",""d"":11,""noise_model"":""uniform_circuit_level"",""p"":0.003,""rounds"":11}",
     10240,         3,         0,   0.620,pymatching,b6e3714279fa4d6e0b5096a25a7c87ca9bb12204811c2c9990504be90ed24c04,"{""basis"":""x"",""d"":11,""noise_model"":""uniform_circuit_level"",""p"":0.003,""rounds"":11}",
      4096,         2,         0,   0.262,pymatching,b6e3714279fa4d6e0b5096a25a7c87ca9bb12204811c2c9990504be90ed24c04,"{""basis"":""x"",""d"":11,""noise_model"":""uniform_circuit_level"",""p"":0.003,""rounds"":11}",
     10433,         3,         0,   0.914,pymatching,b6e3714279fa4d6e0b5096a25a7c87ca9bb12204811c2c9990504be90ed24c04,"{""basis"":""x"",""d"":11,""noise_model"":""uniform_circuit_level"",""p"":0.003,""rounds"":11}",
     12288,         2,         0,    1.11,pymatching,b6e3714279fa4d6e0b5096a25a7c87ca9bb12204811c2c9990504be90ed24c04,"{""basis"":""x"",""d"":11,""noise_model"":""uniform_circuit_level"",""p"":0.003,""rounds"":11}",
      4096,         0,         0,   0.264,pymatching,b6e3714279fa4d6e0b5096a25a7c87ca9bb12204811c2c9990504be90ed24c04,"{""basis"":""x"",""d"":11,""noise_model"":""uniform_circuit_level"",""p"":0.003,""rounds"":11}",
      4096,         0,         0,   0.263,pymatching,b6e3714279fa4d6e0b5096a25a7c87ca9bb12204811c2c9990504be90ed24c04,"{""basis"":""x"",""d"":11,""noise_model"":""uniform_circuit_level"",""p"":0.003,""rounds"":11}",
      2048,         0,         0,   0.194,pymatching,b6e3714279fa4d6e0b5096a25a7c87ca9bb12204811c2c9990504be90ed24c04,"{""basis"":""x"",""d"":11,""noise_model"":""uniform_circuit_level"",""p"":0.003,""rounds"":11}",
      2048,         0,         0,   0.192,pymatching,b6e3714279fa4d6e0b5096a25a7c87ca9bb12204811c2c9990504be90ed24c04,"{""basis"":""x"",""d"":11,""noise_model"":""uniform_circuit_level"",""p"":0.003,""rounds"":11}",
      2048,         0,         0,   0.185,pymatching,b6e3714279fa4d6e0b5096a25a7c87ca9bb12204811c2c9990504be90ed24c04,"{""basis"":""x"",""d"":11,""noise_model"":""uniform_circuit_level"",""p"":0.003,""rounds"":11}",
      8192,         2,         0,   0.452,pymatching,b6e3714279fa4d6e0b5096a25a7c87ca9bb12204811c2c9990504be90ed24c04,"{""basis"":""x"",""d"":11,""noise_model"":""uniform_circuit_level"",""p"":0.003,""rounds"":11}",
      4096,         1,         0,   0.222,pymatching,b6e3714279fa4d6e0b5096a25a7c87ca9bb12204811c2c9990504be90ed24c04,"{""basis"":""x"",""d"":11,""noise_model"":""uniform_circuit_level"",""p"":0.003,""rounds"":11}",
      6144,         0,         0,   0.329,pymatching,b6e3714279fa4d6e0b5096a25a7c87ca9bb12204811c2c9990504be90ed24c04,"{""basis"":""x"",""d"":11,""noise_model"":""uniform_circuit_level"",""p"":0.003,""rounds"":11}",
      3072,         1,         0,   0.288,pymatching,b6e3714279fa4d6e0b5096a25a7c87ca9bb12204811c2c9990504be90ed24c04,"{""basis"":""x"",""d"":11,""noise_model"":""uniform_circuit_level"",""p"":0.003,""rounds"":11}",
      6144,         1,         0,   0.353,pymatching,b6e3714279fa4d6e0b5096a25a7c87ca9bb12204811c2c9990504be90ed24c04,"{""basis"":""x"",""d"":11,""noise_model"":""uniform_circuit_level"",""p"":0.003,""rounds"":11}",
      5120,         3,         0,   0.291,pymatching,b6e3714279fa4d6e0b5096a25a7c87ca9bb12204811c2c9990504be90ed24c04,"{""basis"":""x"",""d"":11,""noise_model"":""uniform_circuit_level"",""p"":0.003,""rounds"":11}",
       613,         0,         0,   0.035,pymatching,b6e3714279fa4d6e0b5096a25a7c87ca9bb12204811c2c9990504be90ed24c04,"{""basis"":""x"",""d"":11,""noise_model"":""uniform_circuit_level"",""p"":0.003,""rounds"":11}",
       140,         0,         0,   0.009,pymatching,b6e3714279fa4d6e0b5096a25a7c87ca9bb12204811c2c9990504be90ed24c04,"{""basis"":""x"",""d"":11,""noise_model"":""uniform_circuit_level"",""p"":0.003,""rounds"":11}",
      3358,         1,         0,   0.199,pymatching,b6e3714279fa4d6e0b5096a25a7c87ca9bb12204811c2c9990504be90ed24c04,"{""basis"":""x"",""d"":11,""noise_model"":""uniform_circuit_level"",""p"":0.003,""rounds"":11}",
      5043,         0,         0,   0.279,pymatching,b6e3714279fa4d6e0b5096a25a7c87ca9bb12204811c2c9990504be90ed24c04,"{""basis"":""x"",""d"":11,""noise_model"":""uniform_circuit_level"",""p"":0.003,""rounds"":11}",
      3007,         2,         0,   0.190,pymatching,b6e3714279fa4d6e0b5096a25a7c87ca9bb12204811c2c9990504be90ed24c04,"{""basis"":""x"",""d"":11,""noise_model"":""uniform_circuit_level"",""p"":0.003,""rounds"":11}",
      4096,         0,         0,   0.240,pymatching,b6e3714279fa4d6e0b5096a25a7c87ca9bb12204811c2c9990504be90ed24c04,"{""basis"":""x"",""d"":11,""noise_model"":""uniform_circuit_level"",""p"":0.003,""rounds"":11}",
      3179,         0,         0,   0.220,pymatching,b6e3714279fa4d6e0b5096a25a7c87ca9bb12204811c2c9990504be90ed24c04,"{""basis"":""x"",""d"":11,""noise_model"":""uniform_circuit_level"",""p"":0.003,""rounds"":11}",
      5120,         1,         0,   0.301,pymatching,b6e3714279fa4d6e0b5096a25a7c87ca9bb12204811c2c9990504be90ed24c04,"{""basis"":""x"",""d"":11,""noise_model"":""uniform_circuit_level"",""p"":0.003,""rounds"":11}",
      5120,         0,         0,   0.278,pymatching,b6e3714279fa4d6e0b5096a25a7c87ca9bb12204811c2c9990504be90ed24c04,"{""basis"":""x"",""d"":11,""noise_model"":""uniform_circuit_level"",""p"":0.003,""rounds"":11}",
      4844,         1,         0,   0.257,pymatching,b6e3714279fa4d6e0b5096a25a7c87ca9bb12204811c2c9990504be90ed24c04,"{""basis"":""x"",""d"":11,""noise_model"":""uniform_circuit_level"",""p"":0.003,""rounds"":11}",
        87,         0,         0,   0.005,pymatching,b6e3714279fa4d6e0b5096a25a7c87ca9bb12204811c2c9990504be90ed24c04,"{""basis"":""x"",""d"":11,""noise_model"":""uniform_circuit_level"",""p"":0.003,""rounds"":11}",
      5120,         2,         0,   0.453,pymatching,b6e3714279fa4d6e0b5096a25a7c87ca9bb12204811c2c9990504be90ed24c04,"{""basis"":""x"",""d"":11,""noise_model"":""uniform_circuit_level"",""p"":0.003,""rounds"":11}",
      7168,         2,         0,   0.517,pymatching,b6e3714279fa4d6e0b5096a25a7c87ca9bb12204811c2c9990504be90ed24c04,"{""basis"":""x"",""d"":11,""noise_model"":""uniform_circuit_level"",""p"":0.003,""rounds"":11}",
      1072,         0,         0,   0.059,pymatching,b6e3714279fa4d6e0b5096a25a7c87ca9bb12204811c2c9990504be90ed24c04,"{""basis"":""x"",""d"":11,""noise_model"":""uniform_circuit_level"",""p"":0.003,""rounds"":11}",
        38,         0,         0,   0.003,pymatching,b6e3714279fa4d6e0b5096a25a7c87ca9bb12204811c2c9990504be90ed24c04,"{""basis"":""x"",""d"":11,""noise_model"":""uniform_circuit_level"",""p"":0.003,""rounds"":11}",
      6144,         0,         0,   0.332,pymatching,b6e3714279fa4d6e0b5096a25a7c87ca9bb12204811c2c9990504be90ed24c04,"{""basis"":""x"",""d"":11,""noise_model"":""uniform_circuit_level"",""p"":0.003,""rounds"":11}",
      4348,         2,         0,   0.259,pymatching,b6e3714279fa4d6e0b5096a25a7c87ca9bb12204811c2c9990504be90ed24c04,"{""basis"":""x"",""d"":11,""noise_model"":""uniform_circuit_level"",""p"":0.003,""rounds"":11}",
      2996,         0,         0,   0.254,pymatching,b6e3714279fa4d6e0b5096a25a7c87ca9bb12204811c2c9990504be90ed24c04,"{""basis"":""x"",""d"":11,""noise_model"":""uniform_circuit_level"",""p"":0.003,""rounds"":11}",
      3197,         0,         0,   0.245,pymatching,b6e3714279fa4d6e0b5096a25a7c87ca9bb12204811c2c9990504be90ed24c04,"{""basis"":""x"",""d"":11,""noise_model"":""uniform_circuit_level"",""p"":0.003,""rounds"":11}",
         2,         0,         0,   0.000,pymatching,b6e3714279fa4d6e0b5096a25a7c87ca9bb12204811c2c9990504be90ed24c04,"{""basis"":""x"",""d"":11,""noise_model"":""uniform_circuit_level"",""p"":0.003,""rounds"":11}",
      8192,         1,         0,   0.696,pymatching,b6e3714279fa4d6e0b5096a25a7c87ca9bb12204811c2c9990504be90ed24c04,"{""basis"":""x"",""d"":11,""noise_model"":""uniform_circuit_level"",""p"":0.003,""rounds"":11}",
      4844,         2,         0,   0.278,pymatching,b6e3714279fa4d6e0b5096a25a7c87ca9bb12204811c2c9990504be90ed24c04,"{""basis"":""x"",""d"":11,""noise_model"":""uniform_circuit_level"",""p"":0.003,""rounds"":11}",
       288,         0,         0,   0.017,pymatching,b6e3714279fa4d6e0b5096a25a7c87ca9bb12204811c2c9990504be90ed24c04,"{""basis"":""x"",""d"":11,""noise_model"":""uniform_circuit_level"",""p"":0.003,""rounds"":11}",
         2,         0,         0,   0.000,pymatching,b6e3714279fa4d6e0b5096a25a7c87ca9bb12204811c2c9990504be90ed24c04,"{""basis"":""x"",""d"":11,""noise_model"":""uniform_circuit_level"",""p"":0.003,""rounds"":11}",
       125,         0,         0,   0.008,pymatching,b6e3714279fa4d6e0b5096a25a7c87ca9bb12204811c2c9990504be90ed24c04,"{""basis"":""x"",""d"":11,""noise_model"":""uniform_circuit_level"",""p"":0.003,""rounds"":11}",
      4096,         1,         0,   0.346,pymatching,b6e3714279fa4d6e0b5096a25a7c87ca9bb12204811c2c9990504be90ed24c04,"{""basis"":""x"",""d"":11,""noise_model"":""uniform_circuit_level"",""p"":0.003,""rounds"":11}",
      1024,         0,         0,   0.057,pymatching,b6e3714279fa4d6e0b5096a25a7c87ca9bb12204811c2c9990504be90ed24c04,"{""basis"":""x"",""d"":11,""noise_model"":""uniform_circuit_level"",""p"":0.003,""rounds"":11}",
      3072,         1,         0,   0.254,pymatching,b6e3714279fa4d6e0b5096a25a7c87ca9bb12204811c2c9990504be90ed24c04,"{""basis"":""x"",""d"":11,""noise_model"":""uniform_circuit_level"",""p"":0.003,""rounds"":11}",
       193,         0,         0,   0.013,pymatching,b6e3714279fa4d6e0b5096a25a7c87ca9bb12204811c2c9990504be90ed24c04,"{""basis"":""x"",""d"":11,""noise_model"":""uniform_circuit_level"",""p"":0.003,""rounds"":11}",
      5120,         0,         0,   0.334,pymatching,b6e3714279fa4d6e0b5096a25a7c87ca9bb12204811c2c9990504be90ed24c04,"{""basis"":""x"",""d"":11,""noise_model"":""uniform_circuit_level"",""p"":0.003,""rounds"":11}",
      3072,         0,         0,   0.236,pymatching,b6e3714279fa4d6e0b5096a25a7c87ca9bb12204811c2c9990504be90ed24c04,"{""basis"":""x"",""d"":11,""noise_model"":""uniform_circuit_level"",""p"":0.003,""rounds"":11}",
      3072,         0,         0,   0.239,pymatching,b6e3714279fa4d6e0b5096a25a7c87ca9bb12204811c2c9990504be90ed24c04,"{""basis"":""x"",""d"":11,""noise_model"":""uniform_circuit_level"",""p"":0.003,""rounds"":11}",
       232,         0,         0,   0.015,pymatching,b6e3714279fa4d6e0b5096a25a7c87ca9bb12204811c2c9990504be90ed24c04,"{""basis"":""x"",""d"":11,""noise_model"":""uniform_circuit_level"",""p"":0.003,""rounds"":11}",
       107,         0,         0,   0.007,pymatching,b6e3714279fa4d6e0b5096a25a7c87ca9bb12204811c2c9990504be90ed24c04,"{""basis"":""x"",""d"":11,""noise_model"":""uniform_circuit_level"",""p"":0.003,""rounds"":11}",
      1024,         0,         0,   0.055,pymatching,b6e3714279fa4d6e0b5096a25a7c87ca9bb12204811c2c9990504be90ed24c04,"{""basis"":""x"",""d"":11,""noise_model"":""uniform_circuit_level"",""p"":0.003,""rounds"":11}",
      3835,         0,         0,   0.279,pymatching,b6e3714279fa4d6e0b5096a25a7c87ca9bb12204811c2c9990504be90ed24c04,"{""basis"":""x"",""d"":11,""noise_model"":""uniform_circuit_level"",""p"":0.003,""rounds"":11}",
      4955,         0,         0,   0.345,pymatching,b6e3714279fa4d6e0b5096a25a7c87ca9bb12204811c2c9990504be90ed24c04,"{""basis"":""x"",""d"":11,""noise_model"":""uniform_circuit_level"",""p"":0.003,""rounds"":11}",
      4018,         0,         0,   0.225,pymatching,b6e3714279fa4d6e0b5096a25a7c87ca9bb12204811c2c9990504be90ed24c04,"{""basis"":""x"",""d"":11,""noise_model"":""uniform_circuit_level"",""p"":0.003,""rounds"":11}",
      4842,         1,         0,   0.291,pymatching,b6e3714279fa4d6e0b5096a25a7c87ca9bb12204811c2c9990504be90ed24c04,"{""basis"":""x"",""d"":11,""noise_model"":""uniform_circuit_level"",""p"":0.003,""rounds"":11}",
        17,         0,         0,   0.002,pymatching,b6e3714279fa4d6e0b5096a25a7c87ca9bb12204811c2c9990504be90ed24c04,"{""basis"":""x"",""d"":11,""noise_model"":""uniform_circuit_level"",""p"":0.003,""rounds"":11}",
      4842,         1,         0,   0.289,pymatching,b6e3714279fa4d6e0b5096a25a7c87ca9bb12204811c2c9990504be90ed24c04,"{""basis"":""x"",""d"":11,""noise_model"":""uniform_circuit_level"",""p"":0.003,""rounds"":11}",
        99,         0,         0,   0.007,pymatching,b6e3714279fa4d6e0b5096a25a7c87ca9bb12204811c2c9990504be90ed24c04,"{""basis"":""x"",""d"":11,""noise_model"":""uniform_circuit_level"",""p"":0.003,""rounds"":11}",
      1075,         0,         0,   0.059,pymatching,b6e3714279fa4d6e0b5096a25a7c87ca9bb12204811c2c9990504be90ed24c04,"{""basis"":""x"",""d"":11,""noise_model"":""uniform_circuit_level"",""p"":0.003,""rounds"":11}",
       193,         0,         0,   0.011,pymatching,b6e3714279fa4d6e0b5096a25a7c87ca9bb12204811c2c9990504be90ed24c04,"{""basis"":""x"",""d"":11,""noise_model"":""uniform_circuit_level"",""p"":0.003,""rounds"":11}",
       119,         0,         0,   0.006,pymatching,b6e3714279fa4d6e0b5096a25a7c87ca9bb12204811c2c9990504be90ed24c04,"{""basis"":""x"",""d"":11,""noise_model"":""uniform_circuit_level"",""p"":0.003,""rounds"":11}",
       748,         0,         0,   0.042,pymatching,b6e3714279fa4d6e0b5096a25a7c87ca9bb12204811c2c9990504be90ed24c04,"{""basis"":""x"",""d"":11,""noise_model"":""uniform_circuit_level"",""p"":0.003,""rounds"":11}",
       859,         0,         0,   0.050,pymatching,b6e3714279fa4d6e0b5096a25a7c87ca9bb12204811c2c9990504be90ed24c04,"{""basis"":""x"",""d"":11,""noise_model"":""uniform_circuit_level"",""p"":0.003,""rounds"":11}",
      3072,         2,         0,   0.208,pymatching,b6e3714279fa4d6e0b5096a25a7c87ca9bb12204811c2c9990504be90ed24c04,"{""basis"":""x"",""d"":11,""noise_model"":""uniform_circuit_level"",""p"":0.003,""rounds"":11}",
       673,         0,         0,   0.039,pymatching,b6e3714279fa4d6e0b5096a25a7c87ca9bb12204811c2c9990504be90ed24c04,"{""basis"":""x"",""d"":11,""noise_model"":""uniform_circuit_level"",""p"":0.003,""rounds"":11}",
       126,         0,         0,   0.008,pymatching,b6e3714279fa4d6e0b5096a25a7c87ca9bb12204811c2c9990504be90ed24c04,"{""basis"":""x"",""d"":11,""noise_model"":""uniform_circuit_level"",""p"":0.003,""rounds"":11}",
       119,         0,         0,   0.007,pymatching,b6e3714279fa4d6e0b5096a25a7c87ca9bb12204811c2c9990504be90ed24c04,"{""basis"":""x"",""d"":11,""noise_model"":""uniform_circuit_level"",""p"":0.003,""rounds"":11}",
      1493,         0,         0,   0.082,pymatching,b6e3714279fa4d6e0b5096a25a7c87ca9bb12204811c2c9990504be90ed24c04,"{""basis"":""x"",""d"":11,""noise_model"":""uniform_circuit_level"",""p"":0.003,""rounds"":11}",
       259,         0,         0,   0.015,pymatching,b6e3714279fa4d6e0b5096a25a7c87ca9bb12204811c2c9990504be90ed24c04,"{""basis"":""x"",""d"":11,""noise_model"":""uniform_circuit_level"",""p"":0.003,""rounds"":11}",
        17,         0,         0,   0.004,pymatching,b6e3714279fa4d6e0b5096a25a7c87ca9bb12204811c2c9990504be90ed24c04,"{""basis"":""x"",""d"":11,""noise_model"":""uniform_circuit_level"",""p"":0.003,""rounds"":11}",
        22,         0,         0,   0.002,pymatching,b6e3714279fa4d6e0b5096a25a7c87ca9bb12204811c2c9990504be90ed24c04,"{""basis"":""x"",""d"":11,""noise_model"":""uniform_circuit_level"",""p"":0.003,""rounds"":11}",
        62,         0,         0,   0.004,pymatching,b6e3714279fa4d6e0b5096a25a7c87ca9bb12204811c2c9990504be90ed24c04,"{""basis"":""x"",""d"":11,""noise_model"":""uniform_circuit_level"",""p"":0.003,""rounds"":11}",
        62,         0,         0,   0.004,pymatching,b6e3714279fa4d6e0b5096a25a7c87ca9bb12204811c2c9990504be90ed24c04,"{""basis"":""x"",""d"":11,""noise_model"":""uniform_circuit_level"",""p"":0.003,""rounds"":11}",
        62,         0,         0,   0.004,pymatching,b6e3714279fa4d6e0b5096a25a7c87ca9bb12204811c2c9990504be90ed24c04,"{""basis"":""x"",""d"":11,""noise_model"":""uniform_circuit_level"",""p"":0.003,""rounds"":11}",
       471,         0,         0,   0.026,pymatching,b6e3714279fa4d6e0b5096a25a7c87ca9bb12204811c2c9990504be90ed24c04,"{""basis"":""x"",""d"":11,""noise_model"":""uniform_circuit_level"",""p"":0.003,""rounds"":11}",
      1653,         1,         0,   0.092,pymatching,b6e3714279fa4d6e0b5096a25a7c87ca9bb12204811c2c9990504be90ed24c04,"{""basis"":""x"",""d"":11,""noise_model"":""uniform_circuit_level"",""p"":0.003,""rounds"":11}",
        19,         0,         0,   0.001,pymatching,b6e3714279fa4d6e0b5096a25a7c87ca9bb12204811c2c9990504be90ed24c04,"{""basis"":""x"",""d"":11,""noise_model"":""uniform_circuit_level"",""p"":0.003,""rounds"":11}",
       703,         0,         0,   0.035,pymatching,b6e3714279fa4d6e0b5096a25a7c87ca9bb12204811c2c9990504be90ed24c04,"{""basis"":""x"",""d"":11,""noise_model"":""uniform_circuit_level"",""p"":0.003,""rounds"":11}",
       118,         0,         0,   0.006,pymatching,b6e3714279fa4d6e0b5096a25a7c87ca9bb12204811c2c9990504be90ed24c04,"{""basis"":""x"",""d"":11,""noise_model"":""uniform_circuit_level"",""p"":0.003,""rounds"":11}",
       168,         0,         0,   0.007,pymatching,b6e3714279fa4d6e0b5096a25a7c87ca9bb12204811c2c9990504be90ed24c04,"{""basis"":""x"",""d"":11,""noise_model"":""uniform_circuit_level"",""p"":0.003,""rounds"":11}",
      1363,         0,         0,   0.082,pymatching,b6e3714279fa4d6e0b5096a25a7c87ca9bb12204811c2c9990504be90ed24c04,"{""basis"":""x"",""d"":11,""noise_model"":""uniform_circuit_level"",""p"":0.003,""rounds"":11}",
       130,         0,         0,   0.007,pymatching,b6e3714279fa4d6e0b5096a25a7c87ca9bb12204811c2c9990504be90ed24c04,"{""basis"":""x"",""d"":11,""noise_model"":""uniform_circuit_level"",""p"":0.003,""rounds"":11}",
      1363,         0,         0,   0.070,pymatching,b6e3714279fa4d6e0b5096a25a7c87ca9bb12204811c2c9990504be90ed24c04,"{""basis"":""x"",""d"":11,""noise_model"":""uniform_circuit_level"",""p"":0.003,""rounds"":11}",
      2991,         0,         0,   0.180,pymatching,b6e3714279fa4d6e0b5096a25a7c87ca9bb12204811c2c9990504be90ed24c04,"{""basis"":""x"",""d"":11,""noise_model"":""uniform_circuit_level"",""p"":0.003,""rounds"":11}",
      2048,         0,         0,   0.110,pymatching,b6e3714279fa4d6e0b5096a25a7c87ca9bb12204811c2c9990504be90ed24c04,"{""basis"":""x"",""d"":11,""noise_model"":""uniform_circuit_level"",""p"":0.003,""rounds"":11}",
      1821,         0,         0,   0.093,pymatching,b6e3714279fa4d6e0b5096a25a7c87ca9bb12204811c2c9990504be90ed24c04,"{""basis"":""x"",""d"":11,""noise_model"":""uniform_circuit_level"",""p"":0.003,""rounds"":11}",
      1653,         0,         0,   0.082,pymatching,b6e3714279fa4d6e0b5096a25a7c87ca9bb12204811c2c9990504be90ed24c04,"{""basis"":""x"",""d"":11,""noise_model"":""uniform_circuit_level"",""p"":0.003,""rounds"":11}",
      1653,         2,         0,   0.086,pymatching,b6e3714279fa4d6e0b5096a25a7c87ca9bb12204811c2c9990504be90ed24c04,"{""basis"":""x"",""d"":11,""noise_model"":""uniform_circuit_level"",""p"":0.003,""rounds"":11}",
      1821,         0,         0,   0.091,pymatching,b6e3714279fa4d6e0b5096a25a7c87ca9bb12204811c2c9990504be90ed24c04,"{""basis"":""x"",""d"":11,""noise_model"":""uniform_circuit_level"",""p"":0.003,""rounds"":11}",
      1821,         2,         0,   0.093,pymatching,b6e3714279fa4d6e0b5096a25a7c87ca9bb12204811c2c9990504be90ed24c04,"{""basis"":""x"",""d"":11,""noise_model"":""uniform_circuit_level"",""p"":0.003,""rounds"":11}",
       830,         0,         0,   0.040,pymatching,b6e3714279fa4d6e0b5096a25a7c87ca9bb12204811c2c9990504be90ed24c04,"{""basis"":""x"",""d"":11,""noise_model"":""uniform_circuit_level"",""p"":0.003,""rounds"":11}",
       139,         0,         0,   0.005,pymatching,b6e3714279fa4d6e0b5096a25a7c87ca9bb12204811c2c9990504be90ed24c04,"{""basis"":""x"",""d"":11,""noise_model"":""uniform_circuit_level"",""p"":0.003,""rounds"":11}",
      1920,         1,         0,   0.099,pymatching,b6e3714279fa4d6e0b5096a25a7c87ca9bb12204811c2c9990504be90ed24c04,"{""basis"":""x"",""d"":11,""noise_model"":""uniform_circuit_level"",""p"":0.003,""rounds"":11}",
        26,         0,         0,   0.001,pymatching,b6e3714279fa4d6e0b5096a25a7c87ca9bb12204811c2c9990504be90ed24c04,"{""basis"":""x"",""d"":11,""noise_model"":""uniform_circuit_level"",""p"":0.003,""rounds"":11}",
       344,         0,         0,   0.013,pymatching,b6e3714279fa4d6e0b5096a25a7c87ca9bb12204811c2c9990504be90ed24c04,"{""basis"":""x"",""d"":11,""noise_model"":""uniform_circuit_level"",""p"":0.003,""rounds"":11}",
        26,         0,         0,   0.002,pymatching,b6e3714279fa4d6e0b5096a25a7c87ca9bb12204811c2c9990504be90ed24c04,"{""basis"":""x"",""d"":11,""noise_model"":""uniform_circuit_level"",""p"":0.003,""rounds"":11}",
         6,         0,         0,   0.000,pymatching,b6e3714279fa4d6e0b5096a25a7c87ca9bb12204811c2c9990504be90ed24c04,"{""basis"":""x"",""d"":11,""noise_model"":""uniform_circuit_level"",""p"":0.003,""rounds"":11}",
         6,         0,         0,   0.001,pymatching,b6e3714279fa4d6e0b5096a25a7c87ca9bb12204811c2c9990504be90ed24c04,"{""basis"":""x"",""d"":11,""noise_model"":""uniform_circuit_level"",""p"":0.003,""rounds"":11}",
        14,         0,         0,   0.001,pymatching,b6e3714279fa4d6e0b5096a25a7c87ca9bb12204811c2c9990504be90ed24c04,"{""basis"":""x"",""d"":11,""noise_model"":""uniform_circuit_level"",""p"":0.003,""rounds"":11}",
       344,         0,         0,   0.013,pymatching,b6e3714279fa4d6e0b5096a25a7c87ca9bb12204811c2c9990504be90ed24c04,"{""basis"":""x"",""d"":11,""noise_model"":""uniform_circuit_level"",""p"":0.003,""rounds"":11}",
        14,         0,         0,   0.001,pymatching,b6e3714279fa4d6e0b5096a25a7c87ca9bb12204811c2c9990504be90ed24c04,"{""basis"":""x"",""d"":11,""noise_model"":""uniform_circuit_level"",""p"":0.003,""rounds"":11}",
         2,         0,         0,   0.000,pymatching,b6e3714279fa4d6e0b5096a25a7c87ca9bb12204811c2c9990504be90ed24c04,"{""basis"":""x"",""d"":11,""noise_model"":""uniform_circuit_level"",""p"":0.003,""rounds"":11}",
         1,         0,         0,   0.000,pymatching,b6e3714279fa4d6e0b5096a25a7c87ca9bb12204811c2c9990504be90ed24c04,"{""basis"":""x"",""d"":11,""noise_model"":""uniform_circuit_level"",""p"":0.003,""rounds"":11}",
         1,         0,         0,   0.000,pymatching,b6e3714279fa4d6e0b5096a25a7c87ca9bb12204811c2c9990504be90ed24c04,"{""basis"":""x"",""d"":11,""noise_model"":""uniform_circuit_level"",""p"":0.003,""rounds"":11}",
         1,         0,         0,   0.000,pymatching,b6e3714279fa4d6e0b5096a25a7c87ca9bb12204811c2c9990504be90ed24c04,"{""basis"":""x"",""d"":11,""noise_model"":""uniform_circuit_level"",""p"":0.003,""rounds"":11}",
         1,         0,         0,   0.000,pymatching,b6e3714279fa4d6e0b5096a25a7c87ca9bb12204811c2c9990504be90ed24c04,"{""basis"":""x"",""d"":11,""noise_model"":""uniform_circuit_level"",""p"":0.003,""rounds"":11}",
         1,         0,         0,   0.000,pymatching,b6e3714279fa4d6e0b5096a25a7c87ca9bb12204811c2c9990504be90ed24c04,"{""basis"":""x"",""d"":11,""noise_model"":""uniform_circuit_level"",""p"":0.003,""rounds"":11}",
         1,         0,         0,   0.001,pymatching,b6e3714279fa4d6e0b5096a25a7c87ca9bb12204811c2c9990504be90ed24c04,"{""basis"":""x"",""d"":11,""noise_model"":""uniform_circuit_level"",""p"":0.003,""rounds"":11}",
         1,         0,         0,   0.000,pymatching,b6e3714279fa4d6e0b5096a25a7c87ca9bb12204811c2c9990504be90ed24c04,"{""basis"":""x"",""d"":11,""noise_model"":""uniform_circuit_level"",""p"":0.003,""rounds"":11}",
         1,         0,         0,   0.000,pymatching,b6e3714279fa4d6e0b5096a25a7c87ca9bb12204811c2c9990504be90ed24c04,"{""basis"":""x"",""d"":11,""noise_model"":""uniform_circuit_level"",""p"":0.003,""rounds"":11}",
         1,         0,         0,   0.000,pymatching,b6e3714279fa4d6e0b5096a25a7c87ca9bb12204811c2c9990504be90ed24c04,"{""basis"":""x"",""d"":11,""noise_model"":""uniform_circuit_level"",""p"":0.003,""rounds"":11}",
         1,         0,         0,   0.000,pymatching,b6e3714279fa4d6e0b5096a25a7c87ca9bb12204811c2c9990504be90ed24c04,"{""basis"":""x"",""d"":11,""noise_model"":""uniform_circuit_level"",""p"":0.003,""rounds"":11}",
         1,         0,         0,   0.000,pymatching,b6e3714279fa4d6e0b5096a25a7c87ca9bb12204811c2c9990504be90ed24c04,"{""basis"":""x"",""d"":11,""noise_model"":""uniform_circuit_level"",""p"":0.003,""rounds"":11}",
         1,         0,         0,   0.000,pymatching,b6e3714279fa4d6e0b5096a25a7c87ca9bb12204811c2c9990504be90ed24c04,"{""basis"":""x"",""d"":11,""noise_model"":""uniform_circuit_level"",""p"":0.003,""rounds"":11}",
         1,         0,         0,   0.000,pymatching,b6e3714279fa4d6e0b5096a25a7c87ca9bb12204811c2c9990504be90ed24c04,"{""basis"":""x"",""d"":11,""noise_model"":""uniform_circuit_level"",""p"":0.003,""rounds"":11}",
         1,         0,         0,   0.000,pymatching,b6e3714279fa4d6e0b5096a25a7c87ca9bb12204811c2c9990504be90ed24c04,"{""basis"":""x"",""d"":11,""noise_model"":""uniform_circuit_level"",""p"":0.003,""rounds"":11}",
         1,         0,         0,   0.000,pymatching,b6e3714279fa4d6e0b5096a25a7c87ca9bb12204811c2c9990504be90ed24c04,"{""basis"":""x"",""d"":11,""noise_model"":""uniform_circuit_level"",""p"":0.003,""rounds"":11}",
         1,         0,         0,   0.000,pymatching,b6e3714279fa4d6e0b5096a25a7c87ca9bb12204811c2c9990504be90ed24c04,"{""basis"":""x"",""d"":11,""noise_model"":""uniform_circuit_level"",""p"":0.003,""rounds"":11}",
         1,         0,         0,   0.000,pymatching,b6e3714279fa4d6e0b5096a25a7c87ca9bb12204811c2c9990504be90ed24c04,"{""basis"":""x"",""d"":11,""noise_model"":""uniform_circuit_level"",""p"":0.003,""rounds"":11}",
         1,         0,         0,   0.000,pymatching,b6e3714279fa4d6e0b5096a25a7c87ca9bb12204811c2c9990504be90ed24c04,"{""basis"":""x"",""d"":11,""noise_model"":""uniform_circuit_level"",""p"":0.003,""rounds"":11}",
         1,         0,         0,   0.000,pymatching,b6e3714279fa4d6e0b5096a25a7c87ca9bb12204811c2c9990504be90ed24c04,"{""basis"":""x"",""d"":11,""noise_model"":""uniform_circuit_level"",""p"":0.003,""rounds"":11}",
         1,         0,         0,   0.000,pymatching,b6e3714279fa4d6e0b5096a25a7c87ca9bb12204811c2c9990504be90ed24c04,"{""basis"":""x"",""d"":11,""noise_model"":""uniform_circuit_level"",""p"":0.003,""rounds"":11}",
         1,         0,         0,   0.000,pymatching,b6e3714279fa4d6e0b5096a25a7c87ca9bb12204811c2c9990504be90ed24c04,"{""basis"":""x"",""d"":11,""noise_model"":""uniform_circuit_level"",""p"":0.003,""rounds"":11}",
         1,         0,         0,   0.000,pymatching,b6e3714279fa4d6e0b5096a25a7c87ca9bb12204811c2c9990504be90ed24c04,"{""basis"":""x"",""d"":11,""noise_model"":""uniform_circuit_level"",""p"":0.003,""rounds"":11}",
